Date,Start_Hour,End_Hour,Day_of_Year,Day_Name,Month_Name,Season,Production
2022-12-18 00:00:00,21,22,352,Sunday,December,Winter,11400
2024-01-29 00:00:00,14,15,29,Monday,January,Winter,7917
2024-08-01 00:00:00,15,16,214,Thursday,August,Summer,8835
2020-11-10 00:00:00,1,2,315,Tuesday,November,Fall,989
2022-12-19 00:00:00,1,2,353,Monday,December,Winter,12526
2024-10-18 00:00:00,13,14,292,Friday,October,Fall,4855
2020-04-10 00:00:00,17,18,101,Friday,April,Spring,3692
2023-01-25 00:00:00,0,1,25,Wednesday,January,Winter,2156
2021-12-12 00:00:00,12,13,346,Sunday,December,Winter,5813
2020-10-11 00:00:00,13,14,285,Sunday,October,Fall,6106
2024-01-08 00:00:00,23,0,8,Monday,January,Winter,5515
2020-01-08 00:00:00,18,19,8,Wednesday,January,Winter,2785
2022-01-29 00:00:00,20,21,29,Saturday,January,Winter,8498
2021-06-02 00:00:00,15,16,153,Wednesday,June,Summer,5561
2024-06-11 00:00:00,7,8,163,Tuesday,June,Summer,2328
2020-06-05 00:00:00,21,22,157,Friday,June,Summer,6664
2021-05-02 00:00:00,13,14,122,Sunday,May,Spring,4993
2022-01-13 00:00:00,0,1,13,Thursday,January,Winter,3276
2020-07-24 00:00:00,3,4,206,Friday,July,Summer,1739
2024-08-29 00:00:00,5,6,242,Thursday,August,Summer,2083
2024-01-03 00:00:00,0,1,3,Wednesday,January,Winter,17272
2024-04-02 00:00:00,2,3,93,Tuesday,April,Spring,12285
2020-07-29 00:00:00,16,17,211,Wednesday,July,Summer,3480
2024-11-05 00:00:00,6,7,310,Tuesday,November,Fall,1690
2022-10-24 00:00:00,8,9,297,Monday,October,Fall,11508
2023-02-27 00:00:00,10,11,58,Monday,February,Winter,15692
2020-04-02 00:00:00,15,16,93,Thursday,April,Spring,4169
2020-05-13 00:00:00,3,4,134,Wednesday,May,Spring,3174
2023-11-22 00:00:00,14,15,326,Wednesday,November,Fall,7314
2021-09-11 00:00:00,11,12,254,Saturday,September,Fall,4969
2025-04-07 00:00:00,15,16,97,Monday,April,Spring,9862
2025-07-27 00:00:00,22,23,208,Sunday,July,Summer,3862
2021-03-11 00:00:00,13,14,70,Thursday,March,Spring,16144
2022-04-30 00:00:00,16,17,120,Saturday,April,Spring,8188
2023-01-19 00:00:00,23,0,19,Thursday,January,Winter,1710
2022-09-11 00:00:00,4,5,254,Sunday,September,Fall,472
2021-09-25 00:00:00,16,17,268,Saturday,September,Fall,3402
2020-08-08 00:00:00,12,13,221,Saturday,August,Summer,3996
2021-06-08 00:00:00,1,2,159,Tuesday,June,Summer,1148
2024-06-10 00:00:00,21,22,162,Monday,June,Summer,4062
2020-06-18 00:00:00,0,1,170,Thursday,June,Summer,1443
2023-05-30 00:00:00,17,18,150,Tuesday,May,Spring,13363
2022-02-17 00:00:00,1,2,48,Thursday,February,Winter,15609
2022-05-11 00:00:00,19,20,131,Wednesday,May,Spring,8878
2024-05-07 00:00:00,7,8,128,Tuesday,May,Spring,2974
2025-11-22 00:00:00,12,13,326,Saturday,November,Fall,12324
2021-04-09 00:00:00,21,22,99,Friday,April,Spring,5279
2021-12-24 00:00:00,11,12,358,Friday,December,Winter,3872
2023-03-11 00:00:00,12,13,70,Saturday,March,Spring,6406
2021-08-13 00:00:00,13,14,225,Friday,August,Summer,5323
2021-02-01 00:00:00,15,16,32,Monday,February,Winter,7166
2023-09-11 00:00:00,13,14,254,Monday,September,Fall,7117
2020-07-01 00:00:00,13,14,183,Wednesday,July,Summer,5874
2025-03-10 00:00:00,9,10,69,Monday,March,Spring,4807
2023-06-23 00:00:00,15,16,174,Friday,June,Summer,7976
2023-02-09 00:00:00,13,14,40,Thursday,February,Winter,5168
2020-05-24 00:00:00,0,1,145,Sunday,May,Spring,4384
2021-07-26 00:00:00,23,0,207,Monday,July,Summer,1465
2020-09-28 00:00:00,6,7,272,Monday,September,Fall,3962
2021-08-25 00:00:00,0,1,237,Wednesday,August,Summer,6786
2021-12-16 00:00:00,14,15,350,Thursday,December,Winter,5553
2022-03-11 00:00:00,22,23,70,Friday,March,Spring,10557
2020-04-13 00:00:00,17,18,104,Monday,April,Spring,10961
2022-10-04 00:00:00,23,0,277,Tuesday,October,Fall,2160
2025-06-12 00:00:00,1,2,163,Thursday,June,Summer,8382
2022-08-18 00:00:00,10,11,230,Thursday,August,Summer,3688
2025-10-25 00:00:00,18,19,298,Saturday,October,Fall,8209
2023-10-24 00:00:00,22,23,297,Tuesday,October,Fall,6448
2021-10-13 00:00:00,18,19,286,Wednesday,October,Fall,2194
2025-07-19 00:00:00,11,12,200,Saturday,July,Summer,10173
2021-06-01 00:00:00,5,6,152,Tuesday,June,Summer,5221
2022-06-30 00:00:00,22,23,181,Thursday,June,Summer,2181
2020-01-04 00:00:00,5,6,4,Saturday,January,Winter,3143
2020-04-23 00:00:00,3,4,114,Thursday,April,Spring,2541
2021-09-19 00:00:00,9,10,262,Sunday,September,Fall,4133
2021-02-01 00:00:00,5,6,32,Monday,February,Winter,5020
2022-07-08 00:00:00,8,9,189,Friday,July,Summer,3748
2025-07-08 00:00:00,13,14,189,Tuesday,July,Summer,13125
2021-07-07 00:00:00,14,15,188,Wednesday,July,Summer,5096
2020-01-22 00:00:00,15,16,22,Wednesday,January,Winter,4074
2025-06-28 00:00:00,17,18,179,Saturday,June,Summer,7681
2021-02-25 00:00:00,3,4,56,Thursday,February,Winter,4820
2021-05-22 00:00:00,17,18,142,Saturday,May,Spring,10961
2022-02-16 00:00:00,5,6,47,Wednesday,February,Winter,14822
2023-06-22 00:00:00,4,5,173,Thursday,June,Summer,3376
2022-06-18 00:00:00,22,23,169,Saturday,June,Summer,8199
2022-06-08 00:00:00,15,16,159,Wednesday,June,Summer,10512
2022-12-01 00:00:00,3,4,335,Thursday,December,Winter,3869
2023-04-17 00:00:00,16,17,107,Monday,April,Spring,10404
2020-12-09 00:00:00,9,10,344,Wednesday,December,Winter,3334
2023-02-07 00:00:00,18,19,38,Tuesday,February,Winter,5042
2020-09-28 00:00:00,20,21,272,Monday,September,Fall,4228
2023-02-12 00:00:00,15,16,43,Sunday,February,Winter,5718
2023-11-23 00:00:00,2,3,327,Thursday,November,Fall,2948
2024-12-12 00:00:00,19,20,347,Thursday,December,Winter,3528
2025-05-11 00:00:00,1,2,131,Sunday,May,Spring,7504
2024-05-30 00:00:00,19,20,151,Thursday,May,Spring,8561
2024-07-29 00:00:00,16,17,211,Monday,July,Summer,8215
2024-08-27 00:00:00,23,0,240,Tuesday,August,Summer,3000
2021-11-13 00:00:00,9,10,317,Saturday,November,Fall,5084
2021-09-20 00:00:00,19,20,263,Monday,September,Fall,3112
2023-02-13 00:00:00,12,13,44,Monday,February,Winter,6722
2020-11-14 00:00:00,2,3,319,Saturday,November,Fall,4362
2025-01-29 00:00:00,0,1,29,Wednesday,January,Winter,18199
2022-03-02 00:00:00,4,5,61,Wednesday,March,Spring,2961
2025-06-06 00:00:00,16,17,157,Friday,June,Summer,7448
2025-07-15 00:00:00,2,3,196,Tuesday,July,Summer,3144
2022-05-15 00:00:00,15,16,135,Sunday,May,Spring,9252
2024-06-06 00:00:00,16,17,158,Thursday,June,Summer,7935
2020-12-01 00:00:00,6,7,336,Tuesday,December,Winter,7577
2020-02-01 00:00:00,20,21,32,Saturday,February,Winter,10073
2022-12-05 00:00:00,7,8,339,Monday,December,Winter,723
2021-11-02 00:00:00,17,18,306,Tuesday,November,Fall,1723
2024-03-30 00:00:00,15,16,90,Saturday,March,Spring,7864
2020-05-07 00:00:00,14,15,128,Thursday,May,Spring,4403
2024-07-22 00:00:00,4,5,204,Monday,July,Summer,3323
2022-01-23 00:00:00,23,0,23,Sunday,January,Winter,3658
2024-04-16 00:00:00,8,9,107,Tuesday,April,Spring,14410
2021-02-02 00:00:00,17,18,33,Tuesday,February,Winter,9228
2025-04-06 00:00:00,12,13,96,Sunday,April,Spring,8484
2025-10-24 00:00:00,20,21,297,Friday,October,Fall,12993
2024-09-12 00:00:00,19,20,256,Thursday,September,Fall,4668
2021-06-01 00:00:00,20,21,152,Tuesday,June,Summer,3220
2022-06-10 00:00:00,4,5,161,Friday,June,Summer,2337
2024-05-12 00:00:00,4,5,133,Sunday,May,Spring,3727
2025-11-01 00:00:00,1,2,305,Saturday,November,Fall,13837
2022-05-29 00:00:00,9,10,149,Sunday,May,Spring,7338
2023-08-30 00:00:00,18,19,242,Wednesday,August,Summer,7641
2023-04-29 00:00:00,20,21,119,Saturday,April,Spring,2453
2022-05-22 00:00:00,15,16,142,Sunday,May,Spring,5188
2022-08-12 00:00:00,12,13,224,Friday,August,Summer,8910
2020-08-31 00:00:00,13,14,244,Monday,August,Summer,4731
2020-09-17 00:00:00,1,2,261,Thursday,September,Fall,5365
2023-05-13 00:00:00,10,11,133,Saturday,May,Spring,7155
2021-10-16 00:00:00,15,16,289,Saturday,October,Fall,4121
2022-01-04 00:00:00,8,9,4,Tuesday,January,Winter,6398
2024-11-10 00:00:00,22,23,315,Sunday,November,Fall,2532
2022-04-25 00:00:00,21,22,115,Monday,April,Spring,2493
2021-05-14 00:00:00,11,12,134,Friday,May,Spring,7152
2020-10-14 00:00:00,8,9,288,Wednesday,October,Fall,3082
2021-09-29 00:00:00,13,14,272,Wednesday,September,Fall,11398
2020-02-02 00:00:00,2,3,33,Sunday,February,Winter,6412
2021-07-10 00:00:00,19,20,191,Saturday,July,Summer,3038
2022-06-09 00:00:00,0,1,160,Thursday,June,Summer,6305
2021-12-04 00:00:00,2,3,338,Saturday,December,Winter,8913
2020-08-05 00:00:00,4,5,218,Wednesday,August,Summer,1018
2020-01-22 00:00:00,16,17,22,Wednesday,January,Winter,3930
2024-02-21 00:00:00,0,1,52,Wednesday,February,Winter,3618
2021-01-01 00:00:00,12,13,1,Friday,January,Winter,1994
2021-07-20 00:00:00,22,23,201,Tuesday,July,Summer,3054
2025-07-09 00:00:00,11,12,190,Wednesday,July,Summer,9719
2024-12-08 00:00:00,6,7,343,Sunday,December,Winter,16946
2024-10-21 00:00:00,20,21,295,Monday,October,Fall,4621
2025-07-03 00:00:00,13,14,184,Thursday,July,Summer,9835
2022-06-03 00:00:00,8,9,154,Friday,June,Summer,3026
2022-06-15 00:00:00,13,14,166,Wednesday,June,Summer,6208
2022-03-18 00:00:00,5,6,77,Friday,March,Spring,8159
2021-03-09 00:00:00,8,9,68,Tuesday,March,Spring,2948
2022-02-17 00:00:00,19,20,48,Thursday,February,Winter,8507
2021-11-11 00:00:00,5,6,315,Thursday,November,Fall,982
2020-06-06 00:00:00,1,2,158,Saturday,June,Summer,5766
2020-10-24 00:00:00,8,9,298,Saturday,October,Fall,8585
2023-09-18 00:00:00,9,10,261,Monday,September,Fall,8347
2025-11-24 00:00:00,7,8,328,Monday,November,Fall,8309
2021-09-09 00:00:00,1,2,252,Thursday,September,Fall,2685
2025-09-25 00:00:00,18,19,268,Thursday,September,Fall,3302
2021-05-12 00:00:00,17,18,132,Wednesday,May,Spring,4435
2022-06-02 00:00:00,9,10,153,Thursday,June,Summer,4378
2025-01-14 00:00:00,15,16,14,Tuesday,January,Winter,4353
2023-03-22 00:00:00,14,15,81,Wednesday,March,Spring,15456
2024-07-07 00:00:00,19,20,189,Sunday,July,Summer,4892
2021-01-28 00:00:00,4,5,28,Thursday,January,Winter,9675
2025-02-12 00:00:00,1,2,43,Wednesday,February,Winter,2685
2021-08-25 00:00:00,14,15,237,Wednesday,August,Summer,9454
2023-07-17 00:00:00,6,7,198,Monday,July,Summer,2269
2025-06-25 00:00:00,13,14,176,Wednesday,June,Summer,9397
2021-03-03 00:00:00,9,10,62,Wednesday,March,Spring,1845
2021-06-22 00:00:00,14,15,173,Tuesday,June,Summer,6749
2025-03-19 00:00:00,13,14,78,Wednesday,March,Spring,13786
2020-05-31 00:00:00,19,20,152,Sunday,May,Spring,5250
2020-02-21 00:00:00,16,17,52,Friday,February,Winter,7148
2023-06-04 00:00:00,8,9,155,Sunday,June,Summer,4706
2025-03-03 00:00:00,18,19,62,Monday,March,Spring,2282
2025-08-17 00:00:00,12,13,229,Sunday,August,Summer,11455
2020-01-03 00:00:00,21,22,3,Friday,January,Winter,4570
2023-05-19 00:00:00,18,19,139,Friday,May,Spring,8236
2021-04-03 00:00:00,5,6,93,Saturday,April,Spring,7508
2025-07-16 00:00:00,12,13,197,Wednesday,July,Summer,16160
2024-06-08 00:00:00,5,6,160,Saturday,June,Summer,2141
2022-09-29 00:00:00,15,16,272,Thursday,September,Fall,3999
2024-09-19 00:00:00,8,9,263,Thursday,September,Fall,8855
2021-05-23 00:00:00,20,21,143,Sunday,May,Spring,6519
2024-11-19 00:00:00,2,3,324,Tuesday,November,Fall,16568
2025-11-02 00:00:00,12,13,306,Sunday,November,Fall,17124
2020-03-06 00:00:00,19,20,66,Friday,March,Spring,4409
2025-09-24 00:00:00,14,15,267,Wednesday,September,Fall,10617
2021-03-06 00:00:00,0,1,65,Saturday,March,Spring,6907
2024-01-08 00:00:00,1,2,8,Monday,January,Winter,11458
2024-01-29 00:00:00,9,10,29,Monday,January,Winter,8026
2024-06-08 00:00:00,21,22,160,Saturday,June,Summer,2990
2020-09-05 00:00:00,2,3,249,Saturday,September,Fall,2313
2023-08-29 00:00:00,16,17,241,Tuesday,August,Summer,6026
2023-03-31 00:00:00,21,22,90,Friday,March,Spring,17308
2021-08-02 00:00:00,12,13,214,Monday,August,Summer,4915
2021-11-12 00:00:00,19,20,316,Friday,November,Fall,4622
2024-04-07 00:00:00,13,14,98,Sunday,April,Spring,6534
2022-08-23 00:00:00,20,21,235,Tuesday,August,Summer,692
2025-03-31 00:00:00,12,13,90,Monday,March,Spring,12441
2024-12-12 00:00:00,23,0,347,Thursday,December,Winter,3205
2023-10-30 00:00:00,14,15,303,Monday,October,Fall,6382
2025-07-13 00:00:00,23,0,194,Sunday,July,Summer,2819
2020-03-10 00:00:00,16,17,70,Tuesday,March,Spring,12787
2021-01-09 00:00:00,3,4,9,Saturday,January,Winter,2353
2021-04-02 00:00:00,2,3,92,Friday,April,Spring,7071
2022-11-24 00:00:00,21,22,328,Thursday,November,Fall,10233
2025-08-04 00:00:00,4,5,216,Monday,August,Summer,2819
2021-09-24 00:00:00,10,11,267,Friday,September,Fall,3708
2020-11-14 00:00:00,14,15,319,Saturday,November,Fall,9092
2025-02-12 00:00:00,11,12,43,Wednesday,February,Winter,3734
2024-11-18 00:00:00,17,18,323,Monday,November,Fall,7419
2025-08-25 00:00:00,11,12,237,Monday,August,Summer,7160
2025-11-11 00:00:00,13,14,315,Tuesday,November,Fall,13901
2021-09-15 00:00:00,9,10,258,Wednesday,September,Fall,2675
2022-08-21 00:00:00,7,8,233,Sunday,August,Summer,794
2025-11-14 00:00:00,3,4,318,Friday,November,Fall,10916
2022-04-30 00:00:00,10,11,120,Saturday,April,Spring,6810
2022-10-09 00:00:00,3,4,282,Sunday,October,Fall,4965
2024-04-26 00:00:00,0,1,117,Friday,April,Spring,2294
2022-03-12 00:00:00,15,16,71,Saturday,March,Spring,9696
2023-02-21 00:00:00,12,13,52,Tuesday,February,Winter,4252
2023-03-29 00:00:00,11,12,88,Wednesday,March,Spring,8491
2021-04-27 00:00:00,22,23,117,Tuesday,April,Spring,2003
2020-02-17 00:00:00,4,5,48,Monday,February,Winter,6453
2024-01-19 00:00:00,23,0,19,Friday,January,Winter,3521
2025-03-31 00:00:00,7,8,90,Monday,March,Spring,5090
2021-11-02 00:00:00,12,13,306,Tuesday,November,Fall,6192
2022-11-11 00:00:00,7,8,315,Friday,November,Fall,3461
2021-10-26 00:00:00,12,13,299,Tuesday,October,Fall,5605
2022-09-22 00:00:00,19,20,265,Thursday,September,Fall,399
2025-05-11 00:00:00,13,14,131,Sunday,May,Spring,4563
2022-01-28 00:00:00,1,2,28,Friday,January,Winter,2439
2022-11-20 00:00:00,10,11,324,Sunday,November,Fall,9228
2022-07-12 00:00:00,1,2,193,Tuesday,July,Summer,4082
2024-11-24 00:00:00,12,13,329,Sunday,November,Fall,22929
2020-02-01 00:00:00,4,5,32,Saturday,February,Winter,9131
2024-11-06 00:00:00,5,6,311,Wednesday,November,Fall,189
2021-10-28 00:00:00,9,10,301,Thursday,October,Fall,6796
2020-10-22 00:00:00,12,13,296,Thursday,October,Fall,5144
2022-03-10 00:00:00,0,1,69,Thursday,March,Spring,6808
2021-11-03 00:00:00,5,6,307,Wednesday,November,Fall,3819
2024-12-08 00:00:00,2,3,343,Sunday,December,Winter,16670
2020-06-03 00:00:00,5,6,155,Wednesday,June,Summer,631
2020-06-27 00:00:00,11,12,179,Saturday,June,Summer,9506
2021-06-04 00:00:00,3,4,155,Friday,June,Summer,1527
2020-11-17 00:00:00,22,23,322,Tuesday,November,Fall,2667
2021-10-21 00:00:00,8,9,294,Thursday,October,Fall,11321
2021-08-19 00:00:00,23,0,231,Thursday,August,Summer,940
2020-06-04 00:00:00,23,0,156,Thursday,June,Summer,2918
2023-08-14 00:00:00,11,12,226,Monday,August,Summer,7955
2024-05-13 00:00:00,3,4,134,Monday,May,Spring,2321
2024-08-11 00:00:00,16,17,224,Sunday,August,Summer,5870
2021-05-04 00:00:00,7,8,124,Tuesday,May,Spring,13322
2025-04-26 00:00:00,11,12,116,Saturday,April,Spring,4018
2020-01-21 00:00:00,18,19,21,Tuesday,January,Winter,3303
2021-11-02 00:00:00,19,20,306,Tuesday,November,Fall,2311
2023-07-29 00:00:00,1,2,210,Saturday,July,Summer,3618
2023-05-21 00:00:00,8,9,141,Sunday,May,Spring,4686
2025-02-07 00:00:00,18,19,38,Friday,February,Winter,9119
2022-07-25 00:00:00,11,12,206,Monday,July,Summer,10186
2024-10-16 00:00:00,16,17,290,Wednesday,October,Fall,11196
2022-01-11 00:00:00,18,19,11,Tuesday,January,Winter,2621
2024-04-19 00:00:00,2,3,110,Friday,April,Spring,6475
2024-07-28 00:00:00,23,0,210,Sunday,July,Summer,6281
2025-04-05 00:00:00,18,19,95,Saturday,April,Spring,8043
2022-01-04 00:00:00,20,21,4,Tuesday,January,Winter,9372
2023-07-06 00:00:00,4,5,187,Thursday,July,Summer,1028
2024-03-22 00:00:00,23,0,82,Friday,March,Spring,7326
2024-01-16 00:00:00,9,10,16,Tuesday,January,Winter,2207
2024-05-08 00:00:00,20,21,129,Wednesday,May,Spring,3372
2025-01-26 00:00:00,19,20,26,Sunday,January,Winter,19633
2020-07-20 00:00:00,7,8,202,Monday,July,Summer,3155
2024-03-02 00:00:00,1,2,62,Saturday,March,Spring,11147
2021-05-17 00:00:00,13,14,137,Monday,May,Spring,15419
2024-09-22 00:00:00,4,5,266,Sunday,September,Fall,3577
2021-07-18 00:00:00,3,4,199,Sunday,July,Summer,5140
2020-03-20 00:00:00,15,16,80,Friday,March,Spring,7700
2025-04-14 00:00:00,23,0,104,Monday,April,Spring,5469
2020-02-19 00:00:00,7,8,50,Wednesday,February,Winter,7659
2021-11-21 00:00:00,4,5,325,Sunday,November,Fall,556
2023-10-25 00:00:00,10,11,298,Wednesday,October,Fall,10951
2023-07-16 00:00:00,19,20,197,Sunday,July,Summer,5612
2020-07-22 00:00:00,12,13,204,Wednesday,July,Summer,3790
2024-03-08 00:00:00,1,2,68,Friday,March,Spring,10506
2020-12-10 00:00:00,14,15,345,Thursday,December,Winter,3341
2022-06-19 00:00:00,8,9,170,Sunday,June,Summer,7096
2024-10-23 00:00:00,20,21,297,Wednesday,October,Fall,5480
2024-06-11 00:00:00,23,0,163,Tuesday,June,Summer,2863
2021-09-09 00:00:00,5,6,252,Thursday,September,Fall,1689
2020-06-11 00:00:00,15,16,163,Thursday,June,Summer,5051
2024-06-07 00:00:00,4,5,159,Friday,June,Summer,1976
2024-03-26 00:00:00,23,0,86,Tuesday,March,Spring,8226
2022-02-09 00:00:00,9,10,40,Wednesday,February,Winter,4407
2025-02-15 00:00:00,20,21,46,Saturday,February,Winter,5334
2021-04-28 00:00:00,6,7,118,Wednesday,April,Spring,857
2020-08-27 00:00:00,11,12,240,Thursday,August,Summer,4553
2024-10-01 00:00:00,7,8,275,Tuesday,October,Fall,6398
2021-05-21 00:00:00,0,1,141,Friday,May,Spring,9704
2021-12-05 00:00:00,22,23,339,Sunday,December,Winter,4707
2022-08-01 00:00:00,14,15,213,Monday,August,Summer,6729
2022-09-18 00:00:00,23,0,261,Sunday,September,Fall,4648
2025-01-14 00:00:00,4,5,14,Tuesday,January,Winter,2738
2025-01-04 00:00:00,9,10,4,Saturday,January,Winter,4819
2020-08-23 00:00:00,20,21,236,Sunday,August,Summer,3074
2022-12-11 00:00:00,11,12,345,Sunday,December,Winter,4059
2024-07-05 00:00:00,2,3,187,Friday,July,Summer,3591
2021-07-12 00:00:00,10,11,193,Monday,July,Summer,3055
2022-12-04 00:00:00,18,19,338,Sunday,December,Winter,1267
2023-09-29 00:00:00,15,16,272,Friday,September,Fall,10069
2024-10-06 00:00:00,10,11,280,Sunday,October,Fall,7982
2023-02-27 00:00:00,20,21,58,Monday,February,Winter,11622
2021-06-06 00:00:00,7,8,157,Sunday,June,Summer,2047
2022-04-06 00:00:00,17,18,96,Wednesday,April,Spring,13616
2025-01-29 00:00:00,14,15,29,Wednesday,January,Winter,13601
2024-10-30 00:00:00,21,22,304,Wednesday,October,Fall,3374
2024-06-14 00:00:00,18,19,166,Friday,June,Summer,11508
2024-02-05 00:00:00,19,20,36,Monday,February,Winter,7217
2020-11-16 00:00:00,2,3,321,Monday,November,Fall,9712
2025-11-03 00:00:00,12,13,307,Monday,November,Fall,14275
2023-05-28 00:00:00,22,23,148,Sunday,May,Spring,9225
2020-01-24 00:00:00,22,23,24,Friday,January,Winter,628
2022-02-04 00:00:00,5,6,35,Friday,February,Winter,6025
2020-01-02 00:00:00,18,19,2,Thursday,January,Winter,5346
2022-08-30 00:00:00,0,1,242,Tuesday,August,Summer,5425
2025-11-29 00:00:00,0,1,333,Saturday,November,Fall,5241
2025-05-14 00:00:00,10,11,134,Wednesday,May,Spring,7025
2024-12-25 00:00:00,2,3,360,Wednesday,December,Winter,1698
2024-09-16 00:00:00,11,12,260,Monday,September,Fall,8063
2020-06-13 00:00:00,2,3,165,Saturday,June,Summer,3116
2025-05-26 00:00:00,10,11,146,Monday,May,Spring,10578
2022-01-29 00:00:00,9,10,29,Saturday,January,Winter,8062
2021-08-29 00:00:00,7,8,241,Sunday,August,Summer,3373
2023-08-17 00:00:00,4,5,229,Thursday,August,Summer,2138
2021-11-01 00:00:00,16,17,305,Monday,November,Fall,6650
2025-04-27 00:00:00,13,14,117,Sunday,April,Spring,4171
2020-03-25 00:00:00,20,21,85,Wednesday,March,Spring,7278
2025-11-13 00:00:00,13,14,317,Thursday,November,Fall,10055
2022-10-29 00:00:00,9,10,302,Saturday,October,Fall,8680
2025-05-12 00:00:00,3,4,132,Monday,May,Spring,2071
2021-12-26 00:00:00,18,19,360,Sunday,December,Winter,2979
2022-11-27 00:00:00,5,6,331,Sunday,November,Fall,6949
2025-06-10 00:00:00,19,20,161,Tuesday,June,Summer,4337
2020-01-14 00:00:00,11,12,14,Tuesday,January,Winter,13956
2025-04-19 00:00:00,14,15,109,Saturday,April,Spring,4692
2022-10-16 00:00:00,4,5,289,Sunday,October,Fall,3203
2025-11-08 00:00:00,12,13,312,Saturday,November,Fall,5483
2023-06-03 00:00:00,0,1,154,Saturday,June,Summer,7045
2022-12-21 00:00:00,4,5,355,Wednesday,December,Winter,5289
2022-08-15 00:00:00,6,7,227,Monday,August,Summer,2354
2025-06-14 00:00:00,21,22,165,Saturday,June,Summer,2617
2021-11-11 00:00:00,19,20,315,Thursday,November,Fall,904
2024-04-02 00:00:00,19,20,93,Tuesday,April,Spring,9355
2024-12-03 00:00:00,0,1,338,Tuesday,December,Winter,6322
2021-08-18 00:00:00,10,11,230,Wednesday,August,Summer,4153
2022-02-18 00:00:00,0,1,49,Friday,February,Winter,6361
2020-06-15 00:00:00,9,10,167,Monday,June,Summer,3227
2020-06-06 00:00:00,3,4,158,Saturday,June,Summer,5774
2022-10-31 00:00:00,6,7,304,Monday,October,Fall,3071
2023-08-02 00:00:00,18,19,214,Wednesday,August,Summer,18182
2023-06-08 00:00:00,6,7,159,Thursday,June,Summer,4578
2024-04-21 00:00:00,15,16,112,Sunday,April,Spring,10808
2025-11-02 00:00:00,9,10,306,Sunday,November,Fall,11230
2023-01-11 00:00:00,22,23,11,Wednesday,January,Winter,15390
2020-03-19 00:00:00,11,12,79,Thursday,March,Spring,3951
2025-08-17 00:00:00,8,9,229,Sunday,August,Summer,6183
2020-08-07 00:00:00,6,7,220,Friday,August,Summer,2021
2025-11-22 00:00:00,9,10,326,Saturday,November,Fall,8243
2025-09-04 00:00:00,5,6,247,Thursday,September,Fall,6876
2020-07-22 00:00:00,10,11,204,Wednesday,July,Summer,2606
2021-04-26 00:00:00,3,4,116,Monday,April,Spring,9366
2021-08-19 00:00:00,4,5,231,Thursday,August,Summer,1485
2022-10-25 00:00:00,14,15,298,Tuesday,October,Fall,5213
2020-04-06 00:00:00,9,10,97,Monday,April,Spring,6188
2023-07-08 00:00:00,15,16,189,Saturday,July,Summer,8194
2020-05-10 00:00:00,10,11,131,Sunday,May,Spring,2276
2020-01-17 00:00:00,1,2,17,Friday,January,Winter,9434
2024-01-10 00:00:00,9,10,10,Wednesday,January,Winter,2524
2022-03-29 00:00:00,14,15,88,Tuesday,March,Spring,4278
2022-12-07 00:00:00,14,15,341,Wednesday,December,Winter,3789
2024-06-06 00:00:00,1,2,158,Thursday,June,Summer,1268
2020-01-30 00:00:00,6,7,30,Thursday,January,Winter,6684
2020-08-18 00:00:00,9,10,231,Tuesday,August,Summer,1797
2024-12-12 00:00:00,7,8,347,Thursday,December,Winter,3380
2022-04-04 00:00:00,23,0,94,Monday,April,Spring,8520
2025-10-13 00:00:00,4,5,286,Monday,October,Fall,6073
2024-06-18 00:00:00,4,5,170,Tuesday,June,Summer,2793
2022-05-10 00:00:00,6,7,130,Tuesday,May,Spring,2478
2023-04-26 00:00:00,15,16,116,Wednesday,April,Spring,4624
2021-06-16 00:00:00,2,3,167,Wednesday,June,Summer,1499
2021-09-03 00:00:00,6,7,246,Friday,September,Fall,2094
2025-04-07 00:00:00,3,4,97,Monday,April,Spring,6184
2020-07-21 00:00:00,8,9,203,Tuesday,July,Summer,3014
2022-05-12 00:00:00,10,11,132,Thursday,May,Spring,4025
2022-12-22 00:00:00,11,12,356,Thursday,December,Winter,13135
2024-10-08 00:00:00,22,23,282,Tuesday,October,Fall,13096
2021-06-13 00:00:00,5,6,164,Sunday,June,Summer,2592
2021-03-09 00:00:00,22,23,68,Tuesday,March,Spring,2083
2022-01-03 00:00:00,17,18,3,Monday,January,Winter,8634
2025-02-15 00:00:00,21,22,46,Saturday,February,Winter,5507
2021-12-03 00:00:00,13,14,337,Friday,December,Winter,13277
2021-05-07 00:00:00,8,9,127,Friday,May,Spring,3061
2025-06-27 00:00:00,2,3,178,Friday,June,Summer,3511
2020-02-01 00:00:00,11,12,32,Saturday,February,Winter,11252
2020-07-01 00:00:00,20,21,183,Wednesday,July,Summer,4054
2023-05-01 00:00:00,20,21,121,Monday,May,Spring,3856
2025-07-08 00:00:00,18,19,189,Tuesday,July,Summer,8997
2021-02-18 00:00:00,20,21,49,Thursday,February,Winter,6214
2022-11-28 00:00:00,13,14,332,Monday,November,Fall,5047
2021-07-01 00:00:00,17,18,182,Thursday,July,Summer,3901
2023-11-15 00:00:00,20,21,319,Wednesday,November,Fall,4554
2021-01-14 00:00:00,10,11,14,Thursday,January,Winter,8411
2020-05-27 00:00:00,11,12,148,Wednesday,May,Spring,5832
2020-04-16 00:00:00,21,22,107,Thursday,April,Spring,1491
2020-06-29 00:00:00,16,17,181,Monday,June,Summer,10010
2024-04-02 00:00:00,6,7,93,Tuesday,April,Spring,13175
2022-05-08 00:00:00,1,2,128,Sunday,May,Spring,4285
2023-12-29 00:00:00,15,16,363,Friday,December,Winter,13922
2024-03-15 00:00:00,3,4,75,Friday,March,Spring,10445
2021-06-07 00:00:00,6,7,158,Monday,June,Summer,1268
2020-03-31 00:00:00,17,18,91,Tuesday,March,Spring,10262
2021-09-13 00:00:00,1,2,256,Monday,September,Fall,2586
2023-01-16 00:00:00,14,15,16,Monday,January,Winter,16385
2021-02-01 00:00:00,20,21,32,Monday,February,Winter,3405
2022-09-13 00:00:00,5,6,256,Tuesday,September,Fall,1654
2023-07-29 00:00:00,15,16,210,Saturday,July,Summer,11966
2020-08-09 00:00:00,16,17,222,Sunday,August,Summer,3364
2021-09-23 00:00:00,1,2,266,Thursday,September,Fall,1404
2021-03-18 00:00:00,9,10,77,Thursday,March,Spring,4597
2024-01-13 00:00:00,0,1,13,Saturday,January,Winter,2503
2023-06-27 00:00:00,6,7,178,Tuesday,June,Summer,2239
2023-12-15 00:00:00,0,1,349,Friday,December,Winter,2968
2023-06-12 00:00:00,19,20,163,Monday,June,Summer,3168
2020-12-14 00:00:00,6,7,349,Monday,December,Winter,8437
2023-05-04 00:00:00,13,14,124,Thursday,May,Spring,11275
2022-01-06 00:00:00,11,12,6,Thursday,January,Winter,5010
2023-05-05 00:00:00,6,7,125,Friday,May,Spring,2188
2021-03-24 00:00:00,19,20,83,Wednesday,March,Spring,2191
2020-11-06 00:00:00,5,6,311,Friday,November,Fall,6584
2025-10-13 00:00:00,0,1,286,Monday,October,Fall,7395
2025-04-09 00:00:00,22,23,99,Wednesday,April,Spring,11401
2022-06-13 00:00:00,3,4,164,Monday,June,Summer,3888
2020-12-06 00:00:00,0,1,341,Sunday,December,Winter,3896
2022-12-26 00:00:00,23,0,360,Monday,December,Winter,5200
2022-07-07 00:00:00,18,19,188,Thursday,July,Summer,8067
2021-09-27 00:00:00,16,17,270,Monday,September,Fall,10010
2024-01-29 00:00:00,18,19,29,Monday,January,Winter,7099
2024-03-25 00:00:00,21,22,85,Monday,March,Spring,8820
2022-12-27 00:00:00,9,10,361,Tuesday,December,Winter,4677
2021-12-03 00:00:00,18,19,337,Friday,December,Winter,11102
2023-04-04 00:00:00,15,16,94,Tuesday,April,Spring,10833
2024-03-28 00:00:00,7,8,88,Thursday,March,Spring,15504
2022-12-23 00:00:00,0,1,357,Friday,December,Winter,11216
2025-04-27 00:00:00,22,23,117,Sunday,April,Spring,3364
2020-04-20 00:00:00,0,1,111,Monday,April,Spring,5506
2022-10-17 00:00:00,12,13,290,Monday,October,Fall,6996
2025-01-02 00:00:00,0,1,2,Thursday,January,Winter,12035
2020-07-24 00:00:00,15,16,206,Friday,July,Summer,6901
2020-11-21 00:00:00,10,11,326,Saturday,November,Fall,4830
2022-08-22 00:00:00,19,20,234,Monday,August,Summer,2515
2022-12-29 00:00:00,4,5,363,Thursday,December,Winter,11261
2022-11-11 00:00:00,23,0,315,Friday,November,Fall,4623
2021-07-15 00:00:00,23,0,196,Thursday,July,Summer,5085
2020-06-29 00:00:00,18,19,181,Monday,June,Summer,8918
2020-11-02 00:00:00,17,18,307,Monday,November,Fall,8515
2022-06-08 00:00:00,14,15,159,Wednesday,June,Summer,10122
2020-11-27 00:00:00,1,2,332,Friday,November,Fall,1637
2022-03-01 00:00:00,18,19,60,Tuesday,March,Spring,1775
2025-08-19 00:00:00,16,17,231,Tuesday,August,Summer,6355
2022-11-13 00:00:00,22,23,317,Sunday,November,Fall,2673
2025-11-06 00:00:00,21,22,310,Thursday,November,Fall,2696
2022-07-13 00:00:00,12,13,194,Wednesday,July,Summer,6334
2021-12-27 00:00:00,9,10,361,Monday,December,Winter,8156
2021-10-25 00:00:00,20,21,298,Monday,October,Fall,3029
2023-09-12 00:00:00,4,5,255,Tuesday,September,Fall,705
2023-04-02 00:00:00,4,5,92,Sunday,April,Spring,8890
2021-09-28 00:00:00,2,3,271,Tuesday,September,Fall,2108
2024-05-17 00:00:00,14,15,138,Friday,May,Spring,7184
2025-11-13 00:00:00,1,2,317,Thursday,November,Fall,12913
2020-10-13 00:00:00,16,17,287,Tuesday,October,Fall,5579
2021-02-17 00:00:00,22,23,48,Wednesday,February,Winter,7964
2020-10-09 00:00:00,18,19,283,Friday,October,Fall,3322
2025-02-19 00:00:00,20,21,50,Wednesday,February,Winter,7629
2021-11-16 00:00:00,16,17,320,Tuesday,November,Fall,1087
2020-12-30 00:00:00,23,0,365,Wednesday,December,Winter,5476
2022-07-14 00:00:00,14,15,195,Thursday,July,Summer,8923
2023-03-19 00:00:00,13,14,78,Sunday,March,Spring,7895
2024-07-24 00:00:00,11,12,206,Wednesday,July,Summer,6845
2024-10-31 00:00:00,20,21,305,Thursday,October,Fall,1073
2023-05-09 00:00:00,19,20,129,Tuesday,May,Spring,7431
2021-03-09 00:00:00,6,7,68,Tuesday,March,Spring,2088
2024-05-06 00:00:00,20,21,127,Monday,May,Spring,3270
2022-10-26 00:00:00,17,18,299,Wednesday,October,Fall,3223
2021-12-07 00:00:00,12,13,341,Tuesday,December,Winter,11221
2024-05-05 00:00:00,23,0,126,Sunday,May,Spring,2081
2023-04-23 00:00:00,18,19,113,Sunday,April,Spring,14741
2022-11-02 00:00:00,19,20,306,Wednesday,November,Fall,7737
2021-03-14 00:00:00,15,16,73,Sunday,March,Spring,13538
2021-11-29 00:00:00,10,11,333,Monday,November,Fall,3702
2025-06-14 00:00:00,14,15,165,Saturday,June,Summer,4546
2024-04-28 00:00:00,9,10,119,Sunday,April,Spring,7916
2020-05-13 00:00:00,1,2,134,Wednesday,May,Spring,3264
2025-06-04 00:00:00,16,17,155,Wednesday,June,Summer,8625
2024-06-23 00:00:00,12,13,175,Sunday,June,Summer,4144
2024-01-24 00:00:00,10,11,24,Wednesday,January,Winter,15539
2021-10-14 00:00:00,4,5,287,Thursday,October,Fall,1720
2021-10-08 00:00:00,23,0,281,Friday,October,Fall,5380
2023-03-17 00:00:00,23,0,76,Friday,March,Spring,6418
2023-08-28 00:00:00,5,6,240,Monday,August,Summer,2801
2022-09-07 00:00:00,12,13,250,Wednesday,September,Fall,7186
2023-12-23 00:00:00,11,12,357,Saturday,December,Winter,15819
2023-08-05 00:00:00,10,11,217,Saturday,August,Summer,11382
2023-05-28 00:00:00,23,0,148,Sunday,May,Spring,9894
2022-07-20 00:00:00,1,2,201,Wednesday,July,Summer,3765
2023-01-18 00:00:00,2,3,18,Wednesday,January,Winter,4661
2024-09-29 00:00:00,2,3,273,Sunday,September,Fall,1731
2024-02-23 00:00:00,12,13,54,Friday,February,Winter,16403
2021-10-04 00:00:00,23,0,277,Monday,October,Fall,7024
2025-10-20 00:00:00,0,1,293,Monday,October,Fall,13425
2023-03-24 00:00:00,8,9,83,Friday,March,Spring,12405
2020-07-23 00:00:00,18,19,205,Thursday,July,Summer,1954
2020-05-13 00:00:00,23,0,134,Wednesday,May,Spring,7165
2022-09-06 00:00:00,23,0,249,Tuesday,September,Fall,2214
2021-02-17 00:00:00,7,8,48,Wednesday,February,Winter,7775
2021-05-29 00:00:00,12,13,149,Saturday,May,Spring,6169
2024-07-25 00:00:00,21,22,207,Thursday,July,Summer,2257
2022-04-16 00:00:00,20,21,106,Saturday,April,Spring,6001
2020-07-28 00:00:00,5,6,210,Tuesday,July,Summer,4107
2021-05-31 00:00:00,19,20,151,Monday,May,Spring,3587
2024-06-27 00:00:00,21,22,179,Thursday,June,Summer,4170
2021-10-23 00:00:00,22,23,296,Saturday,October,Fall,3701
2022-11-22 00:00:00,20,21,326,Tuesday,November,Fall,10307
2020-03-26 00:00:00,20,21,86,Thursday,March,Spring,4960
2020-08-09 00:00:00,7,8,222,Sunday,August,Summer,963
2025-11-23 00:00:00,22,23,327,Sunday,November,Fall,6568
2022-06-17 00:00:00,3,4,168,Friday,June,Summer,3147
2020-09-06 00:00:00,6,7,250,Sunday,September,Fall,1309
2023-01-08 00:00:00,12,13,8,Sunday,January,Winter,13363
2020-05-27 00:00:00,2,3,148,Wednesday,May,Spring,4422
2023-12-29 00:00:00,12,13,363,Friday,December,Winter,15941
2022-01-06 00:00:00,3,4,6,Thursday,January,Winter,2846
2025-03-08 00:00:00,0,1,67,Saturday,March,Spring,10805
2023-06-25 00:00:00,16,17,176,Sunday,June,Summer,8815
2023-10-31 00:00:00,12,13,304,Tuesday,October,Fall,11825
2021-04-18 00:00:00,7,8,108,Sunday,April,Spring,2893
2020-05-05 00:00:00,14,15,126,Tuesday,May,Spring,6849
2023-05-03 00:00:00,9,10,123,Wednesday,May,Spring,7624
2023-09-03 00:00:00,19,20,246,Sunday,September,Fall,5905
2024-10-25 00:00:00,21,22,299,Friday,October,Fall,1798
2022-05-11 00:00:00,6,7,131,Wednesday,May,Spring,3550
2025-01-30 00:00:00,14,15,30,Thursday,January,Winter,8803
2020-04-29 00:00:00,5,6,120,Wednesday,April,Spring,4808
2020-04-03 00:00:00,5,6,94,Friday,April,Spring,2053
2020-05-14 00:00:00,1,2,135,Thursday,May,Spring,7248
2020-08-22 00:00:00,9,10,235,Saturday,August,Summer,7218
2021-04-24 00:00:00,19,20,114,Saturday,April,Spring,6192
2025-06-26 00:00:00,17,18,177,Thursday,June,Summer,14166
2020-10-07 00:00:00,20,21,281,Wednesday,October,Fall,4044
2020-02-11 00:00:00,13,14,42,Tuesday,February,Winter,14541
2024-10-21 00:00:00,23,0,295,Monday,October,Fall,6386
2022-08-07 00:00:00,8,9,219,Sunday,August,Summer,5411
2021-01-08 00:00:00,7,8,8,Friday,January,Winter,1043
2020-03-27 00:00:00,12,13,87,Friday,March,Spring,5875
2022-09-14 00:00:00,13,14,257,Wednesday,September,Fall,6213
2021-02-09 00:00:00,17,18,40,Tuesday,February,Winter,5404
2021-04-25 00:00:00,5,6,115,Sunday,April,Spring,8275
2022-12-20 00:00:00,1,2,354,Tuesday,December,Winter,13886
2023-03-15 00:00:00,8,9,74,Wednesday,March,Spring,3420
2024-01-09 00:00:00,18,19,9,Tuesday,January,Winter,3646
2021-06-05 00:00:00,15,16,156,Saturday,June,Summer,5731
2024-11-28 00:00:00,22,23,333,Thursday,November,Fall,4321
2020-04-28 00:00:00,3,4,119,Tuesday,April,Spring,3006
2025-10-08 00:00:00,2,3,281,Wednesday,October,Fall,730
2025-07-24 00:00:00,12,13,205,Thursday,July,Summer,8701
2021-05-18 00:00:00,20,21,138,Tuesday,May,Spring,3351
2023-04-07 00:00:00,6,7,97,Friday,April,Spring,1998
2022-02-28 00:00:00,18,19,59,Monday,February,Winter,2179
2023-11-03 00:00:00,23,0,307,Friday,November,Fall,10599
2021-04-28 00:00:00,23,0,118,Wednesday,April,Spring,2245
2023-10-22 00:00:00,19,20,295,Sunday,October,Fall,1963
2023-12-04 00:00:00,16,17,338,Monday,December,Winter,14332
2023-03-12 00:00:00,10,11,71,Sunday,March,Spring,11363
2024-06-10 00:00:00,16,17,162,Monday,June,Summer,9028
2023-12-07 00:00:00,7,8,341,Thursday,December,Winter,7243
2020-01-11 00:00:00,13,14,11,Saturday,January,Winter,6243
2022-06-20 00:00:00,18,19,171,Monday,June,Summer,6057
2021-12-09 00:00:00,12,13,343,Thursday,December,Winter,6822
2021-10-22 00:00:00,4,5,295,Friday,October,Fall,2148
2023-08-18 00:00:00,12,13,230,Friday,August,Summer,7556
2020-08-26 00:00:00,15,16,239,Wednesday,August,Summer,10494
2023-05-17 00:00:00,1,2,137,Wednesday,May,Spring,7393
2024-12-10 00:00:00,14,15,345,Tuesday,December,Winter,9436
2023-09-04 00:00:00,16,17,247,Monday,September,Fall,10840
2023-06-15 00:00:00,21,22,166,Thursday,June,Summer,2306
2021-01-12 00:00:00,6,7,12,Tuesday,January,Winter,12614
2021-04-23 00:00:00,7,8,113,Friday,April,Spring,5325
2020-05-28 00:00:00,21,22,149,Thursday,May,Spring,4838
2023-04-17 00:00:00,0,1,107,Monday,April,Spring,3728
2020-01-12 00:00:00,6,7,12,Sunday,January,Winter,7023
2024-11-29 00:00:00,4,5,334,Friday,November,Fall,7114
2025-04-28 00:00:00,20,21,118,Monday,April,Spring,4319
2020-06-10 00:00:00,10,11,162,Wednesday,June,Summer,3435
2025-02-15 00:00:00,17,18,46,Saturday,February,Winter,3299
2023-03-25 00:00:00,18,19,84,Saturday,March,Spring,9938
2021-10-04 00:00:00,19,20,277,Monday,October,Fall,4512
2023-08-03 00:00:00,6,7,215,Thursday,August,Summer,11952
2022-08-27 00:00:00,1,2,239,Saturday,August,Summer,2886
2021-02-08 00:00:00,17,18,39,Monday,February,Winter,1809
2023-02-05 00:00:00,16,17,36,Sunday,February,Winter,10704
2021-04-27 00:00:00,21,22,117,Tuesday,April,Spring,1594
2021-12-08 00:00:00,1,2,342,Wednesday,December,Winter,10646
2022-09-29 00:00:00,21,22,272,Thursday,September,Fall,1181
2025-08-14 00:00:00,0,1,226,Thursday,August,Summer,3432
2023-08-12 00:00:00,8,9,224,Saturday,August,Summer,2514
2022-04-25 00:00:00,0,1,115,Monday,April,Spring,3834
2025-03-12 00:00:00,6,7,71,Wednesday,March,Spring,2812
2023-01-02 00:00:00,23,0,2,Monday,January,Winter,4165
2021-06-23 00:00:00,23,0,174,Wednesday,June,Summer,2524
2024-01-27 00:00:00,14,15,27,Saturday,January,Winter,5047
2022-04-19 00:00:00,12,13,109,Tuesday,April,Spring,5004
2020-11-02 00:00:00,6,7,307,Monday,November,Fall,11975
2025-02-25 00:00:00,22,23,56,Tuesday,February,Winter,11904
2025-09-30 00:00:00,4,5,273,Tuesday,September,Fall,1402
2023-03-18 00:00:00,22,23,77,Saturday,March,Spring,3908
2020-11-25 00:00:00,7,8,330,Wednesday,November,Fall,6287
2020-11-11 00:00:00,15,16,316,Wednesday,November,Fall,3805
2022-05-26 00:00:00,5,6,146,Thursday,May,Spring,3427
2020-04-27 00:00:00,20,21,118,Monday,April,Spring,2041
2021-07-26 00:00:00,6,7,207,Monday,July,Summer,1744
2024-07-01 00:00:00,7,8,183,Monday,July,Summer,2190
2022-10-13 00:00:00,12,13,286,Thursday,October,Fall,6261
2021-04-09 00:00:00,18,19,99,Friday,April,Spring,5113
2021-10-10 00:00:00,0,1,283,Sunday,October,Fall,2713
2023-04-22 00:00:00,11,12,112,Saturday,April,Spring,8274
2022-01-22 00:00:00,23,0,22,Saturday,January,Winter,1705
2024-10-06 00:00:00,21,22,280,Sunday,October,Fall,8155
2020-05-04 00:00:00,4,5,125,Monday,May,Spring,772
2022-11-06 00:00:00,5,6,310,Sunday,November,Fall,7347
2024-08-16 00:00:00,12,13,229,Friday,August,Summer,8933
2020-12-15 00:00:00,16,17,350,Tuesday,December,Winter,2633
2021-01-04 00:00:00,19,20,4,Monday,January,Winter,3018
2022-02-17 00:00:00,15,16,48,Thursday,February,Winter,14562
2020-02-22 00:00:00,7,8,53,Saturday,February,Winter,8585
2025-02-03 00:00:00,12,13,34,Monday,February,Winter,6618
2022-05-16 00:00:00,12,13,136,Monday,May,Spring,7824
2025-03-20 00:00:00,15,16,79,Thursday,March,Spring,8861
2021-10-08 00:00:00,17,18,281,Friday,October,Fall,6180
2025-01-11 00:00:00,4,5,11,Saturday,January,Winter,2047
2024-10-29 00:00:00,3,4,303,Tuesday,October,Fall,1443
2021-05-25 00:00:00,8,9,145,Tuesday,May,Spring,9963
2022-04-20 00:00:00,18,19,110,Wednesday,April,Spring,4079
2023-07-28 00:00:00,20,21,209,Friday,July,Summer,4401
2022-01-25 00:00:00,8,9,25,Tuesday,January,Winter,376
2024-11-12 00:00:00,0,1,317,Tuesday,November,Fall,8295
2021-07-02 00:00:00,4,5,183,Friday,July,Summer,524
2022-04-30 00:00:00,22,23,120,Saturday,April,Spring,4244
2024-03-18 00:00:00,6,7,78,Monday,March,Spring,2178
2023-12-28 00:00:00,23,0,362,Thursday,December,Winter,13532
2023-04-04 00:00:00,22,23,94,Tuesday,April,Spring,4225
2022-06-19 00:00:00,19,20,170,Sunday,June,Summer,7351
2021-10-27 00:00:00,12,13,300,Wednesday,October,Fall,5370
2025-01-24 00:00:00,16,17,24,Friday,January,Winter,14158
2021-06-22 00:00:00,21,22,173,Tuesday,June,Summer,3591
2021-07-25 00:00:00,18,19,206,Sunday,July,Summer,5105
2021-12-01 00:00:00,7,8,335,Wednesday,December,Winter,13835
2020-03-01 00:00:00,20,21,61,Sunday,March,Spring,8419
2024-03-28 00:00:00,4,5,88,Thursday,March,Spring,14967
2020-01-03 00:00:00,22,23,3,Friday,January,Winter,4207
2024-11-25 00:00:00,23,0,330,Monday,November,Fall,6573
2023-05-05 00:00:00,15,16,125,Friday,May,Spring,8449
2025-04-27 00:00:00,5,6,117,Sunday,April,Spring,4156
2024-05-21 00:00:00,17,18,142,Tuesday,May,Spring,6724
2023-10-17 00:00:00,18,19,290,Tuesday,October,Fall,7943
2023-05-15 00:00:00,15,16,135,Monday,May,Spring,12236
2024-04-20 00:00:00,7,8,111,Saturday,April,Spring,6623
2024-04-28 00:00:00,21,22,119,Sunday,April,Spring,3181
2022-06-17 00:00:00,8,9,168,Friday,June,Summer,3818
2021-03-26 00:00:00,16,17,85,Friday,March,Spring,10584
2023-10-07 00:00:00,7,8,280,Saturday,October,Fall,2231
2025-02-02 00:00:00,13,14,33,Sunday,February,Winter,5898
2025-07-28 00:00:00,6,7,209,Monday,July,Summer,3946
2025-10-25 00:00:00,8,9,298,Saturday,October,Fall,12427
2020-12-02 00:00:00,3,4,337,Wednesday,December,Winter,4378
2022-06-10 00:00:00,10,11,161,Friday,June,Summer,6486
2024-11-17 00:00:00,19,20,322,Sunday,November,Fall,5733
2022-11-13 00:00:00,23,0,317,Sunday,November,Fall,3184
2024-06-17 00:00:00,23,0,169,Monday,June,Summer,2344
2020-10-27 00:00:00,4,5,301,Tuesday,October,Fall,5881
2025-05-06 00:00:00,22,23,126,Tuesday,May,Spring,9412
2023-07-01 00:00:00,6,7,182,Saturday,July,Summer,7665
2023-11-10 00:00:00,0,1,314,Friday,November,Fall,12598
2024-07-04 00:00:00,15,16,186,Thursday,July,Summer,8892
2021-06-15 00:00:00,2,3,166,Tuesday,June,Summer,2314
2025-08-09 00:00:00,2,3,221,Saturday,August,Summer,1411
2023-10-18 00:00:00,8,9,291,Wednesday,October,Fall,11434
2022-05-23 00:00:00,15,16,143,Monday,May,Spring,11353
2020-09-27 00:00:00,6,7,271,Sunday,September,Fall,11628
2021-04-15 00:00:00,0,1,105,Thursday,April,Spring,5536
2023-11-05 00:00:00,18,19,309,Sunday,November,Fall,13494
2022-11-03 00:00:00,23,0,307,Thursday,November,Fall,10983
2021-05-02 00:00:00,11,12,122,Sunday,May,Spring,4597
2024-02-20 00:00:00,1,2,51,Tuesday,February,Winter,3775
2024-07-11 00:00:00,15,16,193,Thursday,July,Summer,6569
2025-10-23 00:00:00,2,3,296,Thursday,October,Fall,18020
2021-06-26 00:00:00,10,11,177,Saturday,June,Summer,3463
2023-01-26 00:00:00,7,8,26,Thursday,January,Winter,2785
2024-04-21 00:00:00,5,6,112,Sunday,April,Spring,5440
2024-02-07 00:00:00,20,21,38,Wednesday,February,Winter,10078
2023-11-19 00:00:00,19,20,323,Sunday,November,Fall,12727
2020-01-14 00:00:00,5,6,14,Tuesday,January,Winter,11947
2025-10-10 00:00:00,10,11,283,Friday,October,Fall,6209
2020-05-06 00:00:00,12,13,127,Wednesday,May,Spring,5389
2023-06-11 00:00:00,17,18,162,Sunday,June,Summer,5511
2020-07-10 00:00:00,11,12,192,Friday,July,Summer,5812
2023-08-06 00:00:00,18,19,218,Sunday,August,Summer,12828
2022-09-28 00:00:00,12,13,271,Wednesday,September,Fall,6478
2025-04-17 00:00:00,21,22,107,Thursday,April,Spring,2201
2023-02-28 00:00:00,22,23,59,Tuesday,February,Winter,7116
2020-08-17 00:00:00,16,17,230,Monday,August,Summer,6027
2021-05-13 00:00:00,16,17,133,Thursday,May,Spring,4826
2020-08-28 00:00:00,16,17,241,Friday,August,Summer,8440
2021-02-28 00:00:00,1,2,59,Sunday,February,Winter,8031
2024-03-22 00:00:00,10,11,82,Friday,March,Spring,7476
2022-05-04 00:00:00,20,21,124,Wednesday,May,Spring,1854
2022-09-27 00:00:00,12,13,270,Tuesday,September,Fall,12571
2025-08-08 00:00:00,2,3,220,Friday,August,Summer,1497
2021-07-20 00:00:00,20,21,201,Tuesday,July,Summer,2246
2023-11-06 00:00:00,16,17,310,Monday,November,Fall,9657
2022-10-09 00:00:00,18,19,282,Sunday,October,Fall,2019
2021-03-03 00:00:00,17,18,62,Wednesday,March,Spring,1043
2021-06-27 00:00:00,0,1,178,Sunday,June,Summer,3833
2024-05-27 00:00:00,12,13,148,Monday,May,Spring,6999
2021-10-26 00:00:00,18,19,299,Tuesday,October,Fall,2863
2020-07-31 00:00:00,15,16,213,Friday,July,Summer,5827
2023-03-27 00:00:00,16,17,86,Monday,March,Spring,7513
2023-10-08 00:00:00,8,9,281,Sunday,October,Fall,1493
2020-07-04 00:00:00,14,15,186,Saturday,July,Summer,12039
2025-01-29 00:00:00,23,0,29,Wednesday,January,Winter,6217
2025-04-20 00:00:00,23,0,110,Sunday,April,Spring,4459
2022-09-11 00:00:00,7,8,254,Sunday,September,Fall,587
2020-02-15 00:00:00,15,16,46,Saturday,February,Winter,10985
2025-05-14 00:00:00,23,0,134,Wednesday,May,Spring,6132
2021-03-05 00:00:00,10,11,64,Friday,March,Spring,7772
2023-10-26 00:00:00,1,2,299,Thursday,October,Fall,4909
2025-10-24 00:00:00,1,2,297,Friday,October,Fall,14684
2023-10-27 00:00:00,2,3,300,Friday,October,Fall,8268
2025-06-16 00:00:00,15,16,167,Monday,June,Summer,10527
2020-01-07 00:00:00,3,4,7,Tuesday,January,Winter,3967
2025-07-22 00:00:00,0,1,203,Tuesday,July,Summer,7645
2023-03-15 00:00:00,9,10,74,Wednesday,March,Spring,4554
2020-10-06 00:00:00,11,12,280,Tuesday,October,Fall,11671
2024-10-15 00:00:00,7,8,289,Tuesday,October,Fall,3772
2025-02-18 00:00:00,19,20,49,Tuesday,February,Winter,11327
2020-11-25 00:00:00,14,15,330,Wednesday,November,Fall,4090
2024-05-22 00:00:00,23,0,143,Wednesday,May,Spring,3024
2021-01-22 00:00:00,10,11,22,Friday,January,Winter,3354
2023-09-10 00:00:00,16,17,253,Sunday,September,Fall,6517
2020-02-14 00:00:00,19,20,45,Friday,February,Winter,4429
2022-01-11 00:00:00,12,13,11,Tuesday,January,Winter,5018
2022-04-06 00:00:00,10,11,96,Wednesday,April,Spring,7764
2020-12-19 00:00:00,10,11,354,Saturday,December,Winter,10892
2023-01-24 00:00:00,12,13,24,Tuesday,January,Winter,6696
2021-07-01 00:00:00,18,19,182,Thursday,July,Summer,3022
2024-10-25 00:00:00,12,13,299,Friday,October,Fall,6893
2021-11-14 00:00:00,12,13,318,Sunday,November,Fall,4665
2021-04-17 00:00:00,4,5,107,Saturday,April,Spring,4834
2024-08-06 00:00:00,22,23,219,Tuesday,August,Summer,2097
2024-08-23 00:00:00,2,3,236,Friday,August,Summer,9509
2023-02-26 00:00:00,17,18,57,Sunday,February,Winter,18051
2023-01-07 00:00:00,5,6,7,Saturday,January,Winter,10262
2020-06-03 00:00:00,23,0,155,Wednesday,June,Summer,3683
2024-10-11 00:00:00,17,18,285,Friday,October,Fall,3556
2020-09-26 00:00:00,9,10,270,Saturday,September,Fall,11246
2020-06-11 00:00:00,22,23,163,Thursday,June,Summer,3909
2020-01-28 00:00:00,10,11,28,Tuesday,January,Winter,12987
2025-01-21 00:00:00,0,1,21,Tuesday,January,Winter,1210
2023-02-07 00:00:00,11,12,38,Tuesday,February,Winter,9517
2024-08-17 00:00:00,22,23,230,Saturday,August,Summer,2408
2020-04-07 00:00:00,19,20,98,Tuesday,April,Spring,1971
2021-11-18 00:00:00,8,9,322,Thursday,November,Fall,1817
2020-10-19 00:00:00,18,19,293,Monday,October,Fall,6659
2025-10-13 00:00:00,17,18,286,Monday,October,Fall,9362
2024-01-18 00:00:00,8,9,18,Thursday,January,Winter,7755
2020-12-09 00:00:00,3,4,344,Wednesday,December,Winter,2518
2022-05-18 00:00:00,11,12,138,Wednesday,May,Spring,5814
2021-11-26 00:00:00,14,15,330,Friday,November,Fall,12653
2022-04-21 00:00:00,4,5,111,Thursday,April,Spring,3354
2021-11-16 00:00:00,17,18,320,Tuesday,November,Fall,997
2025-03-03 00:00:00,2,3,62,Monday,March,Spring,3177
2021-11-15 00:00:00,22,23,319,Monday,November,Fall,1190
2024-01-28 00:00:00,22,23,28,Sunday,January,Winter,9203
2020-11-24 00:00:00,15,16,329,Tuesday,November,Fall,3478
2020-12-28 00:00:00,10,11,363,Monday,December,Winter,8666
2021-05-26 00:00:00,17,18,146,Wednesday,May,Spring,8501
2023-03-20 00:00:00,12,13,79,Monday,March,Spring,8613
2023-09-29 00:00:00,0,1,272,Friday,September,Fall,6503
2024-05-28 00:00:00,12,13,149,Tuesday,May,Spring,12992
2023-05-07 00:00:00,4,5,127,Sunday,May,Spring,1644
2020-03-07 00:00:00,13,14,67,Saturday,March,Spring,5851
2025-08-21 00:00:00,18,19,233,Thursday,August,Summer,9974
2023-08-16 00:00:00,7,8,228,Wednesday,August,Summer,2047
2020-11-14 00:00:00,17,18,319,Saturday,November,Fall,9187
2024-06-09 00:00:00,9,10,161,Sunday,June,Summer,2265
2024-04-28 00:00:00,14,15,119,Sunday,April,Spring,7361
2025-10-20 00:00:00,1,2,293,Monday,October,Fall,13116
2025-06-10 00:00:00,22,23,161,Tuesday,June,Summer,1822
2022-08-25 00:00:00,10,11,237,Thursday,August,Summer,4870
2025-07-11 00:00:00,13,14,192,Friday,July,Summer,13057
2020-06-19 00:00:00,8,9,171,Friday,June,Summer,2120
2023-10-02 00:00:00,1,2,275,Monday,October,Fall,2511
2024-12-24 00:00:00,6,7,359,Tuesday,December,Winter,3087
2024-06-21 00:00:00,18,19,173,Friday,June,Summer,8537
2024-11-10 00:00:00,3,4,315,Sunday,November,Fall,699
2024-06-09 00:00:00,16,17,161,Sunday,June,Summer,4699
2020-09-16 00:00:00,10,11,260,Wednesday,September,Fall,2486
2020-04-19 00:00:00,0,1,110,Sunday,April,Spring,1476
2020-05-22 00:00:00,4,5,143,Friday,May,Spring,3981
2021-01-13 00:00:00,14,15,13,Wednesday,January,Winter,8363
2020-08-26 00:00:00,22,23,239,Wednesday,August,Summer,2102
2023-01-03 00:00:00,15,16,3,Tuesday,January,Winter,9035
2024-06-01 00:00:00,0,1,153,Saturday,June,Summer,6325
2021-12-27 00:00:00,4,5,361,Monday,December,Winter,4859
2020-03-10 00:00:00,19,20,70,Tuesday,March,Spring,11560
2024-01-12 00:00:00,10,11,12,Friday,January,Winter,7101
2025-05-13 00:00:00,3,4,133,Tuesday,May,Spring,778
2023-07-11 00:00:00,12,13,192,Tuesday,July,Summer,9090
2024-05-02 00:00:00,22,23,123,Thursday,May,Spring,10099
2024-04-11 00:00:00,15,16,102,Thursday,April,Spring,7830
2024-04-02 00:00:00,3,4,93,Tuesday,April,Spring,12881
2020-01-05 00:00:00,20,21,5,Sunday,January,Winter,1866
2025-05-06 00:00:00,2,3,126,Tuesday,May,Spring,10973
2024-11-01 00:00:00,11,12,306,Friday,November,Fall,5193
2021-11-05 00:00:00,11,12,309,Friday,November,Fall,4471
2022-01-23 00:00:00,14,15,23,Sunday,January,Winter,5443
2021-07-12 00:00:00,6,7,193,Monday,July,Summer,2449
2021-12-17 00:00:00,9,10,351,Friday,December,Winter,7522
2025-04-12 00:00:00,10,11,102,Saturday,April,Spring,9316
2022-12-02 00:00:00,22,23,336,Friday,December,Winter,6777
2023-12-26 00:00:00,15,16,360,Tuesday,December,Winter,4387
2024-01-11 00:00:00,22,23,11,Thursday,January,Winter,7264
2022-01-30 00:00:00,8,9,30,Sunday,January,Winter,1935
2021-05-09 00:00:00,0,1,129,Sunday,May,Spring,6909
2024-06-08 00:00:00,8,9,160,Saturday,June,Summer,3057
2022-01-03 00:00:00,3,4,3,Monday,January,Winter,9945
2021-03-23 00:00:00,2,3,82,Tuesday,March,Spring,2209
2020-12-24 00:00:00,6,7,359,Thursday,December,Winter,10656
2024-10-10 00:00:00,19,20,284,Thursday,October,Fall,3695
2023-05-06 00:00:00,12,13,126,Saturday,May,Spring,6882
2021-06-26 00:00:00,4,5,177,Saturday,June,Summer,185
2025-09-17 00:00:00,21,22,260,Wednesday,September,Fall,2855
2023-04-24 00:00:00,16,17,114,Monday,April,Spring,9691
2020-09-06 00:00:00,10,11,250,Sunday,September,Fall,3044
2023-09-06 00:00:00,5,6,249,Wednesday,September,Fall,2295
2020-04-17 00:00:00,2,3,108,Friday,April,Spring,2140
2025-03-20 00:00:00,16,17,79,Thursday,March,Spring,7679
2021-07-16 00:00:00,11,12,197,Friday,July,Summer,6977
2025-03-18 00:00:00,10,11,77,Tuesday,March,Spring,15177
2025-09-25 00:00:00,17,18,268,Thursday,September,Fall,4486
2024-02-22 00:00:00,23,0,53,Thursday,February,Winter,15643
2022-06-20 00:00:00,13,14,171,Monday,June,Summer,7456
2022-06-12 00:00:00,8,9,163,Sunday,June,Summer,3007
2023-03-09 00:00:00,18,19,68,Thursday,March,Spring,13804
2022-05-09 00:00:00,6,7,129,Monday,May,Spring,2226
2024-05-05 00:00:00,7,8,126,Sunday,May,Spring,2579
2023-12-04 00:00:00,7,8,338,Monday,December,Winter,13712
2023-08-04 00:00:00,14,15,216,Friday,August,Summer,9711
2020-04-06 00:00:00,3,4,97,Monday,April,Spring,8031
2024-09-15 00:00:00,5,6,259,Sunday,September,Fall,3382
2021-04-05 00:00:00,3,4,95,Monday,April,Spring,3346
2024-01-27 00:00:00,3,4,27,Saturday,January,Winter,2096
2023-03-12 00:00:00,4,5,71,Sunday,March,Spring,6830
2022-06-08 00:00:00,21,22,159,Wednesday,June,Summer,6976
2021-02-17 00:00:00,13,14,48,Wednesday,February,Winter,11476
2020-08-16 00:00:00,1,2,229,Sunday,August,Summer,2149
2020-07-07 00:00:00,12,13,189,Tuesday,July,Summer,5078
2023-10-31 00:00:00,13,14,304,Tuesday,October,Fall,12274
2024-02-11 00:00:00,20,21,42,Sunday,February,Winter,8630
2025-06-12 00:00:00,10,11,163,Thursday,June,Summer,9373
2024-10-28 00:00:00,4,5,302,Monday,October,Fall,1027
2022-07-11 00:00:00,23,0,192,Monday,July,Summer,4311
2023-12-25 00:00:00,19,20,359,Monday,December,Winter,12990
2022-03-27 00:00:00,12,13,86,Sunday,March,Spring,6255
2022-02-14 00:00:00,23,0,45,Monday,February,Winter,6512
2025-01-29 00:00:00,6,7,29,Wednesday,January,Winter,12896
2021-03-12 00:00:00,0,1,71,Friday,March,Spring,12379
2022-07-05 00:00:00,2,3,186,Tuesday,July,Summer,3640
2021-08-19 00:00:00,13,14,231,Thursday,August,Summer,4835
2025-08-05 00:00:00,12,13,217,Tuesday,August,Summer,7071
2024-08-28 00:00:00,22,23,241,Wednesday,August,Summer,2348
2021-12-27 00:00:00,16,17,361,Monday,December,Winter,9445
2021-09-18 00:00:00,2,3,261,Saturday,September,Fall,1168
2025-09-23 00:00:00,14,15,266,Tuesday,September,Fall,13351
2020-03-20 00:00:00,6,7,80,Friday,March,Spring,3577
2020-04-27 00:00:00,17,18,118,Monday,April,Spring,2626
2025-03-22 00:00:00,16,17,81,Saturday,March,Spring,7212
2020-06-12 00:00:00,4,5,164,Friday,June,Summer,4286
2020-09-12 00:00:00,1,2,256,Saturday,September,Fall,1147
2021-04-18 00:00:00,11,12,108,Sunday,April,Spring,5661
2024-07-10 00:00:00,13,14,192,Wednesday,July,Summer,10399
2023-10-07 00:00:00,6,7,280,Saturday,October,Fall,1898
2024-12-08 00:00:00,8,9,343,Sunday,December,Winter,17304
2024-03-17 00:00:00,4,5,77,Sunday,March,Spring,3960
2023-09-19 00:00:00,3,4,262,Tuesday,September,Fall,3900
2020-10-21 00:00:00,9,10,295,Wednesday,October,Fall,13322
2025-09-16 00:00:00,16,17,259,Tuesday,September,Fall,13968
2022-07-08 00:00:00,18,19,189,Friday,July,Summer,6914
2022-08-29 00:00:00,20,21,241,Monday,August,Summer,3839
2024-03-07 00:00:00,9,10,67,Thursday,March,Spring,9031
2021-06-16 00:00:00,19,20,167,Wednesday,June,Summer,1787
2020-10-21 00:00:00,10,11,295,Wednesday,October,Fall,14414
2025-01-10 00:00:00,6,7,10,Friday,January,Winter,3643
2024-03-27 00:00:00,23,0,87,Wednesday,March,Spring,13594
2022-01-20 00:00:00,19,20,20,Thursday,January,Winter,5272
2023-10-23 00:00:00,20,21,296,Monday,October,Fall,4431
2023-11-13 00:00:00,2,3,317,Monday,November,Fall,10550
2023-10-24 00:00:00,13,14,297,Tuesday,October,Fall,9197
2024-09-13 00:00:00,15,16,257,Friday,September,Fall,11435
2025-05-08 00:00:00,3,4,128,Thursday,May,Spring,5647
2023-06-26 00:00:00,12,13,177,Monday,June,Summer,9710
2024-08-17 00:00:00,16,17,230,Saturday,August,Summer,5446
2022-03-09 00:00:00,15,16,68,Wednesday,March,Spring,7922
2020-11-29 00:00:00,4,5,334,Sunday,November,Fall,4505
2020-05-23 00:00:00,19,20,144,Saturday,May,Spring,7295
2022-11-04 00:00:00,23,0,308,Friday,November,Fall,4294
2024-06-02 00:00:00,23,0,154,Sunday,June,Summer,3481
2024-12-16 00:00:00,10,11,351,Monday,December,Winter,7735
2021-02-06 00:00:00,20,21,37,Saturday,February,Winter,5019
2021-11-09 00:00:00,23,0,313,Tuesday,November,Fall,871
2022-05-12 00:00:00,0,1,132,Thursday,May,Spring,5274
2020-05-11 00:00:00,18,19,132,Monday,May,Spring,11450
2021-03-11 00:00:00,10,11,70,Thursday,March,Spring,15343
2021-07-19 00:00:00,17,18,200,Monday,July,Summer,7420
2020-07-11 00:00:00,18,19,193,Saturday,July,Summer,4848
2024-03-20 00:00:00,20,21,80,Wednesday,March,Spring,1807
2025-01-29 00:00:00,5,6,29,Wednesday,January,Winter,13127
2024-02-04 00:00:00,3,4,35,Sunday,February,Winter,6061
2025-03-02 00:00:00,12,13,61,Sunday,March,Spring,12731
2025-02-06 00:00:00,2,3,37,Thursday,February,Winter,3446
2024-09-12 00:00:00,22,23,256,Thursday,September,Fall,3733
2020-04-22 00:00:00,0,1,113,Wednesday,April,Spring,4913
2020-11-02 00:00:00,10,11,307,Monday,November,Fall,12708
2022-09-17 00:00:00,17,18,260,Saturday,September,Fall,8890
2025-04-20 00:00:00,8,9,110,Sunday,April,Spring,8177
2021-01-25 00:00:00,16,17,25,Monday,January,Winter,4070
2020-12-04 00:00:00,8,9,339,Friday,December,Winter,9046
2023-08-01 00:00:00,15,16,213,Tuesday,August,Summer,16234
2022-10-31 00:00:00,23,0,304,Monday,October,Fall,12858
2022-11-12 00:00:00,12,13,316,Saturday,November,Fall,5376
2023-08-20 00:00:00,16,17,232,Sunday,August,Summer,6206
2023-06-14 00:00:00,21,22,165,Wednesday,June,Summer,3516
2022-04-23 00:00:00,11,12,113,Saturday,April,Spring,7331
2023-10-02 00:00:00,18,19,275,Monday,October,Fall,4842
2024-01-03 00:00:00,18,19,3,Wednesday,January,Winter,18044
2021-10-14 00:00:00,8,9,287,Thursday,October,Fall,2391
2020-01-12 00:00:00,7,8,12,Sunday,January,Winter,7395
2023-07-08 00:00:00,18,19,189,Saturday,July,Summer,4324
2025-04-06 00:00:00,18,19,96,Sunday,April,Spring,10223
2021-11-01 00:00:00,4,5,305,Monday,November,Fall,8718
2023-04-20 00:00:00,13,14,110,Thursday,April,Spring,12448
2024-06-29 00:00:00,23,0,181,Saturday,June,Summer,3681
2022-11-28 00:00:00,19,20,332,Monday,November,Fall,3265
2024-03-10 00:00:00,4,5,70,Sunday,March,Spring,2756
2021-03-28 00:00:00,3,4,87,Sunday,March,Spring,3508
2023-08-25 00:00:00,1,2,237,Friday,August,Summer,2215
2021-10-19 00:00:00,22,23,292,Tuesday,October,Fall,10753
2024-09-02 00:00:00,9,10,246,Monday,September,Fall,4316
2023-05-23 00:00:00,7,8,143,Tuesday,May,Spring,6042
2020-05-03 00:00:00,4,5,124,Sunday,May,Spring,1977
2024-05-09 00:00:00,4,5,130,Thursday,May,Spring,3813
2024-05-17 00:00:00,8,9,138,Friday,May,Spring,3361
2023-02-12 00:00:00,6,7,43,Sunday,February,Winter,2940
2025-07-29 00:00:00,16,17,210,Tuesday,July,Summer,10808
2021-09-29 00:00:00,23,0,272,Wednesday,September,Fall,2764
2020-07-04 00:00:00,20,21,186,Saturday,July,Summer,7973
2022-12-27 00:00:00,20,21,361,Tuesday,December,Winter,9837
2024-11-12 00:00:00,5,6,317,Tuesday,November,Fall,9736
2022-09-06 00:00:00,22,23,249,Tuesday,September,Fall,2980
2025-11-26 00:00:00,11,12,330,Wednesday,November,Fall,6772
2020-05-20 00:00:00,13,14,141,Wednesday,May,Spring,5433
2025-08-30 00:00:00,5,6,242,Saturday,August,Summer,4447
2024-04-14 00:00:00,17,18,105,Sunday,April,Spring,5047
2021-09-30 00:00:00,16,17,273,Thursday,September,Fall,6986
2024-08-25 00:00:00,2,3,238,Sunday,August,Summer,6839
2024-03-23 00:00:00,17,18,83,Saturday,March,Spring,15588
2022-03-07 00:00:00,14,15,66,Monday,March,Spring,10522
2021-08-29 00:00:00,13,14,241,Sunday,August,Summer,7380
2020-05-03 00:00:00,16,17,124,Sunday,May,Spring,4316
2025-03-04 00:00:00,6,7,63,Tuesday,March,Spring,2904
2022-08-19 00:00:00,19,20,231,Friday,August,Summer,4511
2024-11-05 00:00:00,21,22,310,Tuesday,November,Fall,91
2020-11-26 00:00:00,13,14,331,Thursday,November,Fall,3501
2023-11-22 00:00:00,20,21,326,Wednesday,November,Fall,4282
2021-03-30 00:00:00,6,7,89,Tuesday,March,Spring,2984
2025-09-25 00:00:00,7,8,268,Thursday,September,Fall,3047
2022-08-31 00:00:00,10,11,243,Wednesday,August,Summer,4337
2024-01-15 00:00:00,8,9,15,Monday,January,Winter,3779
2022-08-19 00:00:00,6,7,231,Friday,August,Summer,2570
2022-07-17 00:00:00,11,12,198,Sunday,July,Summer,8145
2022-02-14 00:00:00,8,9,45,Monday,February,Winter,11199
2020-12-07 00:00:00,0,1,342,Monday,December,Winter,1051
2025-01-03 00:00:00,20,21,3,Friday,January,Winter,3705
2024-10-10 00:00:00,6,7,284,Thursday,October,Fall,8274
2024-07-13 00:00:00,19,20,195,Saturday,July,Summer,2289
2021-10-13 00:00:00,10,11,286,Wednesday,October,Fall,4051
2021-02-19 00:00:00,7,8,50,Friday,February,Winter,5554
2025-03-08 00:00:00,20,21,67,Saturday,March,Spring,12639
2020-11-03 00:00:00,22,23,308,Tuesday,November,Fall,3571
2024-06-06 00:00:00,22,23,158,Thursday,June,Summer,2561
2024-09-30 00:00:00,16,17,274,Monday,September,Fall,11102
2020-04-11 00:00:00,2,3,102,Saturday,April,Spring,3011
2022-06-29 00:00:00,8,9,180,Wednesday,June,Summer,2385
2021-06-15 00:00:00,8,9,166,Tuesday,June,Summer,2124
2022-08-14 00:00:00,2,3,226,Sunday,August,Summer,4666
2022-05-05 00:00:00,3,4,125,Thursday,May,Spring,2050
2022-08-07 00:00:00,20,21,219,Sunday,August,Summer,6195
2024-08-31 00:00:00,16,17,244,Saturday,August,Summer,7347
2022-06-23 00:00:00,18,19,174,Thursday,June,Summer,3896
2025-08-10 00:00:00,7,8,222,Sunday,August,Summer,3182
2020-06-07 00:00:00,6,7,159,Sunday,June,Summer,2147
2021-01-01 00:00:00,4,5,1,Friday,January,Winter,998
2021-01-25 00:00:00,2,3,25,Monday,January,Winter,6191
2022-08-20 00:00:00,23,0,232,Saturday,August,Summer,981
2021-03-08 00:00:00,22,23,67,Monday,March,Spring,2943
2023-10-11 00:00:00,23,0,284,Wednesday,October,Fall,7262
2020-12-31 00:00:00,1,2,366,Thursday,December,Winter,5746
2021-03-31 00:00:00,9,10,90,Wednesday,March,Spring,3600
2020-08-23 00:00:00,13,14,236,Sunday,August,Summer,8729
2021-12-01 00:00:00,21,22,335,Wednesday,December,Winter,5719
2024-01-11 00:00:00,14,15,11,Thursday,January,Winter,8407
2022-04-19 00:00:00,21,22,109,Tuesday,April,Spring,4160
2023-07-30 00:00:00,22,23,211,Sunday,July,Summer,5928
2025-05-20 00:00:00,18,19,140,Tuesday,May,Spring,8914
2025-06-13 00:00:00,17,18,164,Friday,June,Summer,8341
2025-04-30 00:00:00,12,13,120,Wednesday,April,Spring,5410
2022-07-06 00:00:00,14,15,187,Wednesday,July,Summer,7868
2020-06-07 00:00:00,10,11,159,Sunday,June,Summer,3437
2021-02-19 00:00:00,16,17,50,Friday,February,Winter,6776
2024-05-11 00:00:00,0,1,132,Saturday,May,Spring,6497
2021-07-07 00:00:00,12,13,188,Wednesday,July,Summer,5172
2020-07-20 00:00:00,14,15,202,Monday,July,Summer,5919
2025-02-24 00:00:00,16,17,55,Monday,February,Winter,9544
2020-04-15 00:00:00,20,21,106,Wednesday,April,Spring,3450
2023-06-02 00:00:00,6,7,153,Friday,June,Summer,7517
2023-01-19 00:00:00,2,3,19,Thursday,January,Winter,3478
2021-11-16 00:00:00,19,20,320,Tuesday,November,Fall,1157
2025-07-01 00:00:00,4,5,182,Tuesday,July,Summer,1055
2023-02-21 00:00:00,9,10,52,Tuesday,February,Winter,3045
2024-08-09 00:00:00,7,8,222,Friday,August,Summer,5677
2020-03-25 00:00:00,9,10,85,Wednesday,March,Spring,4738
2024-09-19 00:00:00,15,16,263,Thursday,September,Fall,15959
2025-08-24 00:00:00,21,22,236,Sunday,August,Summer,3236
2022-03-04 00:00:00,18,19,63,Friday,March,Spring,3151
2023-07-21 00:00:00,21,22,202,Friday,July,Summer,3094
2025-07-04 00:00:00,18,19,185,Friday,July,Summer,5949
2024-01-03 00:00:00,7,8,3,Wednesday,January,Winter,17121
2025-09-14 00:00:00,18,19,257,Sunday,September,Fall,13786
2024-06-30 00:00:00,2,3,182,Sunday,June,Summer,3727
2023-12-19 00:00:00,16,17,353,Tuesday,December,Winter,12111
2022-03-26 00:00:00,13,14,85,Saturday,March,Spring,13203
2021-02-09 00:00:00,5,6,40,Tuesday,February,Winter,1784
2025-02-05 00:00:00,3,4,36,Wednesday,February,Winter,2214
2025-05-31 00:00:00,5,6,151,Saturday,May,Spring,1059
2021-10-31 00:00:00,7,8,304,Sunday,October,Fall,10139
2025-04-27 00:00:00,14,15,117,Sunday,April,Spring,4067
2022-02-13 00:00:00,21,22,44,Sunday,February,Winter,15035
2024-06-23 00:00:00,5,6,175,Sunday,June,Summer,2326
2025-04-21 00:00:00,11,12,111,Monday,April,Spring,8025
2021-03-16 00:00:00,5,6,75,Tuesday,March,Spring,3210
2023-04-29 00:00:00,2,3,119,Saturday,April,Spring,1638
2022-12-23 00:00:00,20,21,357,Friday,December,Winter,12401
2021-01-30 00:00:00,16,17,30,Saturday,January,Winter,6987
2020-07-30 00:00:00,1,2,212,Thursday,July,Summer,2163
2021-05-05 00:00:00,18,19,125,Wednesday,May,Spring,8828
2021-02-04 00:00:00,23,0,35,Thursday,February,Winter,3467
2021-01-19 00:00:00,9,10,19,Tuesday,January,Winter,11722
2023-07-21 00:00:00,23,0,202,Friday,July,Summer,3035
2023-06-08 00:00:00,4,5,159,Thursday,June,Summer,4806
2023-05-14 00:00:00,21,22,134,Sunday,May,Spring,3817
2025-06-19 00:00:00,6,7,170,Thursday,June,Summer,4893
2023-05-18 00:00:00,10,11,138,Thursday,May,Spring,7144
2025-02-15 00:00:00,7,8,46,Saturday,February,Winter,5705
2024-11-20 00:00:00,12,13,325,Wednesday,November,Fall,9330
2020-09-22 00:00:00,15,16,266,Tuesday,September,Fall,2638
2024-12-15 00:00:00,17,18,350,Sunday,December,Winter,8504
2024-11-20 00:00:00,8,9,325,Wednesday,November,Fall,5746
2023-06-14 00:00:00,0,1,165,Wednesday,June,Summer,4779
2022-03-11 00:00:00,17,18,70,Friday,March,Spring,11304
2023-04-28 00:00:00,18,19,118,Friday,April,Spring,6113
2024-04-01 00:00:00,14,15,92,Monday,April,Spring,9631
2023-09-13 00:00:00,14,15,256,Wednesday,September,Fall,5717
2021-05-29 00:00:00,10,11,149,Saturday,May,Spring,4347
2024-04-01 00:00:00,19,20,92,Monday,April,Spring,9379
2021-12-03 00:00:00,2,3,337,Friday,December,Winter,2724
2023-11-09 00:00:00,18,19,313,Thursday,November,Fall,13237
2023-01-13 00:00:00,7,8,13,Friday,January,Winter,14510
2023-01-22 00:00:00,8,9,22,Sunday,January,Winter,5974
2020-04-13 00:00:00,7,8,104,Monday,April,Spring,5354
2022-06-29 00:00:00,3,4,180,Wednesday,June,Summer,1211
2020-04-29 00:00:00,20,21,120,Wednesday,April,Spring,6006
2021-10-05 00:00:00,14,15,278,Tuesday,October,Fall,12713
2025-08-27 00:00:00,8,9,239,Wednesday,August,Summer,3210
2023-06-23 00:00:00,4,5,174,Friday,June,Summer,1872
2021-05-04 00:00:00,4,5,124,Tuesday,May,Spring,13020
2021-05-03 00:00:00,3,4,123,Monday,May,Spring,632
2023-09-10 00:00:00,2,3,253,Sunday,September,Fall,3759
2024-07-22 00:00:00,10,11,204,Monday,July,Summer,7974
2020-06-20 00:00:00,20,21,172,Saturday,June,Summer,1472
2024-09-01 00:00:00,1,2,245,Sunday,September,Fall,4179
2023-08-07 00:00:00,15,16,219,Monday,August,Summer,9917
2022-08-09 00:00:00,19,20,221,Tuesday,August,Summer,7289
2021-05-11 00:00:00,0,1,131,Tuesday,May,Spring,2157
2021-02-05 00:00:00,23,0,36,Friday,February,Winter,2434
2024-11-23 00:00:00,14,15,328,Saturday,November,Fall,19392
2025-02-04 00:00:00,18,19,35,Tuesday,February,Winter,3899
2020-12-24 00:00:00,0,1,359,Thursday,December,Winter,11579
2023-06-19 00:00:00,11,12,170,Monday,June,Summer,5286
2024-02-24 00:00:00,6,7,55,Saturday,February,Winter,7785
2023-11-20 00:00:00,20,21,324,Monday,November,Fall,8192
2021-10-26 00:00:00,10,11,299,Tuesday,October,Fall,3866
2021-09-03 00:00:00,18,19,246,Friday,September,Fall,1713
2022-08-21 00:00:00,2,3,233,Sunday,August,Summer,603
2024-05-17 00:00:00,22,23,138,Friday,May,Spring,897
2024-03-05 00:00:00,20,21,65,Tuesday,March,Spring,3263
2023-05-24 00:00:00,7,8,144,Wednesday,May,Spring,5947
2020-09-13 00:00:00,12,13,257,Sunday,September,Fall,3974
2021-10-07 00:00:00,2,3,280,Thursday,October,Fall,1888
2025-10-26 00:00:00,3,4,299,Sunday,October,Fall,9730
2024-11-13 00:00:00,19,20,318,Wednesday,November,Fall,5232
2025-03-05 00:00:00,0,1,64,Wednesday,March,Spring,2433
2022-03-17 00:00:00,0,1,76,Thursday,March,Spring,5222
2022-11-03 00:00:00,8,9,307,Thursday,November,Fall,10595
2023-04-22 00:00:00,18,19,112,Saturday,April,Spring,6589
2024-09-06 00:00:00,15,16,250,Friday,September,Fall,6409
2021-08-23 00:00:00,17,18,235,Monday,August,Summer,7555
2020-02-06 00:00:00,14,15,37,Thursday,February,Winter,4784
2020-10-24 00:00:00,21,22,298,Saturday,October,Fall,11731
2021-04-06 00:00:00,9,10,96,Tuesday,April,Spring,4798
2020-11-12 00:00:00,3,4,317,Thursday,November,Fall,7385
2021-04-22 00:00:00,5,6,112,Thursday,April,Spring,5855
2021-06-18 00:00:00,22,23,169,Friday,June,Summer,3480
2022-12-06 00:00:00,21,22,340,Tuesday,December,Winter,2155
2021-11-17 00:00:00,4,5,321,Wednesday,November,Fall,1951
2025-10-18 00:00:00,10,11,291,Saturday,October,Fall,8416
2020-04-15 00:00:00,2,3,106,Wednesday,April,Spring,6207
2020-02-17 00:00:00,22,23,48,Monday,February,Winter,10239
2025-03-16 00:00:00,4,5,75,Sunday,March,Spring,8436
2021-05-09 00:00:00,3,4,129,Sunday,May,Spring,7771
2020-08-12 00:00:00,8,9,225,Wednesday,August,Summer,2236
2021-10-13 00:00:00,22,23,286,Wednesday,October,Fall,2205
2024-09-11 00:00:00,21,22,255,Wednesday,September,Fall,5700
2024-11-07 00:00:00,8,9,312,Thursday,November,Fall,2657
2020-03-31 00:00:00,23,0,91,Tuesday,March,Spring,7111
2023-10-18 00:00:00,9,10,291,Wednesday,October,Fall,11888
2021-12-30 00:00:00,5,6,364,Thursday,December,Winter,8676
2021-06-05 00:00:00,9,10,156,Saturday,June,Summer,4441
2024-02-18 00:00:00,14,15,49,Sunday,February,Winter,13623
2020-08-07 00:00:00,11,12,220,Friday,August,Summer,3922
2024-02-12 00:00:00,22,23,43,Monday,February,Winter,3745
2024-03-09 00:00:00,4,5,69,Saturday,March,Spring,11240
2022-09-05 00:00:00,8,9,248,Monday,September,Fall,3208
2020-10-14 00:00:00,3,4,288,Wednesday,October,Fall,1902
2023-10-12 00:00:00,13,14,285,Thursday,October,Fall,9093
2023-12-20 00:00:00,0,1,354,Wednesday,December,Winter,9136
2021-11-28 00:00:00,22,23,332,Sunday,November,Fall,5114
2024-08-29 00:00:00,3,4,242,Thursday,August,Summer,2495
2023-04-22 00:00:00,9,10,112,Saturday,April,Spring,6597
2024-10-02 00:00:00,14,15,276,Wednesday,October,Fall,5400
2023-05-25 00:00:00,11,12,145,Thursday,May,Spring,14511
2024-01-21 00:00:00,17,18,21,Sunday,January,Winter,14481
2020-05-21 00:00:00,0,1,142,Thursday,May,Spring,2748
2023-03-04 00:00:00,18,19,63,Saturday,March,Spring,3131
2022-03-21 00:00:00,9,10,80,Monday,March,Spring,5460
2023-01-02 00:00:00,10,11,2,Monday,January,Winter,5987
2023-01-20 00:00:00,20,21,20,Friday,January,Winter,5467
2023-07-22 00:00:00,7,8,203,Saturday,July,Summer,2381
2025-11-17 00:00:00,9,10,321,Monday,November,Fall,8893
2025-01-15 00:00:00,22,23,15,Wednesday,January,Winter,3441
2023-10-15 00:00:00,18,19,288,Sunday,October,Fall,3213
2024-07-05 00:00:00,15,16,187,Friday,July,Summer,11741
2024-08-15 00:00:00,17,18,228,Thursday,August,Summer,8514
2021-10-01 00:00:00,13,14,274,Friday,October,Fall,9911
2022-01-21 00:00:00,4,5,21,Friday,January,Winter,4963
2022-12-19 00:00:00,7,8,353,Monday,December,Winter,13202
2025-08-13 00:00:00,5,6,225,Wednesday,August,Summer,1029
2021-12-22 00:00:00,9,10,356,Wednesday,December,Winter,3623
2025-05-26 00:00:00,17,18,146,Monday,May,Spring,10107
2024-03-19 00:00:00,21,22,79,Tuesday,March,Spring,1227
2022-01-17 00:00:00,1,2,17,Monday,January,Winter,1358
2023-10-15 00:00:00,19,20,288,Sunday,October,Fall,3573
2025-02-16 00:00:00,12,13,47,Sunday,February,Winter,8762
2022-10-07 00:00:00,2,3,280,Friday,October,Fall,1154
2021-09-15 00:00:00,4,5,258,Wednesday,September,Fall,1977
2025-03-06 00:00:00,22,23,65,Thursday,March,Spring,10880
2021-12-09 00:00:00,15,16,343,Thursday,December,Winter,5400
2023-01-02 00:00:00,0,1,2,Monday,January,Winter,11969
2021-04-17 00:00:00,23,0,107,Saturday,April,Spring,5520
2021-07-30 00:00:00,2,3,211,Friday,July,Summer,1817
2020-08-24 00:00:00,19,20,237,Monday,August,Summer,1914
2020-05-15 00:00:00,3,4,136,Friday,May,Spring,7329
2023-11-24 00:00:00,16,17,328,Friday,November,Fall,11600
2023-09-06 00:00:00,22,23,249,Wednesday,September,Fall,3137
2025-11-03 00:00:00,16,17,307,Monday,November,Fall,8685
2025-10-27 00:00:00,16,17,300,Monday,October,Fall,15610
2025-06-28 00:00:00,0,1,179,Saturday,June,Summer,1627
2025-06-10 00:00:00,3,4,161,Tuesday,June,Summer,1674
2022-05-31 00:00:00,2,3,151,Tuesday,May,Spring,1818
2020-10-14 00:00:00,14,15,288,Wednesday,October,Fall,7046
2023-08-14 00:00:00,7,8,226,Monday,August,Summer,2587
2020-07-23 00:00:00,4,5,205,Thursday,July,Summer,1527
2022-04-16 00:00:00,12,13,106,Saturday,April,Spring,10869
2025-04-16 00:00:00,18,19,106,Wednesday,April,Spring,4853
2021-06-05 00:00:00,0,1,156,Saturday,June,Summer,2191
2020-04-24 00:00:00,22,23,115,Friday,April,Spring,2176
2023-11-23 00:00:00,12,13,327,Thursday,November,Fall,7931
2023-11-10 00:00:00,4,5,314,Friday,November,Fall,12591
2024-09-24 00:00:00,9,10,268,Tuesday,September,Fall,8855
2025-02-22 00:00:00,15,16,53,Saturday,February,Winter,10495
2025-05-05 00:00:00,5,6,125,Monday,May,Spring,9828
2025-03-05 00:00:00,10,11,64,Wednesday,March,Spring,8585
2024-06-28 00:00:00,4,5,180,Friday,June,Summer,3214
2020-10-16 00:00:00,11,12,290,Friday,October,Fall,4358
2023-01-06 00:00:00,5,6,6,Friday,January,Winter,7744
2022-09-05 00:00:00,5,6,248,Monday,September,Fall,2599
2022-11-25 00:00:00,12,13,329,Friday,November,Fall,6116
2020-12-14 00:00:00,0,1,349,Monday,December,Winter,9700
2023-12-23 00:00:00,9,10,357,Saturday,December,Winter,14222
2022-10-04 00:00:00,19,20,277,Tuesday,October,Fall,937
2020-08-26 00:00:00,7,8,239,Wednesday,August,Summer,8615
2023-10-07 00:00:00,2,3,280,Saturday,October,Fall,1790
2020-01-26 00:00:00,9,10,26,Sunday,January,Winter,3118
2022-01-05 00:00:00,20,21,5,Wednesday,January,Winter,4018
2025-11-26 00:00:00,20,21,330,Wednesday,November,Fall,2920
2022-06-15 00:00:00,22,23,166,Wednesday,June,Summer,2879
2021-09-26 00:00:00,1,2,269,Sunday,September,Fall,2233
2023-07-28 00:00:00,21,22,209,Friday,July,Summer,3768
2022-06-04 00:00:00,8,9,155,Saturday,June,Summer,3189
2020-01-10 00:00:00,10,11,10,Friday,January,Winter,6407
2024-09-30 00:00:00,4,5,274,Monday,September,Fall,12240
2024-10-01 00:00:00,5,6,275,Tuesday,October,Fall,7834
2025-11-18 00:00:00,21,22,322,Tuesday,November,Fall,8784
2024-04-03 00:00:00,23,0,94,Wednesday,April,Spring,11683
2025-10-31 00:00:00,2,3,304,Friday,October,Fall,10049
2025-02-22 00:00:00,2,3,53,Saturday,February,Winter,10894
2023-07-27 00:00:00,14,15,208,Thursday,July,Summer,16122
2024-09-17 00:00:00,18,19,261,Tuesday,September,Fall,13680
2021-12-06 00:00:00,10,11,340,Monday,December,Winter,3931
2023-11-25 00:00:00,2,3,329,Saturday,November,Fall,8586
2021-02-26 00:00:00,10,11,57,Friday,February,Winter,3948
2020-07-03 00:00:00,23,0,185,Friday,July,Summer,2522
2024-03-19 00:00:00,1,2,79,Tuesday,March,Spring,1178
2021-11-12 00:00:00,12,13,316,Friday,November,Fall,4637
2023-09-20 00:00:00,16,17,263,Wednesday,September,Fall,14551
2022-01-23 00:00:00,16,17,23,Sunday,January,Winter,3865
2024-09-30 00:00:00,12,13,274,Monday,September,Fall,20041
2020-11-11 00:00:00,22,23,316,Wednesday,November,Fall,7638
2021-01-17 00:00:00,4,5,17,Sunday,January,Winter,5008
2020-11-26 00:00:00,6,7,331,Thursday,November,Fall,2436
2023-09-14 00:00:00,5,6,257,Thursday,September,Fall,710
2020-12-17 00:00:00,7,8,352,Thursday,December,Winter,5368
2022-11-10 00:00:00,17,18,314,Thursday,November,Fall,3142
2022-07-02 00:00:00,22,23,183,Saturday,July,Summer,1832
2023-03-17 00:00:00,9,10,76,Friday,March,Spring,9108
2023-03-29 00:00:00,12,13,88,Wednesday,March,Spring,9902
2025-06-27 00:00:00,11,12,178,Friday,June,Summer,9500
2025-02-09 00:00:00,5,6,40,Sunday,February,Winter,3088
2020-09-18 00:00:00,14,15,262,Friday,September,Fall,6021
2024-11-18 00:00:00,7,8,323,Monday,November,Fall,9481
2022-04-19 00:00:00,11,12,109,Tuesday,April,Spring,4623
2020-11-27 00:00:00,10,11,332,Friday,November,Fall,2632
2020-11-16 00:00:00,11,12,321,Monday,November,Fall,9214
2020-02-12 00:00:00,2,3,43,Wednesday,February,Winter,9274
2021-07-15 00:00:00,0,1,196,Thursday,July,Summer,7907
2025-11-27 00:00:00,4,5,331,Thursday,November,Fall,6967
2024-08-05 00:00:00,14,15,218,Monday,August,Summer,8671
2021-05-16 00:00:00,20,21,136,Sunday,May,Spring,9142
2021-02-24 00:00:00,21,22,55,Wednesday,February,Winter,6699
2020-03-05 00:00:00,6,7,65,Thursday,March,Spring,5871
2024-06-03 00:00:00,1,2,155,Monday,June,Summer,3047
2025-02-06 00:00:00,7,8,37,Thursday,February,Winter,5595
2023-09-02 00:00:00,2,3,245,Saturday,September,Fall,2089
2022-11-14 00:00:00,16,17,318,Monday,November,Fall,4420
2020-01-31 00:00:00,9,10,31,Friday,January,Winter,6229
2021-06-13 00:00:00,7,8,164,Sunday,June,Summer,2420
2024-08-14 00:00:00,19,20,227,Wednesday,August,Summer,3688
2024-05-25 00:00:00,18,19,146,Saturday,May,Spring,3720
2020-12-27 00:00:00,22,23,362,Sunday,December,Winter,7389
2020-04-01 00:00:00,13,14,92,Wednesday,April,Spring,5326
2023-01-18 00:00:00,18,19,18,Wednesday,January,Winter,5216
2021-03-13 00:00:00,23,0,72,Saturday,March,Spring,11499
2024-07-25 00:00:00,9,10,207,Thursday,July,Summer,4811
2024-12-25 00:00:00,11,12,360,Wednesday,December,Winter,3467
2023-06-23 00:00:00,6,7,174,Friday,June,Summer,1435
2022-04-22 00:00:00,14,15,112,Friday,April,Spring,8327
2020-03-16 00:00:00,14,15,76,Monday,March,Spring,3423
2022-06-06 00:00:00,1,2,157,Monday,June,Summer,2710
2021-12-11 00:00:00,0,1,345,Saturday,December,Winter,10034
2021-10-12 00:00:00,8,9,285,Tuesday,October,Fall,2616
2025-04-08 00:00:00,11,12,98,Tuesday,April,Spring,9010
2025-07-30 00:00:00,11,12,211,Wednesday,July,Summer,7443
2020-12-19 00:00:00,8,9,354,Saturday,December,Winter,11340
2023-07-06 00:00:00,13,14,187,Thursday,July,Summer,7124
2021-06-13 00:00:00,15,16,164,Sunday,June,Summer,4905
2020-07-11 00:00:00,10,11,193,Saturday,July,Summer,4169
2020-09-04 00:00:00,18,19,248,Friday,September,Fall,2508
2020-08-18 00:00:00,21,22,231,Tuesday,August,Summer,697
2024-06-23 00:00:00,19,20,175,Sunday,June,Summer,3387
2020-12-18 00:00:00,5,6,353,Friday,December,Winter,5793
2025-10-04 00:00:00,6,7,277,Saturday,October,Fall,17093
2024-03-12 00:00:00,22,23,72,Tuesday,March,Spring,8894
2024-10-21 00:00:00,9,10,295,Monday,October,Fall,5133
2025-03-11 00:00:00,22,23,70,Tuesday,March,Spring,4647
2021-08-06 00:00:00,13,14,218,Friday,August,Summer,12722
2025-01-25 00:00:00,15,16,25,Saturday,January,Winter,5523
2020-03-12 00:00:00,3,4,72,Thursday,March,Spring,10434
2021-12-28 00:00:00,1,2,362,Tuesday,December,Winter,12227
2023-06-08 00:00:00,7,8,159,Thursday,June,Summer,4772
2024-10-03 00:00:00,11,12,277,Thursday,October,Fall,11198
2023-01-18 00:00:00,19,20,18,Wednesday,January,Winter,5226
2022-06-06 00:00:00,4,5,157,Monday,June,Summer,1864
2021-12-08 00:00:00,18,19,342,Wednesday,December,Winter,5364
2020-03-15 00:00:00,1,2,75,Sunday,March,Spring,3727
2022-03-18 00:00:00,12,13,77,Friday,March,Spring,14015
2022-03-11 00:00:00,20,21,70,Friday,March,Spring,10416
2025-02-06 00:00:00,16,17,37,Thursday,February,Winter,12071
2022-04-23 00:00:00,0,1,113,Saturday,April,Spring,5823
2023-02-13 00:00:00,14,15,44,Monday,February,Winter,6344
2023-12-26 00:00:00,20,21,360,Tuesday,December,Winter,2721
2020-08-24 00:00:00,0,1,237,Monday,August,Summer,2460
2020-10-29 00:00:00,13,14,303,Thursday,October,Fall,8549
2022-05-24 00:00:00,23,0,144,Tuesday,May,Spring,1737
2024-10-21 00:00:00,8,9,295,Monday,October,Fall,4204
2022-04-16 00:00:00,18,19,106,Saturday,April,Spring,8184
2022-05-16 00:00:00,19,20,136,Monday,May,Spring,1701
2024-05-19 00:00:00,23,0,140,Sunday,May,Spring,1146
2022-10-09 00:00:00,17,18,282,Sunday,October,Fall,3480
2022-05-19 00:00:00,10,11,139,Thursday,May,Spring,7130
2022-07-01 00:00:00,7,8,182,Friday,July,Summer,2336
2023-05-09 00:00:00,8,9,129,Tuesday,May,Spring,4052
2022-02-03 00:00:00,16,17,34,Thursday,February,Winter,2472
2021-06-06 00:00:00,14,15,157,Sunday,June,Summer,5111
2021-09-20 00:00:00,4,5,263,Monday,September,Fall,1552
2024-05-08 00:00:00,19,20,129,Wednesday,May,Spring,4590
2020-05-31 00:00:00,17,18,152,Sunday,May,Spring,6587
2022-03-27 00:00:00,22,23,86,Sunday,March,Spring,2412
2022-09-12 00:00:00,18,19,255,Monday,September,Fall,2581
2024-08-18 00:00:00,11,12,231,Sunday,August,Summer,8765
2020-05-04 00:00:00,15,16,125,Monday,May,Spring,5337
2024-10-23 00:00:00,6,7,297,Wednesday,October,Fall,1709
2022-02-10 00:00:00,6,7,41,Thursday,February,Winter,5360
2020-04-08 00:00:00,17,18,99,Wednesday,April,Spring,2595
2022-09-02 00:00:00,1,2,245,Friday,September,Fall,2750
2022-05-22 00:00:00,2,3,142,Sunday,May,Spring,2963
2022-01-28 00:00:00,8,9,28,Friday,January,Winter,1216
2021-07-12 00:00:00,5,6,193,Monday,July,Summer,2454
2023-11-05 00:00:00,1,2,309,Sunday,November,Fall,14785
2024-02-12 00:00:00,7,8,43,Monday,February,Winter,2207
2024-06-09 00:00:00,4,5,161,Sunday,June,Summer,3499
2023-05-03 00:00:00,18,19,123,Wednesday,May,Spring,8694
2025-02-22 00:00:00,9,10,53,Saturday,February,Winter,10315
2024-11-23 00:00:00,3,4,328,Saturday,November,Fall,9018
2024-04-20 00:00:00,23,0,111,Saturday,April,Spring,6161
2022-01-14 00:00:00,10,11,14,Friday,January,Winter,2655
2024-12-22 00:00:00,14,15,357,Sunday,December,Winter,18534
2023-01-01 00:00:00,16,17,1,Sunday,January,Winter,9041
2023-07-31 00:00:00,6,7,212,Monday,July,Summer,8004
2021-06-19 00:00:00,15,16,170,Saturday,June,Summer,4434
2025-06-15 00:00:00,7,8,166,Sunday,June,Summer,2381
2023-07-13 00:00:00,11,12,194,Thursday,July,Summer,8460
2022-11-20 00:00:00,14,15,324,Sunday,November,Fall,11679
2023-07-29 00:00:00,16,17,210,Saturday,July,Summer,11633
2024-06-26 00:00:00,17,18,178,Wednesday,June,Summer,5746
2025-05-27 00:00:00,2,3,147,Tuesday,May,Spring,6782
2023-05-17 00:00:00,11,12,137,Wednesday,May,Spring,12591
2021-11-05 00:00:00,8,9,309,Friday,November,Fall,3138
2024-09-20 00:00:00,9,10,264,Friday,September,Fall,6343
2023-08-02 00:00:00,15,16,214,Wednesday,August,Summer,20359
2024-05-13 00:00:00,23,0,134,Monday,May,Spring,6358
2024-12-25 00:00:00,16,17,360,Wednesday,December,Winter,1322
2020-09-29 00:00:00,18,19,273,Tuesday,September,Fall,1250
2021-02-04 00:00:00,9,10,35,Thursday,February,Winter,2756
2021-01-26 00:00:00,12,13,26,Tuesday,January,Winter,5374
2023-03-02 00:00:00,11,12,61,Thursday,March,Spring,5920
2020-08-29 00:00:00,0,1,242,Saturday,August,Summer,3168
2020-08-28 00:00:00,14,15,241,Friday,August,Summer,8716
2023-05-10 00:00:00,8,9,130,Wednesday,May,Spring,7126
2023-04-24 00:00:00,17,18,114,Monday,April,Spring,8130
2022-04-19 00:00:00,2,3,109,Tuesday,April,Spring,2920
2022-04-23 00:00:00,13,14,113,Saturday,April,Spring,8065
2025-09-25 00:00:00,1,2,268,Thursday,September,Fall,3175
2023-05-17 00:00:00,10,11,137,Wednesday,May,Spring,10667
2020-03-17 00:00:00,21,22,77,Tuesday,March,Spring,596
2023-07-06 00:00:00,12,13,187,Thursday,July,Summer,6939
2020-04-09 00:00:00,9,10,100,Thursday,April,Spring,2595
2023-05-01 00:00:00,12,13,121,Monday,May,Spring,7715
2023-04-21 00:00:00,18,19,111,Friday,April,Spring,4021
2023-05-05 00:00:00,22,23,125,Friday,May,Spring,1319
2020-04-24 00:00:00,1,2,115,Friday,April,Spring,1022
2023-07-17 00:00:00,12,13,198,Monday,July,Summer,9207
2020-11-06 00:00:00,18,19,311,Friday,November,Fall,6817
2020-03-17 00:00:00,9,10,77,Tuesday,March,Spring,1714
2020-07-28 00:00:00,7,8,210,Tuesday,July,Summer,3211
2022-07-19 00:00:00,6,7,200,Tuesday,July,Summer,5940
2020-07-09 00:00:00,18,19,191,Thursday,July,Summer,5677
2023-06-24 00:00:00,7,8,175,Saturday,June,Summer,3270
2021-11-27 00:00:00,10,11,331,Saturday,November,Fall,9185
2022-02-12 00:00:00,14,15,43,Saturday,February,Winter,7521
2021-11-06 00:00:00,4,5,310,Saturday,November,Fall,2796
2021-02-14 00:00:00,15,16,45,Sunday,February,Winter,9763
2024-06-24 00:00:00,18,19,176,Monday,June,Summer,5797
2020-04-04 00:00:00,9,10,95,Saturday,April,Spring,3591
2022-10-23 00:00:00,0,1,296,Sunday,October,Fall,6954
2023-12-10 00:00:00,20,21,344,Sunday,December,Winter,15601
2023-05-26 00:00:00,21,22,146,Friday,May,Spring,7754
2025-05-22 00:00:00,20,21,142,Thursday,May,Spring,5574
2021-12-27 00:00:00,1,2,361,Monday,December,Winter,3966
2022-06-27 00:00:00,6,7,178,Monday,June,Summer,1238
2022-03-24 00:00:00,16,17,83,Thursday,March,Spring,4803
2020-09-27 00:00:00,18,19,271,Sunday,September,Fall,8052
2022-05-02 00:00:00,6,7,122,Monday,May,Spring,2029
2020-01-05 00:00:00,9,10,5,Sunday,January,Winter,2245
2021-02-15 00:00:00,0,1,46,Monday,February,Winter,9792
2024-01-16 00:00:00,1,2,16,Tuesday,January,Winter,2010
2025-01-16 00:00:00,16,17,16,Thursday,January,Winter,3827
2025-06-20 00:00:00,14,15,171,Friday,June,Summer,11681
2023-05-14 00:00:00,8,9,134,Sunday,May,Spring,3884
2025-06-16 00:00:00,9,10,167,Monday,June,Summer,6557
2021-02-04 00:00:00,17,18,35,Thursday,February,Winter,2798
2023-10-22 00:00:00,3,4,295,Sunday,October,Fall,8628
2024-05-19 00:00:00,10,11,140,Sunday,May,Spring,2455
2022-05-17 00:00:00,9,10,137,Tuesday,May,Spring,4347
2022-06-04 00:00:00,15,16,155,Saturday,June,Summer,5828
2025-02-22 00:00:00,5,6,53,Saturday,February,Winter,10238
2021-12-07 00:00:00,14,15,341,Tuesday,December,Winter,12122
2024-09-06 00:00:00,17,18,250,Friday,September,Fall,4893
2022-07-12 00:00:00,6,7,193,Tuesday,July,Summer,2572
2024-11-15 00:00:00,14,15,320,Friday,November,Fall,4951
2020-03-22 00:00:00,13,14,82,Sunday,March,Spring,10827
2023-09-30 00:00:00,7,8,273,Saturday,September,Fall,889
2025-08-15 00:00:00,1,2,227,Friday,August,Summer,4242
2023-01-07 00:00:00,14,15,7,Saturday,January,Winter,15880
2024-02-28 00:00:00,2,3,59,Wednesday,February,Winter,3703
2023-04-15 00:00:00,17,18,105,Saturday,April,Spring,13143
2021-04-01 00:00:00,15,16,91,Thursday,April,Spring,6405
2025-09-22 00:00:00,12,13,265,Monday,September,Fall,15222
2023-03-29 00:00:00,2,3,88,Wednesday,March,Spring,4865
2021-02-07 00:00:00,8,9,38,Sunday,February,Winter,4598
2022-08-03 00:00:00,18,19,215,Wednesday,August,Summer,3379
2022-03-11 00:00:00,16,17,70,Friday,March,Spring,12628
2021-09-22 00:00:00,20,21,265,Wednesday,September,Fall,1945
2024-07-24 00:00:00,6,7,206,Wednesday,July,Summer,1089
2025-04-02 00:00:00,18,19,92,Wednesday,April,Spring,15030
2024-08-01 00:00:00,0,1,214,Thursday,August,Summer,1649
2020-02-15 00:00:00,9,10,46,Saturday,February,Winter,8611
2020-12-28 00:00:00,16,17,363,Monday,December,Winter,9395
2023-06-30 00:00:00,13,14,181,Friday,June,Summer,8565
2022-05-31 00:00:00,0,1,151,Tuesday,May,Spring,2131
2024-06-21 00:00:00,6,7,173,Friday,June,Summer,1717
2021-08-05 00:00:00,17,18,217,Thursday,August,Summer,9475
2022-05-13 00:00:00,16,17,133,Friday,May,Spring,6107
2022-12-19 00:00:00,11,12,353,Monday,December,Winter,14450
2024-04-21 00:00:00,7,8,112,Sunday,April,Spring,5871
2023-11-02 00:00:00,0,1,306,Thursday,November,Fall,17146
2023-11-04 00:00:00,13,14,308,Saturday,November,Fall,18105
2020-11-29 00:00:00,16,17,334,Sunday,November,Fall,2659
2021-01-04 00:00:00,7,8,4,Monday,January,Winter,1589
2020-12-23 00:00:00,22,23,358,Wednesday,December,Winter,12177
2024-12-28 00:00:00,23,0,363,Saturday,December,Winter,638
2020-05-28 00:00:00,17,18,149,Thursday,May,Spring,6840
2020-04-12 00:00:00,0,1,103,Sunday,April,Spring,978
2020-12-15 00:00:00,21,22,350,Tuesday,December,Winter,4427
2022-03-21 00:00:00,18,19,80,Monday,March,Spring,3512
2022-12-31 00:00:00,19,20,365,Saturday,December,Winter,16435
2021-05-31 00:00:00,15,16,151,Monday,May,Spring,7096
2024-11-13 00:00:00,4,5,318,Wednesday,November,Fall,6882
2023-04-09 00:00:00,12,13,99,Sunday,April,Spring,7478
2021-02-22 00:00:00,1,2,53,Monday,February,Winter,7591
2025-02-25 00:00:00,4,5,56,Tuesday,February,Winter,3644
2021-12-19 00:00:00,18,19,353,Sunday,December,Winter,3022
2020-11-24 00:00:00,23,0,329,Tuesday,November,Fall,6768
2021-09-10 00:00:00,22,23,253,Friday,September,Fall,1997
2021-04-13 00:00:00,1,2,103,Tuesday,April,Spring,1796
2022-08-04 00:00:00,0,1,216,Thursday,August,Summer,1586
2025-05-04 00:00:00,18,19,124,Sunday,May,Spring,12606
2020-08-29 00:00:00,14,15,242,Saturday,August,Summer,5103
2023-07-19 00:00:00,8,9,200,Wednesday,July,Summer,4118
2023-12-04 00:00:00,3,4,338,Monday,December,Winter,13158
2022-12-04 00:00:00,4,5,338,Sunday,December,Winter,3430
2024-06-13 00:00:00,20,21,165,Thursday,June,Summer,4639
2025-05-07 00:00:00,1,2,127,Wednesday,May,Spring,8947
2023-08-28 00:00:00,19,20,240,Monday,August,Summer,4554
2023-08-05 00:00:00,20,21,217,Saturday,August,Summer,14188
2025-01-18 00:00:00,3,4,18,Saturday,January,Winter,1157
2022-05-23 00:00:00,0,1,143,Monday,May,Spring,3636
2025-11-30 00:00:00,6,7,334,Sunday,November,Fall,4387
2021-10-07 00:00:00,16,17,280,Thursday,October,Fall,4917
2020-03-12 00:00:00,6,7,72,Thursday,March,Spring,9223
2021-01-20 00:00:00,15,16,20,Wednesday,January,Winter,14624
2024-08-05 00:00:00,22,23,218,Monday,August,Summer,1034
2025-10-23 00:00:00,3,4,296,Thursday,October,Fall,12997
2020-10-20 00:00:00,6,7,294,Tuesday,October,Fall,10003
2022-05-05 00:00:00,12,13,125,Thursday,May,Spring,5897
2020-01-23 00:00:00,22,23,23,Thursday,January,Winter,2779
2021-07-07 00:00:00,13,14,188,Wednesday,July,Summer,5429
2020-07-25 00:00:00,1,2,207,Saturday,July,Summer,1543
2020-07-18 00:00:00,1,2,200,Saturday,July,Summer,1515
2021-09-26 00:00:00,6,7,269,Sunday,September,Fall,2281
2024-04-29 00:00:00,1,2,120,Monday,April,Spring,2419
2021-09-19 00:00:00,22,23,262,Sunday,September,Fall,2332
2022-08-30 00:00:00,4,5,242,Tuesday,August,Summer,3592
2023-09-16 00:00:00,13,14,259,Saturday,September,Fall,8664
2022-06-22 00:00:00,1,2,173,Wednesday,June,Summer,3887
2020-04-19 00:00:00,19,20,110,Sunday,April,Spring,4931
2024-04-09 00:00:00,22,23,100,Tuesday,April,Spring,8756
2025-03-11 00:00:00,17,18,70,Tuesday,March,Spring,5580
2024-10-01 00:00:00,9,10,275,Tuesday,October,Fall,7164
2024-08-16 00:00:00,19,20,229,Friday,August,Summer,3335
2024-09-05 00:00:00,1,2,249,Thursday,September,Fall,3657
2025-09-29 00:00:00,11,12,272,Monday,September,Fall,7678
2020-05-24 00:00:00,5,6,145,Sunday,May,Spring,3046
2023-04-15 00:00:00,10,11,105,Saturday,April,Spring,10771
2023-06-07 00:00:00,3,4,158,Wednesday,June,Summer,4685
2021-09-02 00:00:00,17,18,245,Thursday,September,Fall,5612
2023-01-02 00:00:00,22,23,2,Monday,January,Winter,4218
2021-11-04 00:00:00,16,17,308,Thursday,November,Fall,3606
2024-12-06 00:00:00,11,12,341,Friday,December,Winter,12425
2023-12-13 00:00:00,4,5,347,Wednesday,December,Winter,9180
2024-11-30 00:00:00,13,14,335,Saturday,November,Fall,4668
2025-09-16 00:00:00,6,7,259,Tuesday,September,Fall,9715
2023-03-03 00:00:00,20,21,62,Friday,March,Spring,5832
2023-02-17 00:00:00,3,4,48,Friday,February,Winter,7265
2024-07-19 00:00:00,3,4,201,Friday,July,Summer,1551
2022-05-09 00:00:00,10,11,129,Monday,May,Spring,4782
2022-04-08 00:00:00,9,10,98,Friday,April,Spring,6382
2023-08-30 00:00:00,19,20,242,Wednesday,August,Summer,5549
2023-02-15 00:00:00,16,17,46,Wednesday,February,Winter,3695
2022-06-09 00:00:00,16,17,160,Thursday,June,Summer,8567
2020-02-13 00:00:00,6,7,44,Thursday,February,Winter,11612
2023-03-20 00:00:00,16,17,79,Monday,March,Spring,5436
2023-11-15 00:00:00,14,15,319,Wednesday,November,Fall,10772
2024-12-12 00:00:00,22,23,347,Thursday,December,Winter,3318
2021-05-14 00:00:00,21,22,134,Friday,May,Spring,3668
2024-05-18 00:00:00,9,10,139,Saturday,May,Spring,3617
2020-10-24 00:00:00,0,1,298,Saturday,October,Fall,5673
2020-11-19 00:00:00,11,12,324,Thursday,November,Fall,10362
2023-05-17 00:00:00,0,1,137,Wednesday,May,Spring,7939
2021-08-19 00:00:00,14,15,231,Thursday,August,Summer,5079
2024-08-07 00:00:00,9,10,220,Wednesday,August,Summer,3763
2022-08-10 00:00:00,7,8,222,Wednesday,August,Summer,5109
2020-05-30 00:00:00,0,1,151,Saturday,May,Spring,5257
2021-10-14 00:00:00,19,20,287,Thursday,October,Fall,884
2020-10-30 00:00:00,0,1,304,Friday,October,Fall,8074
2021-11-30 00:00:00,23,0,334,Tuesday,November,Fall,12923
2024-10-18 00:00:00,3,4,292,Friday,October,Fall,5240
2021-11-13 00:00:00,10,11,317,Saturday,November,Fall,5285
2023-06-17 00:00:00,14,15,168,Saturday,June,Summer,6725
2021-03-26 00:00:00,9,10,85,Friday,March,Spring,5822
2022-07-11 00:00:00,15,16,192,Monday,July,Summer,8839
2022-10-06 00:00:00,8,9,279,Thursday,October,Fall,1848
2020-11-21 00:00:00,18,19,326,Saturday,November,Fall,2645
2020-06-02 00:00:00,20,21,154,Tuesday,June,Summer,1623
2021-12-08 00:00:00,8,9,342,Wednesday,December,Winter,7536
2021-06-10 00:00:00,5,6,161,Thursday,June,Summer,1077
2021-08-31 00:00:00,15,16,243,Tuesday,August,Summer,8581
2022-01-14 00:00:00,8,9,14,Friday,January,Winter,891
2023-04-17 00:00:00,9,10,107,Monday,April,Spring,5631
2023-04-28 00:00:00,4,5,118,Friday,April,Spring,4743
2023-02-02 00:00:00,16,17,33,Thursday,February,Winter,7966
2024-05-26 00:00:00,22,23,147,Sunday,May,Spring,3079
2022-03-17 00:00:00,18,19,76,Thursday,March,Spring,5041
2021-06-12 00:00:00,5,6,163,Saturday,June,Summer,1612
2022-08-22 00:00:00,23,0,234,Monday,August,Summer,1343
2021-04-13 00:00:00,5,6,103,Tuesday,April,Spring,2747
2024-05-25 00:00:00,22,23,146,Saturday,May,Spring,1939
2024-07-23 00:00:00,4,5,205,Tuesday,July,Summer,5296
2024-10-22 00:00:00,14,15,296,Tuesday,October,Fall,5151
2025-09-08 00:00:00,1,2,251,Monday,September,Fall,3247
2024-02-05 00:00:00,0,1,36,Monday,February,Winter,7250
2025-11-02 00:00:00,0,1,306,Sunday,November,Fall,8891
2021-05-30 00:00:00,20,21,150,Sunday,May,Spring,3606
2021-07-18 00:00:00,15,16,199,Sunday,July,Summer,8491
2023-10-04 00:00:00,8,9,277,Wednesday,October,Fall,2909
2020-12-16 00:00:00,20,21,351,Wednesday,December,Winter,7854
2022-11-18 00:00:00,15,16,322,Friday,November,Fall,4771
2022-08-06 00:00:00,19,20,218,Saturday,August,Summer,7487
2022-08-10 00:00:00,5,6,222,Wednesday,August,Summer,5582
2024-04-08 00:00:00,4,5,99,Monday,April,Spring,3115
2021-12-30 00:00:00,14,15,364,Thursday,December,Winter,8402
2022-11-27 00:00:00,16,17,331,Sunday,November,Fall,6863
2024-04-25 00:00:00,3,4,116,Thursday,April,Spring,1051
2022-02-07 00:00:00,21,22,38,Monday,February,Winter,4624
2022-05-29 00:00:00,7,8,149,Sunday,May,Spring,4550
2021-11-26 00:00:00,9,10,330,Friday,November,Fall,5880
2022-03-06 00:00:00,20,21,65,Sunday,March,Spring,7259
2024-04-09 00:00:00,18,19,100,Tuesday,April,Spring,14993
2020-07-05 00:00:00,19,20,187,Sunday,July,Summer,9243
2020-11-08 00:00:00,14,15,313,Sunday,November,Fall,3198
2021-07-03 00:00:00,4,5,184,Saturday,July,Summer,2200
2024-08-18 00:00:00,21,22,231,Sunday,August,Summer,3802
2024-02-03 00:00:00,15,16,34,Saturday,February,Winter,7256
2020-02-22 00:00:00,5,6,53,Saturday,February,Winter,8212
2025-08-24 00:00:00,17,18,236,Sunday,August,Summer,7445
2025-01-31 00:00:00,7,8,31,Friday,January,Winter,4032
2022-01-29 00:00:00,6,7,29,Saturday,January,Winter,6295
2024-05-16 00:00:00,4,5,137,Thursday,May,Spring,1985
2025-09-09 00:00:00,5,6,252,Tuesday,September,Fall,1712
2025-05-07 00:00:00,22,23,127,Wednesday,May,Spring,5970
2021-11-04 00:00:00,5,6,308,Thursday,November,Fall,3125
2024-08-26 00:00:00,14,15,239,Monday,August,Summer,10162
2022-05-24 00:00:00,5,6,144,Tuesday,May,Spring,6008
2022-08-21 00:00:00,17,18,233,Sunday,August,Summer,4032
2021-11-03 00:00:00,8,9,307,Wednesday,November,Fall,3933
2020-04-08 00:00:00,16,17,99,Wednesday,April,Spring,3264
2024-08-30 00:00:00,8,9,243,Friday,August,Summer,4148
2022-06-30 00:00:00,0,1,181,Thursday,June,Summer,1528
2022-08-27 00:00:00,12,13,239,Saturday,August,Summer,7198
2021-11-05 00:00:00,12,13,309,Friday,November,Fall,4648
2022-05-03 00:00:00,2,3,123,Tuesday,May,Spring,4519
2020-06-14 00:00:00,20,21,166,Sunday,June,Summer,1888
2024-10-09 00:00:00,0,1,283,Wednesday,October,Fall,12523
2024-11-24 00:00:00,20,21,329,Sunday,November,Fall,19513
2024-12-17 00:00:00,20,21,352,Tuesday,December,Winter,9136
2024-04-02 00:00:00,4,5,93,Tuesday,April,Spring,13180
2021-09-02 00:00:00,5,6,245,Thursday,September,Fall,5765
2020-12-29 00:00:00,8,9,364,Tuesday,December,Winter,4269
2023-03-16 00:00:00,20,21,75,Thursday,March,Spring,10081
2024-02-04 00:00:00,19,20,35,Sunday,February,Winter,8459
2023-04-20 00:00:00,18,19,110,Thursday,April,Spring,6268
2022-03-23 00:00:00,9,10,82,Wednesday,March,Spring,5419
2024-03-05 00:00:00,19,20,65,Tuesday,March,Spring,3141
2020-01-17 00:00:00,2,3,17,Friday,January,Winter,9390
2023-09-07 00:00:00,1,2,250,Thursday,September,Fall,2893
2024-12-23 00:00:00,22,23,358,Monday,December,Winter,4916
2024-06-23 00:00:00,14,15,175,Sunday,June,Summer,4090
2021-09-27 00:00:00,11,12,270,Monday,September,Fall,10123
2025-07-18 00:00:00,2,3,199,Friday,July,Summer,1564
2022-12-10 00:00:00,4,5,344,Saturday,December,Winter,1533
2023-04-19 00:00:00,18,19,109,Wednesday,April,Spring,7115
2025-05-30 00:00:00,15,16,150,Friday,May,Spring,4444
2024-11-15 00:00:00,10,11,320,Friday,November,Fall,5039
2022-08-22 00:00:00,3,4,234,Monday,August,Summer,1609
2022-06-14 00:00:00,16,17,165,Tuesday,June,Summer,5556
2023-01-29 00:00:00,20,21,29,Sunday,January,Winter,4213
2022-12-01 00:00:00,23,0,335,Thursday,December,Winter,2895
2024-12-05 00:00:00,18,19,340,Thursday,December,Winter,16688
2022-10-16 00:00:00,20,21,289,Sunday,October,Fall,7022
2020-08-21 00:00:00,3,4,234,Friday,August,Summer,6690
2021-12-22 00:00:00,6,7,356,Wednesday,December,Winter,2824
2025-07-21 00:00:00,6,7,202,Monday,July,Summer,11030
2024-01-02 00:00:00,5,6,2,Tuesday,January,Winter,17248
2025-04-11 00:00:00,7,8,101,Friday,April,Spring,3644
2025-08-02 00:00:00,15,16,214,Saturday,August,Summer,12289
2021-04-02 00:00:00,19,20,92,Friday,April,Spring,11290
2023-03-13 00:00:00,8,9,72,Monday,March,Spring,15437
2024-11-02 00:00:00,2,3,307,Saturday,November,Fall,1771
2023-05-16 00:00:00,11,12,136,Tuesday,May,Spring,13805
2024-09-22 00:00:00,18,19,266,Sunday,September,Fall,4071
2021-10-28 00:00:00,10,11,301,Thursday,October,Fall,7333
2021-08-31 00:00:00,1,2,243,Tuesday,August,Summer,4199
2023-02-06 00:00:00,1,2,37,Monday,February,Winter,8096
2025-10-03 00:00:00,9,10,276,Friday,October,Fall,6874
2023-07-08 00:00:00,20,21,189,Saturday,July,Summer,1493
2024-11-07 00:00:00,15,16,312,Thursday,November,Fall,3966
2023-08-01 00:00:00,20,21,213,Tuesday,August,Summer,7412
2024-12-04 00:00:00,4,5,339,Wednesday,December,Winter,1527
2024-03-18 00:00:00,8,9,78,Monday,March,Spring,2921
2020-12-30 00:00:00,19,20,365,Wednesday,December,Winter,5298
2023-05-20 00:00:00,13,14,140,Saturday,May,Spring,11018
2022-02-23 00:00:00,6,7,54,Wednesday,February,Winter,915
2024-06-24 00:00:00,6,7,176,Monday,June,Summer,3013
2020-12-09 00:00:00,22,23,344,Wednesday,December,Winter,4120
2020-12-02 00:00:00,6,7,337,Wednesday,December,Winter,3538
2025-04-18 00:00:00,20,21,108,Friday,April,Spring,7067
2022-04-17 00:00:00,22,23,107,Sunday,April,Spring,5787
2020-10-06 00:00:00,21,22,280,Tuesday,October,Fall,11000
2024-07-28 00:00:00,18,19,210,Sunday,July,Summer,7133
2021-09-14 00:00:00,6,7,257,Tuesday,September,Fall,2764
2025-09-03 00:00:00,6,7,246,Wednesday,September,Fall,13678
2025-05-05 00:00:00,17,18,125,Monday,May,Spring,12722
2020-09-01 00:00:00,14,15,245,Tuesday,September,Fall,4740
2022-06-06 00:00:00,5,6,157,Monday,June,Summer,1806
2020-10-04 00:00:00,2,3,278,Sunday,October,Fall,8818
2021-06-26 00:00:00,7,8,177,Saturday,June,Summer,633
2023-06-02 00:00:00,2,3,153,Friday,June,Summer,7043
2025-02-15 00:00:00,4,5,46,Saturday,February,Winter,5875
2022-01-29 00:00:00,10,11,29,Saturday,January,Winter,9123
2025-02-13 00:00:00,20,21,44,Thursday,February,Winter,4432
2022-09-19 00:00:00,11,12,262,Monday,September,Fall,6983
2024-06-29 00:00:00,3,4,181,Saturday,June,Summer,4100
2025-07-11 00:00:00,12,13,192,Friday,July,Summer,12811
2021-03-07 00:00:00,14,15,66,Sunday,March,Spring,2799
2022-03-07 00:00:00,4,5,66,Monday,March,Spring,6613
2020-06-17 00:00:00,20,21,169,Wednesday,June,Summer,1500
2022-03-14 00:00:00,2,3,73,Monday,March,Spring,6130
2024-05-02 00:00:00,2,3,123,Thursday,May,Spring,5050
2025-03-08 00:00:00,22,23,67,Saturday,March,Spring,12431
2022-05-05 00:00:00,6,7,125,Thursday,May,Spring,1715
2024-06-23 00:00:00,0,1,175,Sunday,June,Summer,2581
2020-02-14 00:00:00,8,9,45,Friday,February,Winter,3683
2025-08-02 00:00:00,1,2,214,Saturday,August,Summer,4270
2024-05-05 00:00:00,1,2,126,Sunday,May,Spring,3256
2023-04-30 00:00:00,9,10,120,Sunday,April,Spring,4169
2025-02-09 00:00:00,17,18,40,Sunday,February,Winter,1709
2025-08-11 00:00:00,18,19,223,Monday,August,Summer,6420
2025-03-10 00:00:00,8,9,69,Monday,March,Spring,3471
2020-04-03 00:00:00,19,20,94,Friday,April,Spring,1256
2022-02-01 00:00:00,14,15,32,Tuesday,February,Winter,14323
2024-04-09 00:00:00,21,22,100,Tuesday,April,Spring,9329
2022-05-02 00:00:00,19,20,122,Monday,May,Spring,3754
2022-10-08 00:00:00,0,1,281,Saturday,October,Fall,3051
2022-11-11 00:00:00,6,7,315,Friday,November,Fall,3328
2022-10-05 00:00:00,11,12,278,Wednesday,October,Fall,11975
2025-05-26 00:00:00,14,15,146,Monday,May,Spring,6702
2023-02-16 00:00:00,4,5,47,Thursday,February,Winter,3973
2022-12-14 00:00:00,15,16,348,Wednesday,December,Winter,2542
2020-02-14 00:00:00,12,13,45,Friday,February,Winter,5860
2020-03-13 00:00:00,7,8,73,Friday,March,Spring,6097
2021-12-07 00:00:00,8,9,341,Tuesday,December,Winter,5489
2021-09-23 00:00:00,19,20,266,Thursday,September,Fall,1224
2024-09-05 00:00:00,6,7,249,Thursday,September,Fall,5710
2022-11-16 00:00:00,22,23,320,Wednesday,November,Fall,15448
2022-03-12 00:00:00,6,7,71,Saturday,March,Spring,6239
2024-02-19 00:00:00,17,18,50,Monday,February,Winter,7758
2022-03-08 00:00:00,10,11,67,Tuesday,March,Spring,7990
2020-09-07 00:00:00,9,10,251,Monday,September,Fall,3027
2020-09-06 00:00:00,15,16,250,Sunday,September,Fall,4473
2022-01-21 00:00:00,8,9,21,Friday,January,Winter,4551
2021-09-16 00:00:00,10,11,259,Thursday,September,Fall,1635
2024-04-06 00:00:00,18,19,97,Saturday,April,Spring,8976
2024-11-12 00:00:00,1,2,317,Tuesday,November,Fall,8188
2025-10-19 00:00:00,2,3,292,Sunday,October,Fall,6818
2023-05-13 00:00:00,22,23,133,Saturday,May,Spring,5777
2022-12-08 00:00:00,21,22,342,Thursday,December,Winter,2632
2022-03-22 00:00:00,11,12,81,Tuesday,March,Spring,8531
2023-12-25 00:00:00,15,16,359,Monday,December,Winter,12985
2025-02-06 00:00:00,20,21,37,Thursday,February,Winter,12160
2022-02-07 00:00:00,2,3,38,Monday,February,Winter,13497
2023-01-18 00:00:00,16,17,18,Wednesday,January,Winter,5234
2025-01-26 00:00:00,1,2,26,Sunday,January,Winter,10365
2024-05-04 00:00:00,23,0,125,Saturday,May,Spring,3298
2024-06-04 00:00:00,23,0,156,Tuesday,June,Summer,4473
2021-01-18 00:00:00,8,9,18,Monday,January,Winter,2915
2021-11-22 00:00:00,15,16,326,Monday,November,Fall,11582
2024-02-28 00:00:00,6,7,59,Wednesday,February,Winter,2370
2020-11-12 00:00:00,9,10,317,Thursday,November,Fall,5105
2022-08-24 00:00:00,12,13,236,Wednesday,August,Summer,6402
2021-11-08 00:00:00,14,15,312,Monday,November,Fall,4153
2022-01-14 00:00:00,5,6,14,Friday,January,Winter,1127
2025-06-03 00:00:00,13,14,154,Tuesday,June,Summer,6959
2020-01-01 00:00:00,15,16,1,Wednesday,January,Winter,1323
2023-05-19 00:00:00,5,6,139,Friday,May,Spring,5256
2022-07-03 00:00:00,20,21,184,Sunday,July,Summer,2890
2020-06-16 00:00:00,23,0,168,Tuesday,June,Summer,1468
2024-02-19 00:00:00,12,13,50,Monday,February,Winter,10225
2020-01-09 00:00:00,21,22,9,Thursday,January,Winter,10944
2022-06-12 00:00:00,18,19,163,Sunday,June,Summer,5222
2020-04-11 00:00:00,20,21,102,Saturday,April,Spring,725
2022-09-06 00:00:00,4,5,249,Tuesday,September,Fall,3166
2020-06-08 00:00:00,1,2,160,Monday,June,Summer,1496
2022-12-13 00:00:00,3,4,347,Tuesday,December,Winter,6816
2024-10-07 00:00:00,15,16,281,Monday,October,Fall,7138
2024-08-13 00:00:00,0,1,226,Tuesday,August,Summer,1600
2024-05-26 00:00:00,8,9,147,Sunday,May,Spring,5565
2024-08-19 00:00:00,15,16,232,Monday,August,Summer,9088
2023-11-04 00:00:00,18,19,308,Saturday,November,Fall,15770
2021-04-14 00:00:00,10,11,104,Wednesday,April,Spring,5528
2023-11-02 00:00:00,7,8,306,Thursday,November,Fall,15300
2023-07-31 00:00:00,22,23,212,Monday,July,Summer,10752
2022-08-01 00:00:00,18,19,213,Monday,August,Summer,3859
2025-02-13 00:00:00,1,2,44,Thursday,February,Winter,1112
2021-11-06 00:00:00,7,8,310,Saturday,November,Fall,2797
2025-10-11 00:00:00,9,10,284,Saturday,October,Fall,5515
2020-11-28 00:00:00,4,5,333,Saturday,November,Fall,3659
2025-09-17 00:00:00,19,20,260,Wednesday,September,Fall,3567
2024-02-01 00:00:00,22,23,32,Thursday,February,Winter,1902
2025-08-09 00:00:00,5,6,221,Saturday,August,Summer,1061
2021-10-22 00:00:00,22,23,295,Friday,October,Fall,2376
2022-12-16 00:00:00,2,3,350,Friday,December,Winter,6144
2022-02-22 00:00:00,12,13,53,Tuesday,February,Winter,14675
2023-09-15 00:00:00,21,22,258,Friday,September,Fall,4226
2021-08-06 00:00:00,21,22,218,Friday,August,Summer,2893
2024-09-06 00:00:00,3,4,250,Friday,September,Fall,1393
2025-07-28 00:00:00,12,13,209,Monday,July,Summer,11478
2024-07-26 00:00:00,16,17,208,Friday,July,Summer,6307
2021-09-15 00:00:00,8,9,258,Wednesday,September,Fall,2190
2025-03-26 00:00:00,15,16,85,Wednesday,March,Spring,7167
2025-07-22 00:00:00,21,22,203,Tuesday,July,Summer,1826
2020-06-09 00:00:00,12,13,161,Tuesday,June,Summer,4970
2022-12-31 00:00:00,11,12,365,Saturday,December,Winter,17264
2025-02-15 00:00:00,15,16,46,Saturday,February,Winter,7084
2020-08-09 00:00:00,18,19,222,Sunday,August,Summer,3103
2023-10-18 00:00:00,23,0,291,Wednesday,October,Fall,11879
2023-03-09 00:00:00,21,22,68,Thursday,March,Spring,15820
2023-09-17 00:00:00,16,17,260,Sunday,September,Fall,5366
2023-11-18 00:00:00,18,19,322,Saturday,November,Fall,12524
2020-11-22 00:00:00,13,14,327,Sunday,November,Fall,3338
2024-12-31 00:00:00,16,17,366,Tuesday,December,Winter,8495
2025-11-09 00:00:00,14,15,313,Sunday,November,Fall,7371
2021-06-29 00:00:00,16,17,180,Tuesday,June,Summer,5193
2025-10-20 00:00:00,18,19,293,Monday,October,Fall,16757
2024-05-03 00:00:00,19,20,124,Friday,May,Spring,2964
2025-09-16 00:00:00,20,21,259,Tuesday,September,Fall,3536
2025-04-12 00:00:00,18,19,102,Saturday,April,Spring,11549
2021-05-24 00:00:00,18,19,144,Monday,May,Spring,12791
2025-03-10 00:00:00,10,11,69,Monday,March,Spring,6063
2021-06-20 00:00:00,9,10,171,Sunday,June,Summer,3324
2020-08-16 00:00:00,7,8,229,Sunday,August,Summer,1272
2023-08-25 00:00:00,4,5,237,Friday,August,Summer,2460
2025-01-22 00:00:00,17,18,22,Wednesday,January,Winter,5102
2025-01-06 00:00:00,9,10,6,Monday,January,Winter,18975
2023-05-15 00:00:00,12,13,135,Monday,May,Spring,9340
2020-07-12 00:00:00,10,11,194,Sunday,July,Summer,4498
2024-06-13 00:00:00,21,22,165,Thursday,June,Summer,5123
2025-07-03 00:00:00,14,15,184,Thursday,July,Summer,9855
2024-08-26 00:00:00,16,17,239,Monday,August,Summer,8375
2025-09-29 00:00:00,15,16,272,Monday,September,Fall,8318
2020-04-19 00:00:00,9,10,110,Sunday,April,Spring,2105
2023-03-04 00:00:00,4,5,63,Saturday,March,Spring,4490
2021-07-13 00:00:00,15,16,194,Tuesday,July,Summer,7535
2025-10-09 00:00:00,11,12,282,Thursday,October,Fall,5069
2021-09-06 00:00:00,10,11,249,Monday,September,Fall,3616
2025-10-03 00:00:00,18,19,276,Friday,October,Fall,10465
2024-04-24 00:00:00,16,17,115,Wednesday,April,Spring,10914
2023-07-03 00:00:00,9,10,184,Monday,July,Summer,6964
2020-04-09 00:00:00,1,2,100,Thursday,April,Spring,894
2020-08-08 00:00:00,1,2,221,Saturday,August,Summer,1875
2021-09-26 00:00:00,15,16,269,Sunday,September,Fall,5531
2023-12-25 00:00:00,11,12,359,Monday,December,Winter,15160
2022-04-02 00:00:00,22,23,92,Saturday,April,Spring,4539
2023-12-14 00:00:00,5,6,348,Thursday,December,Winter,7047
2020-01-23 00:00:00,16,17,23,Thursday,January,Winter,3347
2023-10-15 00:00:00,15,16,288,Sunday,October,Fall,6957
2020-05-31 00:00:00,6,7,152,Sunday,May,Spring,4859
2025-03-29 00:00:00,21,22,88,Saturday,March,Spring,5649
2020-10-08 00:00:00,22,23,282,Thursday,October,Fall,4432
2021-02-17 00:00:00,2,3,48,Wednesday,February,Winter,8531
2020-05-11 00:00:00,5,6,132,Monday,May,Spring,10139
2022-09-05 00:00:00,7,8,248,Monday,September,Fall,2789
2021-07-07 00:00:00,3,4,188,Wednesday,July,Summer,4006
2024-10-12 00:00:00,6,7,286,Saturday,October,Fall,6023
2022-06-20 00:00:00,4,5,171,Monday,June,Summer,3009
2024-10-26 00:00:00,7,8,300,Saturday,October,Fall,2152
2020-05-18 00:00:00,3,4,139,Monday,May,Spring,2064
2022-08-02 00:00:00,0,1,214,Tuesday,August,Summer,1397
2022-01-14 00:00:00,2,3,14,Friday,January,Winter,1410
2024-07-25 00:00:00,16,17,207,Thursday,July,Summer,8796
2023-05-26 00:00:00,11,12,146,Friday,May,Spring,10688
2024-08-22 00:00:00,10,11,235,Thursday,August,Summer,10231
2024-03-22 00:00:00,5,6,82,Friday,March,Spring,2130
2021-10-26 00:00:00,16,17,299,Tuesday,October,Fall,5120
2025-07-19 00:00:00,13,14,200,Saturday,July,Summer,14450
2024-07-28 00:00:00,6,7,210,Sunday,July,Summer,2348
2024-02-01 00:00:00,15,16,32,Thursday,February,Winter,3444
2022-12-26 00:00:00,13,14,360,Monday,December,Winter,10092
2024-07-30 00:00:00,17,18,212,Tuesday,July,Summer,4665
2022-08-18 00:00:00,2,3,230,Thursday,August,Summer,1182
2025-04-16 00:00:00,17,18,106,Wednesday,April,Spring,6246
2020-11-15 00:00:00,21,22,320,Sunday,November,Fall,12149
2025-02-26 00:00:00,9,10,57,Wednesday,February,Winter,9755
2022-02-20 00:00:00,7,8,51,Sunday,February,Winter,12571
2025-02-20 00:00:00,9,10,51,Thursday,February,Winter,9967
2022-02-27 00:00:00,3,4,58,Sunday,February,Winter,9685
2021-12-31 00:00:00,18,19,365,Friday,December,Winter,3904
2022-07-28 00:00:00,12,13,209,Thursday,July,Summer,5588
2021-04-28 00:00:00,2,3,118,Wednesday,April,Spring,1371
2021-12-23 00:00:00,5,6,357,Thursday,December,Winter,6602
2024-03-14 00:00:00,23,0,74,Thursday,March,Spring,10690
2023-07-14 00:00:00,9,10,195,Friday,July,Summer,6490
2025-10-18 00:00:00,4,5,291,Saturday,October,Fall,5140
2021-04-07 00:00:00,3,4,97,Wednesday,April,Spring,4251
2024-01-14 00:00:00,13,14,14,Sunday,January,Winter,3639
2022-04-18 00:00:00,3,4,108,Monday,April,Spring,4344
2024-06-01 00:00:00,9,10,153,Saturday,June,Summer,8993
2020-04-24 00:00:00,15,16,115,Friday,April,Spring,3799
2022-03-13 00:00:00,18,19,72,Sunday,March,Spring,5913
2025-02-23 00:00:00,12,13,54,Sunday,February,Winter,11643
2021-11-06 00:00:00,12,13,310,Saturday,November,Fall,5852
2025-04-04 00:00:00,15,16,94,Friday,April,Spring,6218
2022-02-10 00:00:00,13,14,41,Thursday,February,Winter,6325
2021-08-15 00:00:00,2,3,227,Sunday,August,Summer,1057
2023-06-22 00:00:00,14,15,173,Thursday,June,Summer,9306
2020-02-23 00:00:00,10,11,54,Sunday,February,Winter,13480
2022-03-10 00:00:00,22,23,69,Thursday,March,Spring,7481
2021-08-14 00:00:00,0,1,226,Saturday,August,Summer,1478
2020-06-05 00:00:00,3,4,157,Friday,June,Summer,3542
2020-05-22 00:00:00,21,22,143,Friday,May,Spring,2177
2025-08-26 00:00:00,20,21,238,Tuesday,August,Summer,3405
2022-07-05 00:00:00,7,8,186,Tuesday,July,Summer,2105
2024-03-30 00:00:00,13,14,90,Saturday,March,Spring,7615
2022-01-04 00:00:00,11,12,4,Tuesday,January,Winter,5975
2025-08-19 00:00:00,10,11,231,Tuesday,August,Summer,4540
2023-08-12 00:00:00,3,4,224,Saturday,August,Summer,1596
2024-03-23 00:00:00,10,11,83,Saturday,March,Spring,17377
2025-07-07 00:00:00,23,0,188,Monday,July,Summer,4873
2023-01-20 00:00:00,10,11,20,Friday,January,Winter,4641
2024-03-02 00:00:00,16,17,62,Saturday,March,Spring,6629
2022-01-05 00:00:00,14,15,5,Wednesday,January,Winter,7511
2025-09-12 00:00:00,13,14,255,Friday,September,Fall,15434
2025-02-08 00:00:00,18,19,39,Saturday,February,Winter,3104
2020-04-11 00:00:00,7,8,102,Saturday,April,Spring,1900
2020-01-23 00:00:00,18,19,23,Thursday,January,Winter,3556
2025-09-30 00:00:00,8,9,273,Tuesday,September,Fall,2872
2020-05-01 00:00:00,22,23,122,Friday,May,Spring,6712
2021-08-10 00:00:00,13,14,222,Tuesday,August,Summer,5911
2021-09-16 00:00:00,18,19,259,Thursday,September,Fall,1495
2023-10-27 00:00:00,12,13,300,Friday,October,Fall,12650
2025-11-11 00:00:00,3,4,315,Tuesday,November,Fall,7897
2020-03-24 00:00:00,7,8,84,Tuesday,March,Spring,5774
2023-10-20 00:00:00,17,18,293,Friday,October,Fall,6907
2025-10-29 00:00:00,15,16,302,Wednesday,October,Fall,8506
2023-11-21 00:00:00,16,17,325,Tuesday,November,Fall,6703
2024-03-26 00:00:00,20,21,86,Tuesday,March,Spring,8261
2022-06-30 00:00:00,20,21,181,Thursday,June,Summer,2522
2020-12-25 00:00:00,4,5,360,Friday,December,Winter,6542
2021-06-26 00:00:00,15,16,177,Saturday,June,Summer,4697
2020-08-04 00:00:00,0,1,217,Tuesday,August,Summer,3666
2022-08-22 00:00:00,2,3,234,Monday,August,Summer,1927
2022-04-17 00:00:00,16,17,107,Sunday,April,Spring,7694
2021-01-07 00:00:00,5,6,7,Thursday,January,Winter,487
2025-05-12 00:00:00,9,10,132,Monday,May,Spring,5922
2024-06-26 00:00:00,18,19,178,Wednesday,June,Summer,4295
2025-07-01 00:00:00,2,3,182,Tuesday,July,Summer,778
2023-06-09 00:00:00,5,6,160,Friday,June,Summer,4644
2023-08-24 00:00:00,17,18,236,Thursday,August,Summer,9861
2025-07-28 00:00:00,9,10,209,Monday,July,Summer,6834
2021-08-15 00:00:00,3,4,227,Sunday,August,Summer,883
2024-09-23 00:00:00,16,17,267,Monday,September,Fall,9135
2024-03-25 00:00:00,13,14,85,Monday,March,Spring,10853
2025-10-07 00:00:00,4,5,280,Tuesday,October,Fall,1733
2020-11-15 00:00:00,1,2,320,Sunday,November,Fall,10998
2023-09-14 00:00:00,14,15,257,Thursday,September,Fall,6131
2024-07-01 00:00:00,4,5,183,Monday,July,Summer,1845
2022-03-13 00:00:00,12,13,72,Sunday,March,Spring,10835
2021-03-04 00:00:00,22,23,63,Thursday,March,Spring,3145
2022-08-24 00:00:00,5,6,236,Wednesday,August,Summer,956
2025-06-06 00:00:00,18,19,157,Friday,June,Summer,10880
2021-12-30 00:00:00,9,10,364,Thursday,December,Winter,8720
2021-04-01 00:00:00,2,3,91,Thursday,April,Spring,1907
2023-08-06 00:00:00,22,23,218,Sunday,August,Summer,5369
2025-06-13 00:00:00,19,20,164,Friday,June,Summer,5374
2022-10-10 00:00:00,19,20,283,Monday,October,Fall,2196
2025-09-20 00:00:00,18,19,263,Saturday,September,Fall,11616
2023-09-08 00:00:00,17,18,251,Friday,September,Fall,4384
2021-12-30 00:00:00,22,23,364,Thursday,December,Winter,5452
2024-03-30 00:00:00,7,8,90,Saturday,March,Spring,3497
2023-05-08 00:00:00,17,18,128,Monday,May,Spring,5446
2021-04-25 00:00:00,11,12,115,Sunday,April,Spring,10262
2022-07-15 00:00:00,4,5,196,Friday,July,Summer,4379
2021-11-26 00:00:00,1,2,330,Friday,November,Fall,2597
2025-10-15 00:00:00,23,0,288,Wednesday,October,Fall,5351
2025-01-18 00:00:00,10,11,18,Saturday,January,Winter,3129
2025-03-16 00:00:00,16,17,75,Sunday,March,Spring,9489
2022-10-18 00:00:00,14,15,291,Tuesday,October,Fall,5808
2020-02-10 00:00:00,4,5,41,Monday,February,Winter,10052
2020-04-25 00:00:00,5,6,116,Saturday,April,Spring,1788
2023-05-18 00:00:00,5,6,138,Thursday,May,Spring,5769
2022-04-16 00:00:00,23,0,106,Saturday,April,Spring,8150
2020-03-29 00:00:00,10,11,89,Sunday,March,Spring,13965
2025-03-28 00:00:00,20,21,87,Friday,March,Spring,8242
2024-12-18 00:00:00,9,10,353,Wednesday,December,Winter,15999
2020-03-09 00:00:00,8,9,69,Monday,March,Spring,6477
2023-05-22 00:00:00,0,1,142,Monday,May,Spring,3806
2024-11-02 00:00:00,13,14,307,Saturday,November,Fall,7954
2022-03-07 00:00:00,0,1,66,Monday,March,Spring,7417
2023-01-25 00:00:00,8,9,25,Wednesday,January,Winter,2111
2021-01-15 00:00:00,9,10,15,Friday,January,Winter,6240
2022-05-19 00:00:00,5,6,139,Thursday,May,Spring,3542
2020-10-24 00:00:00,6,7,298,Saturday,October,Fall,7495
2021-10-28 00:00:00,8,9,301,Thursday,October,Fall,5807
2025-01-08 00:00:00,21,22,8,Wednesday,January,Winter,12892
2024-04-04 00:00:00,0,1,95,Thursday,April,Spring,12543
2020-12-18 00:00:00,8,9,353,Friday,December,Winter,6733
2022-09-25 00:00:00,15,16,268,Sunday,September,Fall,6102
2020-10-19 00:00:00,3,4,293,Monday,October,Fall,1464
2024-02-06 00:00:00,11,12,37,Tuesday,February,Winter,14493
2023-04-18 00:00:00,6,7,108,Tuesday,April,Spring,6520
2023-05-02 00:00:00,18,19,122,Tuesday,May,Spring,7162
2025-06-26 00:00:00,9,10,177,Thursday,June,Summer,9995
2024-09-18 00:00:00,16,17,262,Wednesday,September,Fall,16325
2024-11-22 00:00:00,1,2,327,Friday,November,Fall,6061
2023-03-20 00:00:00,1,2,79,Monday,March,Spring,1521
2022-01-13 00:00:00,1,2,13,Thursday,January,Winter,3054
2021-06-15 00:00:00,5,6,166,Tuesday,June,Summer,1611
2021-01-09 00:00:00,9,10,9,Saturday,January,Winter,4051
2022-02-15 00:00:00,0,1,46,Tuesday,February,Winter,6687
2020-03-18 00:00:00,12,13,78,Wednesday,March,Spring,4055
2025-08-31 00:00:00,1,2,243,Sunday,August,Summer,8549
2023-11-23 00:00:00,8,9,327,Thursday,November,Fall,3718
2023-09-12 00:00:00,12,13,255,Tuesday,September,Fall,4437
2020-09-10 00:00:00,21,22,254,Thursday,September,Fall,2030
2023-07-11 00:00:00,15,16,192,Tuesday,July,Summer,9554
2021-09-15 00:00:00,13,14,258,Wednesday,September,Fall,3942
2023-05-21 00:00:00,9,10,141,Sunday,May,Spring,5307
2021-04-15 00:00:00,10,11,105,Thursday,April,Spring,6346
2024-11-26 00:00:00,19,20,331,Tuesday,November,Fall,4935
2025-10-14 00:00:00,5,6,287,Tuesday,October,Fall,5919
2021-03-22 00:00:00,18,19,81,Monday,March,Spring,2993
2025-02-09 00:00:00,10,11,40,Sunday,February,Winter,4315
2024-07-14 00:00:00,8,9,196,Sunday,July,Summer,2477
2021-02-05 00:00:00,16,17,36,Friday,February,Winter,1998
2020-08-26 00:00:00,6,7,239,Wednesday,August,Summer,8678
2023-04-27 00:00:00,4,5,117,Thursday,April,Spring,1206
2023-03-06 00:00:00,0,1,65,Monday,March,Spring,1228
2025-05-12 00:00:00,1,2,132,Monday,May,Spring,2951
2023-02-06 00:00:00,15,16,37,Monday,February,Winter,8670
2020-08-04 00:00:00,14,15,217,Tuesday,August,Summer,5625
2023-03-01 00:00:00,21,22,60,Wednesday,March,Spring,7713
2022-10-01 00:00:00,22,23,274,Saturday,October,Fall,7629
2023-11-17 00:00:00,13,14,321,Friday,November,Fall,7387
2023-10-02 00:00:00,5,6,275,Monday,October,Fall,2482
2025-02-26 00:00:00,1,2,57,Wednesday,February,Winter,10324
2021-12-12 00:00:00,0,1,346,Sunday,December,Winter,5469
2022-09-08 00:00:00,20,21,251,Thursday,September,Fall,5147
2020-05-26 00:00:00,17,18,147,Tuesday,May,Spring,6931
2021-03-10 00:00:00,23,0,69,Wednesday,March,Spring,13439
2024-05-24 00:00:00,4,5,145,Friday,May,Spring,712
2020-06-09 00:00:00,13,14,161,Tuesday,June,Summer,5042
2023-09-03 00:00:00,0,1,246,Sunday,September,Fall,4539
2020-09-16 00:00:00,12,13,260,Wednesday,September,Fall,3732
2024-09-19 00:00:00,1,2,263,Thursday,September,Fall,8994
2023-06-07 00:00:00,23,0,158,Wednesday,June,Summer,5602
2023-10-14 00:00:00,0,1,287,Saturday,October,Fall,14148
2022-01-12 00:00:00,7,8,12,Wednesday,January,Winter,2263
2022-05-13 00:00:00,6,7,133,Friday,May,Spring,1900
2021-11-04 00:00:00,2,3,308,Thursday,November,Fall,2836
2020-05-02 00:00:00,2,3,123,Saturday,May,Spring,5334
2022-09-18 00:00:00,0,1,261,Sunday,September,Fall,3466
2023-06-08 00:00:00,15,16,159,Thursday,June,Summer,8328
2022-09-15 00:00:00,4,5,258,Thursday,September,Fall,1546
2023-03-17 00:00:00,1,2,76,Friday,March,Spring,8075
2025-01-09 00:00:00,13,14,9,Thursday,January,Winter,13396
2024-04-12 00:00:00,15,16,103,Friday,April,Spring,4291
2024-09-02 00:00:00,10,11,246,Monday,September,Fall,5818
2020-08-16 00:00:00,2,3,229,Sunday,August,Summer,1867
2020-09-30 00:00:00,7,8,274,Wednesday,September,Fall,1223
2022-06-20 00:00:00,17,18,171,Monday,June,Summer,6713
2021-06-05 00:00:00,3,4,156,Saturday,June,Summer,2400
2022-04-21 00:00:00,16,17,111,Thursday,April,Spring,6557
2024-06-22 00:00:00,3,4,174,Saturday,June,Summer,6081
2024-10-27 00:00:00,5,6,301,Sunday,October,Fall,1792
2023-05-30 00:00:00,21,22,150,Tuesday,May,Spring,9690
2024-05-20 00:00:00,5,6,141,Monday,May,Spring,1434
2025-04-03 00:00:00,23,0,93,Thursday,April,Spring,6528
2025-08-18 00:00:00,14,15,230,Monday,August,Summer,8983
2022-09-16 00:00:00,23,0,259,Friday,September,Fall,5346
2020-01-30 00:00:00,0,1,30,Thursday,January,Winter,5384
2022-04-10 00:00:00,17,18,100,Sunday,April,Spring,5961
2024-07-29 00:00:00,21,22,211,Monday,July,Summer,2404
2020-12-03 00:00:00,1,2,338,Thursday,December,Winter,3330
2022-07-30 00:00:00,6,7,211,Saturday,July,Summer,936
2023-10-20 00:00:00,3,4,293,Friday,October,Fall,4769
2022-08-17 00:00:00,17,18,229,Wednesday,August,Summer,3938
2022-07-07 00:00:00,1,2,188,Thursday,July,Summer,3488
2024-12-27 00:00:00,6,7,362,Friday,December,Winter,1298
2024-09-13 00:00:00,23,0,257,Friday,September,Fall,4267
2020-05-20 00:00:00,15,16,141,Wednesday,May,Spring,5220
2020-09-19 00:00:00,21,22,263,Saturday,September,Fall,2449
2022-02-19 00:00:00,22,23,50,Saturday,February,Winter,13745
2023-06-22 00:00:00,10,11,173,Thursday,June,Summer,5018
2024-12-17 00:00:00,16,17,352,Tuesday,December,Winter,5399
2023-03-04 00:00:00,2,3,63,Saturday,March,Spring,4916
2022-01-19 00:00:00,3,4,19,Wednesday,January,Winter,1605
2023-06-08 00:00:00,9,10,159,Thursday,June,Summer,6235
2023-09-10 00:00:00,17,18,253,Sunday,September,Fall,4930
2021-04-29 00:00:00,11,12,119,Thursday,April,Spring,3791
2025-11-19 00:00:00,16,17,323,Wednesday,November,Fall,13285
2023-11-06 00:00:00,9,10,310,Monday,November,Fall,12593
2022-07-18 00:00:00,11,12,199,Monday,July,Summer,6471
2021-09-15 00:00:00,2,3,258,Wednesday,September,Fall,2419
2022-05-08 00:00:00,8,9,128,Sunday,May,Spring,4118
2022-05-27 00:00:00,15,16,147,Friday,May,Spring,8174
2022-10-04 00:00:00,20,21,277,Tuesday,October,Fall,1168
2020-06-19 00:00:00,1,2,171,Friday,June,Summer,2319
2022-06-12 00:00:00,10,11,163,Sunday,June,Summer,4684
2022-10-08 00:00:00,9,10,281,Saturday,October,Fall,2465
2025-05-24 00:00:00,19,20,144,Saturday,May,Spring,8852
2025-09-30 00:00:00,20,21,273,Tuesday,September,Fall,2697
2025-07-06 00:00:00,20,21,187,Sunday,July,Summer,8639
2020-07-06 00:00:00,15,16,188,Monday,July,Summer,9681
2023-08-11 00:00:00,7,8,223,Friday,August,Summer,1918
2025-08-20 00:00:00,16,17,232,Wednesday,August,Summer,8881
2021-04-19 00:00:00,22,23,109,Monday,April,Spring,906
2021-05-10 00:00:00,7,8,130,Monday,May,Spring,7041
2021-03-07 00:00:00,2,3,66,Sunday,March,Spring,2521
2021-01-22 00:00:00,16,17,22,Friday,January,Winter,3696
2021-04-23 00:00:00,10,11,113,Friday,April,Spring,5659
2021-12-08 00:00:00,5,6,342,Wednesday,December,Winter,9297
2020-08-04 00:00:00,22,23,217,Tuesday,August,Summer,1340
2023-02-18 00:00:00,23,0,49,Saturday,February,Winter,8067
2022-12-14 00:00:00,21,22,348,Wednesday,December,Winter,2161
2023-07-09 00:00:00,3,4,190,Sunday,July,Summer,2355
2024-07-11 00:00:00,2,3,193,Thursday,July,Summer,1053
2020-02-24 00:00:00,10,11,55,Monday,February,Winter,11258
2021-02-03 00:00:00,2,3,34,Wednesday,February,Winter,9275
2022-12-05 00:00:00,23,0,339,Monday,December,Winter,1854
2023-04-23 00:00:00,0,1,113,Sunday,April,Spring,6724
2021-06-08 00:00:00,10,11,159,Tuesday,June,Summer,4183
2023-02-26 00:00:00,10,11,57,Sunday,February,Winter,20500
2024-03-02 00:00:00,10,11,62,Saturday,March,Spring,12926
2024-05-18 00:00:00,1,2,139,Saturday,May,Spring,713
2020-08-30 00:00:00,11,12,243,Sunday,August,Summer,5251
2021-09-29 00:00:00,14,15,272,Wednesday,September,Fall,11739
2021-08-03 00:00:00,0,1,215,Tuesday,August,Summer,930
2023-01-11 00:00:00,1,2,11,Wednesday,January,Winter,14468
2024-02-21 00:00:00,15,16,52,Wednesday,February,Winter,15550
2020-03-16 00:00:00,6,7,76,Monday,March,Spring,3309
2020-11-10 00:00:00,21,22,315,Tuesday,November,Fall,805
2022-11-08 00:00:00,1,2,312,Tuesday,November,Fall,12163
2022-11-14 00:00:00,2,3,318,Monday,November,Fall,3659
2024-02-15 00:00:00,18,19,46,Thursday,February,Winter,10200
2023-11-03 00:00:00,0,1,307,Friday,November,Fall,12874
2025-01-24 00:00:00,8,9,24,Friday,January,Winter,18114
2024-01-02 00:00:00,0,1,2,Tuesday,January,Winter,17307
2023-08-04 00:00:00,21,22,216,Friday,August,Summer,3747
2020-07-18 00:00:00,23,0,200,Saturday,July,Summer,1750
2021-07-21 00:00:00,4,5,202,Wednesday,July,Summer,2191
2023-03-31 00:00:00,15,16,90,Friday,March,Spring,21172
2023-01-05 00:00:00,12,13,5,Thursday,January,Winter,7199
2022-03-27 00:00:00,19,20,86,Sunday,March,Spring,1675
2023-09-24 00:00:00,10,11,267,Sunday,September,Fall,7784
2021-07-07 00:00:00,20,21,188,Wednesday,July,Summer,2231
2024-05-18 00:00:00,4,5,139,Saturday,May,Spring,556
2022-04-01 00:00:00,18,19,91,Friday,April,Spring,13751
2023-12-01 00:00:00,7,8,335,Friday,December,Winter,2590
2024-03-10 00:00:00,18,19,70,Sunday,March,Spring,975
2020-03-02 00:00:00,20,21,62,Monday,March,Spring,8827
2025-09-19 00:00:00,10,11,262,Friday,September,Fall,9787
2020-12-21 00:00:00,1,2,356,Monday,December,Winter,6095
2023-06-30 00:00:00,4,5,181,Friday,June,Summer,2629
2024-05-13 00:00:00,12,13,134,Monday,May,Spring,6365
2024-11-25 00:00:00,2,3,330,Monday,November,Fall,17724
2022-06-02 00:00:00,23,0,153,Thursday,June,Summer,4438
2022-03-01 00:00:00,10,11,60,Tuesday,March,Spring,4347
2020-09-12 00:00:00,9,10,256,Saturday,September,Fall,2461
2021-05-08 00:00:00,19,20,128,Saturday,May,Spring,6309
2022-09-25 00:00:00,2,3,268,Sunday,September,Fall,2749
2021-03-06 00:00:00,9,10,65,Saturday,March,Spring,6040
2022-01-15 00:00:00,21,22,15,Saturday,January,Winter,1036
2023-11-17 00:00:00,7,8,321,Friday,November,Fall,4109
2025-07-05 00:00:00,20,21,186,Saturday,July,Summer,5175
2021-06-12 00:00:00,12,13,163,Saturday,June,Summer,4821
2022-07-31 00:00:00,19,20,212,Sunday,July,Summer,5209
2024-03-20 00:00:00,15,16,80,Wednesday,March,Spring,5622
2020-04-23 00:00:00,7,8,114,Thursday,April,Spring,1746
2022-05-09 00:00:00,20,21,129,Monday,May,Spring,514
2024-03-06 00:00:00,10,11,66,Wednesday,March,Spring,5162
2021-02-26 00:00:00,5,6,57,Friday,February,Winter,2352
2025-11-20 00:00:00,5,6,324,Thursday,November,Fall,7116
2020-05-09 00:00:00,5,6,130,Saturday,May,Spring,1685
2025-08-21 00:00:00,1,2,233,Thursday,August,Summer,3653
2025-06-11 00:00:00,20,21,162,Wednesday,June,Summer,5029
2022-08-27 00:00:00,11,12,239,Saturday,August,Summer,6767
2023-09-10 00:00:00,12,13,253,Sunday,September,Fall,8323
2023-04-20 00:00:00,0,1,110,Thursday,April,Spring,8926
2021-03-24 00:00:00,4,5,83,Wednesday,March,Spring,1493
2022-11-19 00:00:00,12,13,323,Saturday,November,Fall,5271
2024-12-05 00:00:00,10,11,340,Thursday,December,Winter,16407
2025-04-22 00:00:00,3,4,112,Tuesday,April,Spring,2038
2021-09-14 00:00:00,19,20,257,Tuesday,September,Fall,1986
2020-11-23 00:00:00,3,4,328,Monday,November,Fall,245
2023-02-03 00:00:00,16,17,34,Friday,February,Winter,7659
2023-11-02 00:00:00,4,5,306,Thursday,November,Fall,15164
2025-05-29 00:00:00,14,15,149,Thursday,May,Spring,5853
2020-01-12 00:00:00,12,13,12,Sunday,January,Winter,9137
2021-08-28 00:00:00,20,21,240,Saturday,August,Summer,4826
2023-12-11 00:00:00,0,1,345,Monday,December,Winter,13562
2021-08-20 00:00:00,20,21,232,Friday,August,Summer,525
2024-02-14 00:00:00,9,10,45,Wednesday,February,Winter,10647
2022-11-09 00:00:00,17,18,313,Wednesday,November,Fall,4408
2020-10-13 00:00:00,9,10,287,Tuesday,October,Fall,4332
2023-09-25 00:00:00,21,22,268,Monday,September,Fall,525
2024-10-08 00:00:00,7,8,282,Tuesday,October,Fall,10208
2021-08-16 00:00:00,2,3,228,Monday,August,Summer,4074
2022-04-25 00:00:00,9,10,115,Monday,April,Spring,4334
2025-06-05 00:00:00,22,23,156,Thursday,June,Summer,12352
2023-05-30 00:00:00,12,13,150,Tuesday,May,Spring,13676
2020-08-22 00:00:00,3,4,235,Saturday,August,Summer,4955
2021-12-09 00:00:00,16,17,343,Thursday,December,Winter,5379
2020-01-25 00:00:00,12,13,25,Saturday,January,Winter,2654
2023-05-16 00:00:00,1,2,136,Tuesday,May,Spring,7661
2023-10-28 00:00:00,11,12,301,Saturday,October,Fall,16187
2021-06-19 00:00:00,0,1,170,Saturday,June,Summer,3276
2023-02-14 00:00:00,15,16,45,Tuesday,February,Winter,5164
2022-03-21 00:00:00,10,11,80,Monday,March,Spring,6419
2023-09-22 00:00:00,21,22,265,Friday,September,Fall,5871
2021-10-17 00:00:00,1,2,290,Sunday,October,Fall,1752
2024-07-29 00:00:00,4,5,211,Monday,July,Summer,5316
2024-02-09 00:00:00,4,5,40,Friday,February,Winter,16307
2022-03-17 00:00:00,13,14,76,Thursday,March,Spring,5469
2022-04-02 00:00:00,19,20,92,Saturday,April,Spring,7493
2022-09-25 00:00:00,7,8,268,Sunday,September,Fall,2772
2025-09-26 00:00:00,18,19,269,Friday,September,Fall,1324
2024-10-28 00:00:00,0,1,302,Monday,October,Fall,477
2023-01-21 00:00:00,4,5,21,Saturday,January,Winter,7168
2024-10-23 00:00:00,18,19,297,Wednesday,October,Fall,2844
2020-06-27 00:00:00,22,23,179,Saturday,June,Summer,4430
2020-07-29 00:00:00,20,21,211,Wednesday,July,Summer,708
2022-07-09 00:00:00,9,10,190,Saturday,July,Summer,4215
2021-12-31 00:00:00,4,5,365,Friday,December,Winter,5884
2025-03-01 00:00:00,10,11,60,Saturday,March,Spring,12156
2021-02-16 00:00:00,23,0,47,Tuesday,February,Winter,9342
2022-01-13 00:00:00,7,8,13,Thursday,January,Winter,2614
2024-02-14 00:00:00,20,21,45,Wednesday,February,Winter,7478
2024-11-09 00:00:00,2,3,314,Saturday,November,Fall,1560
2020-03-02 00:00:00,2,3,62,Monday,March,Spring,8017
2020-06-18 00:00:00,19,20,170,Thursday,June,Summer,3276
2021-09-08 00:00:00,18,19,251,Wednesday,September,Fall,3479
2022-04-16 00:00:00,8,9,106,Saturday,April,Spring,5476
2024-01-26 00:00:00,18,19,26,Friday,January,Winter,3375
2020-09-05 00:00:00,15,16,249,Saturday,September,Fall,5374
2021-11-28 00:00:00,6,7,332,Sunday,November,Fall,9221
2021-12-13 00:00:00,12,13,347,Monday,December,Winter,3477
2024-04-07 00:00:00,19,20,98,Sunday,April,Spring,6864
2023-10-23 00:00:00,7,8,296,Monday,October,Fall,7522
2021-10-26 00:00:00,19,20,299,Tuesday,October,Fall,3013
2020-04-25 00:00:00,10,11,116,Saturday,April,Spring,3420
2022-12-10 00:00:00,7,8,344,Saturday,December,Winter,1455
2022-09-07 00:00:00,21,22,250,Wednesday,September,Fall,3796
2022-09-10 00:00:00,23,0,253,Saturday,September,Fall,1212
2023-01-31 00:00:00,9,10,31,Tuesday,January,Winter,4810
2025-05-24 00:00:00,22,23,144,Saturday,May,Spring,6806
2022-10-18 00:00:00,12,13,291,Tuesday,October,Fall,5685
2023-11-08 00:00:00,13,14,312,Wednesday,November,Fall,18274
2020-11-18 00:00:00,17,18,323,Wednesday,November,Fall,6191
2020-12-07 00:00:00,10,11,342,Monday,December,Winter,1923
2024-03-30 00:00:00,17,18,90,Saturday,March,Spring,6296
2023-05-13 00:00:00,9,10,133,Saturday,May,Spring,6102
2022-12-19 00:00:00,15,16,353,Monday,December,Winter,13925
2022-05-27 00:00:00,12,13,147,Friday,May,Spring,6760
2022-04-18 00:00:00,13,14,108,Monday,April,Spring,5569
2023-02-07 00:00:00,4,5,38,Tuesday,February,Winter,8388
2022-06-13 00:00:00,4,5,164,Monday,June,Summer,3562
2022-05-20 00:00:00,9,10,140,Friday,May,Spring,5745
2025-08-31 00:00:00,8,9,243,Sunday,August,Summer,4739
2024-07-16 00:00:00,8,9,198,Tuesday,July,Summer,9494
2025-06-22 00:00:00,22,23,173,Sunday,June,Summer,2524
2023-12-06 00:00:00,21,22,340,Wednesday,December,Winter,2268
2025-08-29 00:00:00,12,13,241,Friday,August,Summer,16980
2022-05-24 00:00:00,18,19,144,Tuesday,May,Spring,4509
2023-09-10 00:00:00,23,0,253,Sunday,September,Fall,2891
2025-04-14 00:00:00,15,16,104,Monday,April,Spring,8284
2025-02-14 00:00:00,12,13,45,Friday,February,Winter,9622
2025-05-24 00:00:00,1,2,144,Saturday,May,Spring,2417
2022-07-19 00:00:00,10,11,200,Tuesday,July,Summer,6985
2023-11-30 00:00:00,23,0,334,Thursday,November,Fall,1459
2025-02-03 00:00:00,0,1,34,Monday,February,Winter,1663
2020-07-02 00:00:00,17,18,184,Thursday,July,Summer,6989
2025-03-29 00:00:00,15,16,88,Saturday,March,Spring,12588
2025-10-20 00:00:00,21,22,293,Monday,October,Fall,17019
2020-07-11 00:00:00,8,9,193,Saturday,July,Summer,2387
2021-08-13 00:00:00,10,11,225,Friday,August,Summer,3071
2025-05-13 00:00:00,19,20,133,Tuesday,May,Spring,3028
2022-05-28 00:00:00,7,8,148,Saturday,May,Spring,3736
2024-05-25 00:00:00,19,20,146,Saturday,May,Spring,2497
2024-03-01 00:00:00,16,17,61,Friday,March,Spring,15488
2025-02-01 00:00:00,12,13,32,Saturday,February,Winter,6265
2020-01-29 00:00:00,11,12,29,Wednesday,January,Winter,8656
2025-06-24 00:00:00,6,7,175,Tuesday,June,Summer,2381
2024-07-25 00:00:00,19,20,207,Thursday,July,Summer,3757
2021-12-12 00:00:00,15,16,346,Sunday,December,Winter,3406
2023-07-30 00:00:00,10,11,211,Sunday,July,Summer,10162
2021-08-10 00:00:00,12,13,222,Tuesday,August,Summer,5674
2023-04-19 00:00:00,6,7,109,Wednesday,April,Spring,6801
2025-09-12 00:00:00,21,22,255,Friday,September,Fall,6028
2023-03-14 00:00:00,13,14,73,Tuesday,March,Spring,20075
2022-08-19 00:00:00,13,14,231,Friday,August,Summer,8025
2021-08-28 00:00:00,16,17,240,Saturday,August,Summer,9387
2022-03-03 00:00:00,12,13,62,Thursday,March,Spring,4140
2020-02-19 00:00:00,12,13,50,Wednesday,February,Winter,8496
2022-03-09 00:00:00,22,23,68,Wednesday,March,Spring,6290
2023-08-25 00:00:00,10,11,237,Friday,August,Summer,7231
2023-08-26 00:00:00,18,19,238,Saturday,August,Summer,3633
2025-01-05 00:00:00,2,3,5,Sunday,January,Winter,11792
2023-06-15 00:00:00,17,18,166,Thursday,June,Summer,6607
2022-06-22 00:00:00,10,11,173,Wednesday,June,Summer,4827
2021-07-28 00:00:00,12,13,209,Wednesday,July,Summer,8959
2022-08-09 00:00:00,2,3,221,Tuesday,August,Summer,6809
2021-09-19 00:00:00,0,1,262,Sunday,September,Fall,3579
2022-06-05 00:00:00,22,23,156,Sunday,June,Summer,3284
2021-05-17 00:00:00,1,2,137,Monday,May,Spring,10855
2024-01-06 00:00:00,22,23,6,Saturday,January,Winter,7362
2025-06-22 00:00:00,8,9,173,Sunday,June,Summer,4620
2021-05-24 00:00:00,15,16,144,Monday,May,Spring,13322
2021-12-16 00:00:00,4,5,350,Thursday,December,Winter,1969
2021-09-09 00:00:00,14,15,252,Thursday,September,Fall,5286
2020-11-28 00:00:00,23,0,333,Saturday,November,Fall,4754
2020-06-05 00:00:00,15,16,157,Friday,June,Summer,14071
2024-11-15 00:00:00,16,17,320,Friday,November,Fall,1821
2024-09-13 00:00:00,16,17,257,Friday,September,Fall,10679
2022-07-19 00:00:00,17,18,200,Tuesday,July,Summer,8845
2021-06-17 00:00:00,2,3,168,Thursday,June,Summer,4974
2022-02-22 00:00:00,21,22,53,Tuesday,February,Winter,8837
2024-01-17 00:00:00,20,21,17,Wednesday,January,Winter,7330
2022-04-08 00:00:00,2,3,98,Friday,April,Spring,7881
2022-10-30 00:00:00,18,19,303,Sunday,October,Fall,1624
2023-07-09 00:00:00,9,10,190,Sunday,July,Summer,4410
2020-06-02 00:00:00,11,12,154,Tuesday,June,Summer,3384
2025-07-21 00:00:00,4,5,202,Monday,July,Summer,10394
2024-10-18 00:00:00,18,19,292,Friday,October,Fall,2532
2022-09-02 00:00:00,22,23,245,Friday,September,Fall,1024
2023-05-27 00:00:00,14,15,147,Saturday,May,Spring,5976
2020-03-15 00:00:00,8,9,75,Sunday,March,Spring,5982
2024-10-23 00:00:00,9,10,297,Wednesday,October,Fall,3405
2020-12-25 00:00:00,9,10,360,Friday,December,Winter,6570
2025-03-12 00:00:00,21,22,71,Wednesday,March,Spring,2248
2023-03-03 00:00:00,21,22,62,Friday,March,Spring,5856
2022-10-10 00:00:00,22,23,283,Monday,October,Fall,2564
2020-06-24 00:00:00,8,9,176,Wednesday,June,Summer,3766
2020-10-26 00:00:00,2,3,300,Monday,October,Fall,5700
2022-01-10 00:00:00,21,22,10,Monday,January,Winter,2603
2024-09-03 00:00:00,2,3,247,Tuesday,September,Fall,513
2021-02-03 00:00:00,7,8,34,Wednesday,February,Winter,9834
2020-10-05 00:00:00,6,7,279,Monday,October,Fall,9314
2021-08-18 00:00:00,18,19,230,Wednesday,August,Summer,3918
2021-07-08 00:00:00,3,4,189,Thursday,July,Summer,1458
2022-08-20 00:00:00,12,13,232,Saturday,August,Summer,6090
2023-02-24 00:00:00,13,14,55,Friday,February,Winter,6198
2025-07-05 00:00:00,9,10,186,Saturday,July,Summer,6839
2024-01-21 00:00:00,2,3,21,Sunday,January,Winter,11855
2021-02-27 00:00:00,23,0,58,Saturday,February,Winter,8380
2024-10-13 00:00:00,5,6,287,Sunday,October,Fall,2418
2022-06-20 00:00:00,3,4,171,Monday,June,Summer,4084
2023-12-03 00:00:00,5,6,337,Sunday,December,Winter,6861
2021-08-04 00:00:00,14,15,216,Wednesday,August,Summer,3337
2020-07-07 00:00:00,9,10,189,Tuesday,July,Summer,3236
2023-10-10 00:00:00,15,16,283,Tuesday,October,Fall,6674
2020-02-11 00:00:00,2,3,42,Tuesday,February,Winter,12337
2021-07-02 00:00:00,13,14,183,Friday,July,Summer,4836
2024-08-27 00:00:00,0,1,240,Tuesday,August,Summer,2350
2022-07-18 00:00:00,19,20,199,Monday,July,Summer,3281
2025-10-08 00:00:00,18,19,281,Wednesday,October,Fall,2375
2023-12-06 00:00:00,1,2,340,Wednesday,December,Winter,3323
2024-09-30 00:00:00,9,10,274,Monday,September,Fall,15849
2022-05-05 00:00:00,1,2,125,Thursday,May,Spring,2097
2020-04-17 00:00:00,18,19,108,Friday,April,Spring,2983
2020-09-29 00:00:00,12,13,273,Tuesday,September,Fall,3747
2023-03-29 00:00:00,17,18,88,Wednesday,March,Spring,9807
2025-02-26 00:00:00,5,6,57,Wednesday,February,Winter,7888
2025-02-01 00:00:00,23,0,32,Saturday,February,Winter,3977
2025-04-30 00:00:00,6,7,120,Wednesday,April,Spring,3827
2021-04-23 00:00:00,3,4,113,Friday,April,Spring,6116
2022-07-11 00:00:00,22,23,192,Monday,July,Summer,3652
2020-06-26 00:00:00,6,7,178,Friday,June,Summer,3199
2025-08-02 00:00:00,7,8,214,Saturday,August,Summer,4482
2025-05-11 00:00:00,17,18,131,Sunday,May,Spring,4090
2021-11-16 00:00:00,18,19,320,Tuesday,November,Fall,1101
2021-04-20 00:00:00,19,20,110,Tuesday,April,Spring,1160
2022-03-24 00:00:00,14,15,83,Thursday,March,Spring,6833
2020-12-09 00:00:00,7,8,344,Wednesday,December,Winter,2764
2020-02-21 00:00:00,10,11,52,Friday,February,Winter,5295
2025-04-05 00:00:00,21,22,95,Saturday,April,Spring,8059
2024-09-06 00:00:00,0,1,250,Friday,September,Fall,764
2025-04-05 00:00:00,4,5,95,Saturday,April,Spring,7492
2025-07-13 00:00:00,0,1,194,Sunday,July,Summer,4224
2024-03-09 00:00:00,21,22,69,Saturday,March,Spring,5774
2023-04-07 00:00:00,19,20,97,Friday,April,Spring,3276
2022-08-02 00:00:00,12,13,214,Tuesday,August,Summer,6726
2022-06-17 00:00:00,14,15,168,Friday,June,Summer,6767
2020-08-14 00:00:00,14,15,227,Friday,August,Summer,4993
2024-12-03 00:00:00,20,21,338,Tuesday,December,Winter,1073
2024-10-13 00:00:00,22,23,287,Sunday,October,Fall,2745
2023-08-29 00:00:00,0,1,241,Tuesday,August,Summer,2934
2023-02-22 00:00:00,4,5,53,Wednesday,February,Winter,3066
2021-09-08 00:00:00,5,6,251,Wednesday,September,Fall,5438
2022-05-05 00:00:00,10,11,125,Thursday,May,Spring,4537
2022-11-04 00:00:00,7,8,308,Friday,November,Fall,6522
2021-07-16 00:00:00,23,0,197,Friday,July,Summer,3250
2022-07-23 00:00:00,7,8,204,Saturday,July,Summer,1348
2025-03-18 00:00:00,15,16,77,Tuesday,March,Spring,14023
2023-09-21 00:00:00,22,23,264,Thursday,September,Fall,6683
2023-04-24 00:00:00,9,10,114,Monday,April,Spring,7316
2021-09-03 00:00:00,7,8,246,Friday,September,Fall,2116
2023-09-02 00:00:00,23,0,245,Saturday,September,Fall,4684
2021-10-20 00:00:00,6,7,293,Wednesday,October,Fall,10876
2021-03-12 00:00:00,23,0,71,Friday,March,Spring,13614
2025-10-03 00:00:00,6,7,276,Friday,October,Fall,5127
2023-09-19 00:00:00,23,0,262,Tuesday,September,Fall,6877
2020-02-17 00:00:00,1,2,48,Monday,February,Winter,8444
2022-10-17 00:00:00,6,7,290,Monday,October,Fall,7788
2022-01-05 00:00:00,3,4,5,Wednesday,January,Winter,7616
2025-07-17 00:00:00,9,10,198,Thursday,July,Summer,5531
2021-09-22 00:00:00,18,19,265,Wednesday,September,Fall,2088
2025-06-20 00:00:00,11,12,171,Friday,June,Summer,10259
2022-02-18 00:00:00,15,16,49,Friday,February,Winter,14791
2022-04-03 00:00:00,22,23,93,Sunday,April,Spring,1510
2020-10-16 00:00:00,18,19,290,Friday,October,Fall,1636
2022-10-06 00:00:00,5,6,279,Thursday,October,Fall,2090
2020-04-28 00:00:00,23,0,119,Tuesday,April,Spring,4946
2023-03-13 00:00:00,23,0,72,Monday,March,Spring,15758
2020-05-26 00:00:00,21,22,147,Tuesday,May,Spring,4408
2022-09-29 00:00:00,6,7,272,Thursday,September,Fall,1419
2025-06-29 00:00:00,4,5,180,Sunday,June,Summer,2696
2025-06-26 00:00:00,12,13,177,Thursday,June,Summer,14264
2020-05-26 00:00:00,18,19,147,Tuesday,May,Spring,6277
2021-09-07 00:00:00,17,18,250,Tuesday,September,Fall,6012
2020-10-16 00:00:00,5,6,290,Friday,October,Fall,3142
2025-06-20 00:00:00,22,23,171,Friday,June,Summer,4161
2020-12-02 00:00:00,14,15,337,Wednesday,December,Winter,2577
2020-04-03 00:00:00,13,14,94,Friday,April,Spring,5002
2023-06-19 00:00:00,12,13,170,Monday,June,Summer,6321
2022-07-14 00:00:00,21,22,195,Thursday,July,Summer,5239
2021-03-17 00:00:00,21,22,76,Wednesday,March,Spring,5437
2022-12-08 00:00:00,3,4,342,Thursday,December,Winter,1242
2020-12-12 00:00:00,19,20,347,Saturday,December,Winter,6484
2022-09-15 00:00:00,18,19,258,Thursday,September,Fall,3250
2023-11-19 00:00:00,6,7,323,Sunday,November,Fall,11720
2024-03-08 00:00:00,11,12,68,Friday,March,Spring,10265
2025-11-13 00:00:00,18,19,317,Thursday,November,Fall,10591
2020-03-22 00:00:00,21,22,82,Sunday,March,Spring,9593
2024-05-22 00:00:00,1,2,143,Wednesday,May,Spring,4611
2022-07-25 00:00:00,23,0,206,Monday,July,Summer,5596
2023-01-01 00:00:00,1,2,1,Sunday,January,Winter,11283
2020-12-11 00:00:00,1,2,346,Friday,December,Winter,6767
2023-07-01 00:00:00,5,6,182,Saturday,July,Summer,7440
2021-05-03 00:00:00,4,5,123,Monday,May,Spring,657
2020-08-27 00:00:00,15,16,240,Thursday,August,Summer,7459
2023-12-27 00:00:00,12,13,361,Wednesday,December,Winter,13912
2024-04-11 00:00:00,17,18,102,Thursday,April,Spring,5597
2021-10-01 00:00:00,22,23,274,Friday,October,Fall,4034
2025-09-23 00:00:00,12,13,266,Tuesday,September,Fall,12969
2021-03-19 00:00:00,20,21,78,Friday,March,Spring,7181
2020-12-27 00:00:00,19,20,362,Sunday,December,Winter,8326
2021-05-10 00:00:00,18,19,130,Monday,May,Spring,4506
2020-11-03 00:00:00,5,6,308,Tuesday,November,Fall,3252
2024-11-03 00:00:00,22,23,308,Sunday,November,Fall,2791
2021-05-09 00:00:00,4,5,129,Sunday,May,Spring,8251
2025-06-10 00:00:00,9,10,161,Tuesday,June,Summer,7037
2024-03-06 00:00:00,22,23,66,Wednesday,March,Spring,2314
2020-11-03 00:00:00,11,12,308,Tuesday,November,Fall,7836
2021-09-18 00:00:00,7,8,261,Saturday,September,Fall,1755
2020-05-04 00:00:00,19,20,125,Monday,May,Spring,4587
2022-02-14 00:00:00,18,19,45,Monday,February,Winter,6618
2020-10-18 00:00:00,18,19,292,Sunday,October,Fall,522
2020-11-11 00:00:00,6,7,316,Wednesday,November,Fall,733
2024-05-13 00:00:00,20,21,134,Monday,May,Spring,3925
2025-01-14 00:00:00,23,0,14,Tuesday,January,Winter,2984
2022-08-26 00:00:00,17,18,238,Friday,August,Summer,5462
2020-06-26 00:00:00,18,19,178,Friday,June,Summer,3680
2025-04-24 00:00:00,21,22,114,Thursday,April,Spring,4076
2025-11-24 00:00:00,22,23,328,Monday,November,Fall,9801
2023-07-13 00:00:00,5,6,194,Thursday,July,Summer,2155
2021-08-28 00:00:00,6,7,240,Saturday,August,Summer,3722
2025-09-23 00:00:00,15,16,266,Tuesday,September,Fall,12917
2022-09-16 00:00:00,10,11,259,Friday,September,Fall,4975
2022-03-10 00:00:00,17,18,69,Thursday,March,Spring,4799
2025-06-07 00:00:00,8,9,158,Saturday,June,Summer,9072
2025-07-25 00:00:00,4,5,206,Friday,July,Summer,2111
2020-12-14 00:00:00,13,14,349,Monday,December,Winter,6019
2021-04-21 00:00:00,20,21,111,Wednesday,April,Spring,5054
2022-10-19 00:00:00,21,22,292,Wednesday,October,Fall,7426
2025-04-13 00:00:00,13,14,103,Sunday,April,Spring,4783
2025-11-07 00:00:00,0,1,311,Friday,November,Fall,2662
2024-08-20 00:00:00,7,8,233,Tuesday,August,Summer,3600
2024-07-30 00:00:00,21,22,212,Tuesday,July,Summer,2502
2023-03-07 00:00:00,22,23,66,Tuesday,March,Spring,6916
2020-12-13 00:00:00,3,4,348,Sunday,December,Winter,4008
2023-03-17 00:00:00,13,14,76,Friday,March,Spring,12263
2023-09-11 00:00:00,4,5,254,Monday,September,Fall,1317
2023-03-12 00:00:00,1,2,71,Sunday,March,Spring,6082
2020-10-14 00:00:00,18,19,288,Wednesday,October,Fall,5325
2025-11-06 00:00:00,12,13,310,Thursday,November,Fall,6278
2024-04-26 00:00:00,16,17,117,Friday,April,Spring,5775
2024-11-03 00:00:00,3,4,308,Sunday,November,Fall,3106
2022-06-22 00:00:00,23,0,173,Wednesday,June,Summer,1640
2020-03-20 00:00:00,23,0,80,Friday,March,Spring,8105
2025-08-19 00:00:00,19,20,231,Tuesday,August,Summer,4330
2021-09-28 00:00:00,10,11,271,Tuesday,September,Fall,3345
2021-08-22 00:00:00,12,13,234,Sunday,August,Summer,8102
2024-05-04 00:00:00,12,13,125,Saturday,May,Spring,9129
2024-10-04 00:00:00,3,4,278,Friday,October,Fall,4898
2022-03-04 00:00:00,23,0,63,Friday,March,Spring,3137
2022-12-10 00:00:00,19,20,344,Saturday,December,Winter,1861
2025-01-29 00:00:00,3,4,29,Wednesday,January,Winter,15556
2021-01-10 00:00:00,10,11,10,Sunday,January,Winter,4394
2020-11-15 00:00:00,0,1,320,Sunday,November,Fall,10818
2020-04-18 00:00:00,15,16,109,Saturday,April,Spring,2973
2022-02-03 00:00:00,5,6,34,Thursday,February,Winter,2929
2022-09-13 00:00:00,21,22,256,Tuesday,September,Fall,2822
2024-11-26 00:00:00,17,18,331,Tuesday,November,Fall,3769
2021-01-27 00:00:00,10,11,27,Wednesday,January,Winter,5277
2025-08-21 00:00:00,17,18,233,Thursday,August,Summer,10878
2025-07-11 00:00:00,1,2,192,Friday,July,Summer,4862
2022-12-31 00:00:00,4,5,365,Saturday,December,Winter,15764
2023-08-08 00:00:00,10,11,220,Tuesday,August,Summer,7019
2020-12-29 00:00:00,21,22,364,Tuesday,December,Winter,3155
2021-09-01 00:00:00,11,12,244,Wednesday,September,Fall,9100
2020-12-07 00:00:00,5,6,342,Monday,December,Winter,910
2025-10-04 00:00:00,15,16,277,Saturday,October,Fall,13739
2025-06-19 00:00:00,5,6,170,Thursday,June,Summer,4974
2022-09-03 00:00:00,17,18,246,Saturday,September,Fall,5467
2024-07-01 00:00:00,16,17,183,Monday,July,Summer,9539
2021-09-18 00:00:00,15,16,261,Saturday,September,Fall,3777
2020-01-14 00:00:00,12,13,14,Tuesday,January,Winter,14254
2021-09-20 00:00:00,2,3,263,Monday,September,Fall,1783
2021-12-11 00:00:00,3,4,345,Saturday,December,Winter,7886
2020-04-04 00:00:00,21,22,95,Saturday,April,Spring,5074
2022-11-05 00:00:00,18,19,309,Saturday,November,Fall,5536
2021-07-26 00:00:00,20,21,207,Monday,July,Summer,2420
2022-11-26 00:00:00,12,13,330,Saturday,November,Fall,5590
2020-09-18 00:00:00,13,14,262,Friday,September,Fall,6346
2020-02-04 00:00:00,16,17,35,Tuesday,February,Winter,11924
2024-05-14 00:00:00,4,5,135,Tuesday,May,Spring,7995
2023-07-28 00:00:00,19,20,209,Friday,July,Summer,5624
2022-06-29 00:00:00,17,18,180,Wednesday,June,Summer,5001
2023-06-24 00:00:00,23,0,175,Saturday,June,Summer,2828
2023-05-27 00:00:00,8,9,147,Saturday,May,Spring,5721
2025-06-16 00:00:00,20,21,167,Monday,June,Summer,2901
2023-06-10 00:00:00,18,19,161,Saturday,June,Summer,4468
2025-08-01 00:00:00,8,9,213,Friday,August,Summer,3518
2023-10-18 00:00:00,2,3,291,Wednesday,October,Fall,10652
2020-03-18 00:00:00,16,17,78,Wednesday,March,Spring,2387
2024-03-14 00:00:00,8,9,74,Thursday,March,Spring,7457
2025-05-16 00:00:00,23,0,136,Friday,May,Spring,8373
2023-02-18 00:00:00,0,1,49,Saturday,February,Winter,5548
2022-07-23 00:00:00,16,17,204,Saturday,July,Summer,6197
2022-08-16 00:00:00,12,13,228,Tuesday,August,Summer,6043
2024-02-18 00:00:00,12,13,49,Sunday,February,Winter,14825
2024-12-20 00:00:00,3,4,355,Friday,December,Winter,8808
2022-10-25 00:00:00,22,23,298,Tuesday,October,Fall,6592
2022-12-11 00:00:00,21,22,345,Sunday,December,Winter,1627
2025-11-04 00:00:00,18,19,308,Tuesday,November,Fall,14445
2020-08-14 00:00:00,0,1,227,Friday,August,Summer,2144
2020-05-10 00:00:00,13,14,131,Sunday,May,Spring,2623
2020-03-03 00:00:00,20,21,63,Tuesday,March,Spring,2875
2022-12-18 00:00:00,0,1,352,Sunday,December,Winter,4061
2022-10-11 00:00:00,17,18,284,Tuesday,October,Fall,1835
2021-11-03 00:00:00,16,17,307,Wednesday,November,Fall,3274
2023-03-03 00:00:00,2,3,62,Friday,March,Spring,4064
2022-07-30 00:00:00,14,15,211,Saturday,July,Summer,7363
2022-04-27 00:00:00,19,20,117,Wednesday,April,Spring,6697
2025-11-08 00:00:00,1,2,312,Saturday,November,Fall,1793
2025-05-31 00:00:00,3,4,151,Saturday,May,Spring,879
2020-08-08 00:00:00,13,14,221,Saturday,August,Summer,4095
2025-05-31 00:00:00,18,19,151,Saturday,May,Spring,5672
2025-08-16 00:00:00,10,11,228,Saturday,August,Summer,10645
2023-12-25 00:00:00,14,15,359,Monday,December,Winter,14253
2022-06-01 00:00:00,19,20,152,Wednesday,June,Summer,2649
2023-04-13 00:00:00,1,2,103,Thursday,April,Spring,15743
2020-07-21 00:00:00,22,23,203,Tuesday,July,Summer,5093
2020-05-01 00:00:00,21,22,122,Friday,May,Spring,7037
2024-01-01 00:00:00,3,4,1,Monday,January,Winter,9309
2024-01-16 00:00:00,15,16,16,Tuesday,January,Winter,1871
2025-07-11 00:00:00,14,15,192,Friday,July,Summer,13109
2020-06-29 00:00:00,3,4,181,Monday,June,Summer,2917
2024-01-17 00:00:00,18,19,17,Wednesday,January,Winter,9363
2025-03-31 00:00:00,10,11,90,Monday,March,Spring,9527
2021-09-22 00:00:00,3,4,265,Wednesday,September,Fall,2010
2021-01-03 00:00:00,8,9,3,Sunday,January,Winter,1604
2023-04-01 00:00:00,15,16,91,Saturday,April,Spring,16341
2025-02-14 00:00:00,9,10,45,Friday,February,Winter,6637
2024-09-14 00:00:00,23,0,258,Saturday,September,Fall,3929
2023-02-09 00:00:00,6,7,40,Thursday,February,Winter,1172
2023-10-23 00:00:00,4,5,296,Monday,October,Fall,5375
2021-01-31 00:00:00,6,7,31,Sunday,January,Winter,3009
2023-02-26 00:00:00,11,12,57,Sunday,February,Winter,22043
2025-07-25 00:00:00,14,15,206,Friday,July,Summer,9373
2024-11-23 00:00:00,21,22,328,Saturday,November,Fall,19031
2022-07-01 00:00:00,22,23,182,Friday,July,Summer,845
2021-06-06 00:00:00,21,22,157,Sunday,June,Summer,1802
2024-07-08 00:00:00,8,9,190,Monday,July,Summer,3111
2024-04-07 00:00:00,23,0,98,Sunday,April,Spring,4677
2021-05-17 00:00:00,12,13,137,Monday,May,Spring,15300
2023-03-15 00:00:00,19,20,74,Wednesday,March,Spring,2059
2024-02-18 00:00:00,0,1,49,Sunday,February,Winter,5504
2025-03-25 00:00:00,21,22,84,Tuesday,March,Spring,3839
2020-05-05 00:00:00,8,9,126,Tuesday,May,Spring,5591
2025-05-03 00:00:00,3,4,123,Saturday,May,Spring,6936
2023-06-04 00:00:00,23,0,155,Sunday,June,Summer,6760
2023-09-22 00:00:00,22,23,265,Friday,September,Fall,6457
2020-05-10 00:00:00,5,6,131,Sunday,May,Spring,2056
2020-07-11 00:00:00,11,12,193,Saturday,July,Summer,4885
2024-07-21 00:00:00,0,1,203,Sunday,July,Summer,3435
2023-07-18 00:00:00,9,10,199,Tuesday,July,Summer,4325
2025-06-29 00:00:00,1,2,180,Sunday,June,Summer,3834
2024-05-22 00:00:00,9,10,143,Wednesday,May,Spring,8005
2024-04-08 00:00:00,22,23,99,Monday,April,Spring,9778
2020-07-05 00:00:00,1,2,187,Sunday,July,Summer,7405
2021-01-11 00:00:00,17,18,11,Monday,January,Winter,6090
2021-02-28 00:00:00,3,4,59,Sunday,February,Winter,7607
2024-08-13 00:00:00,5,6,226,Tuesday,August,Summer,1209
2020-05-29 00:00:00,10,11,150,Friday,May,Spring,5407
2022-02-25 00:00:00,19,20,56,Friday,February,Winter,3155
2024-08-24 00:00:00,13,14,237,Saturday,August,Summer,10581
2023-08-19 00:00:00,11,12,231,Saturday,August,Summer,6990
2020-03-03 00:00:00,7,8,63,Tuesday,March,Spring,4102
2021-08-17 00:00:00,17,18,229,Tuesday,August,Summer,7713
2024-03-03 00:00:00,0,1,63,Sunday,March,Spring,2949
2020-08-30 00:00:00,0,1,243,Sunday,August,Summer,2869
2021-10-09 00:00:00,2,3,282,Saturday,October,Fall,3926
2020-05-10 00:00:00,17,18,131,Sunday,May,Spring,4035
2020-03-27 00:00:00,18,19,87,Friday,March,Spring,2867
2023-11-11 00:00:00,13,14,315,Saturday,November,Fall,5880
2023-10-31 00:00:00,1,2,304,Tuesday,October,Fall,7202
2025-03-15 00:00:00,10,11,74,Saturday,March,Spring,15859
2023-09-22 00:00:00,14,15,265,Friday,September,Fall,13152
2023-02-19 00:00:00,9,10,50,Sunday,February,Winter,5578
2023-05-04 00:00:00,8,9,124,Thursday,May,Spring,7756
2021-06-13 00:00:00,14,15,164,Sunday,June,Summer,5069
2022-01-25 00:00:00,9,10,25,Tuesday,January,Winter,1114
2023-07-08 00:00:00,21,22,189,Saturday,July,Summer,1136
2021-09-29 00:00:00,6,7,272,Wednesday,September,Fall,6686
2020-06-26 00:00:00,11,12,178,Friday,June,Summer,4861
2022-07-26 00:00:00,12,13,207,Tuesday,July,Summer,6546
2022-06-13 00:00:00,14,15,164,Monday,June,Summer,7174
2021-07-03 00:00:00,8,9,184,Saturday,July,Summer,2116
2024-01-14 00:00:00,12,13,14,Sunday,January,Winter,3571
2024-03-07 00:00:00,8,9,67,Thursday,March,Spring,7880
2021-06-17 00:00:00,10,11,168,Thursday,June,Summer,5129
2025-03-17 00:00:00,17,18,76,Monday,March,Spring,12710
2023-08-20 00:00:00,23,0,232,Sunday,August,Summer,2891
2021-02-16 00:00:00,7,8,47,Tuesday,February,Winter,10321
2022-11-13 00:00:00,16,17,317,Sunday,November,Fall,1605
2020-08-19 00:00:00,18,19,232,Wednesday,August,Summer,5719
2024-05-19 00:00:00,16,17,140,Sunday,May,Spring,2867
2022-01-13 00:00:00,20,21,13,Thursday,January,Winter,2891
2025-06-07 00:00:00,6,7,158,Saturday,June,Summer,7180
2021-04-18 00:00:00,23,0,108,Sunday,April,Spring,1954
2021-08-01 00:00:00,5,6,213,Sunday,August,Summer,2357
2021-04-27 00:00:00,0,1,117,Tuesday,April,Spring,6406
2023-05-31 00:00:00,9,10,151,Wednesday,May,Spring,7949
2023-10-03 00:00:00,9,10,276,Tuesday,October,Fall,9763
2020-05-13 00:00:00,19,20,134,Wednesday,May,Spring,8135
2023-06-12 00:00:00,22,23,163,Monday,June,Summer,2753
2022-11-11 00:00:00,4,5,315,Friday,November,Fall,2858
2021-04-14 00:00:00,13,14,104,Wednesday,April,Spring,8978
2023-12-16 00:00:00,2,3,350,Saturday,December,Winter,1986
2021-07-17 00:00:00,22,23,198,Saturday,July,Summer,4501
2024-04-18 00:00:00,16,17,109,Thursday,April,Spring,8128
2025-07-19 00:00:00,18,19,200,Saturday,July,Summer,8795
2023-01-26 00:00:00,6,7,26,Thursday,January,Winter,2238
2022-08-11 00:00:00,21,22,223,Thursday,August,Summer,4852
2024-06-21 00:00:00,21,22,173,Friday,June,Summer,4798
2023-03-22 00:00:00,9,10,81,Wednesday,March,Spring,13652
2025-08-03 00:00:00,14,15,215,Sunday,August,Summer,6657
2020-02-13 00:00:00,1,2,44,Thursday,February,Winter,7835
2021-01-04 00:00:00,8,9,4,Monday,January,Winter,1699
2022-05-07 00:00:00,11,12,127,Saturday,May,Spring,6711
2020-07-31 00:00:00,10,11,213,Friday,July,Summer,4357
2024-05-23 00:00:00,6,7,144,Thursday,May,Spring,2688
2021-07-11 00:00:00,21,22,192,Sunday,July,Summer,868
2025-09-26 00:00:00,22,23,269,Friday,September,Fall,313
2024-05-06 00:00:00,6,7,127,Monday,May,Spring,3361
2023-09-12 00:00:00,13,14,255,Tuesday,September,Fall,4933
2023-05-25 00:00:00,20,21,145,Thursday,May,Spring,7031
2021-11-30 00:00:00,21,22,334,Tuesday,November,Fall,12769
2024-05-12 00:00:00,17,18,133,Sunday,May,Spring,6724
2023-11-02 00:00:00,10,11,306,Thursday,November,Fall,15126
2023-08-05 00:00:00,5,6,217,Saturday,August,Summer,2691
2024-02-04 00:00:00,23,0,35,Sunday,February,Winter,7222
2022-06-02 00:00:00,8,9,153,Thursday,June,Summer,3841
2021-01-29 00:00:00,10,11,29,Friday,January,Winter,14856
2021-10-11 00:00:00,5,6,284,Monday,October,Fall,2918
2024-08-15 00:00:00,3,4,228,Thursday,August,Summer,1492
2020-04-28 00:00:00,1,2,119,Tuesday,April,Spring,2577
2020-05-08 00:00:00,17,18,129,Friday,May,Spring,3383
2023-11-26 00:00:00,9,10,330,Sunday,November,Fall,3686
2022-11-22 00:00:00,23,0,326,Tuesday,November,Fall,8882
2020-12-09 00:00:00,17,18,344,Wednesday,December,Winter,2329
2022-04-27 00:00:00,14,15,117,Wednesday,April,Spring,9731
2022-11-06 00:00:00,7,8,310,Sunday,November,Fall,8112
2023-06-15 00:00:00,19,20,166,Thursday,June,Summer,3676
2022-05-08 00:00:00,10,11,128,Sunday,May,Spring,6177
2021-10-11 00:00:00,0,1,284,Monday,October,Fall,3875
2020-06-24 00:00:00,4,5,176,Wednesday,June,Summer,4432
2021-05-09 00:00:00,19,20,129,Sunday,May,Spring,9742
2020-05-30 00:00:00,19,20,151,Saturday,May,Spring,4315
2020-11-24 00:00:00,0,1,329,Tuesday,November,Fall,1746
2021-12-27 00:00:00,10,11,361,Monday,December,Winter,8533
2020-10-20 00:00:00,7,8,294,Tuesday,October,Fall,10025
2025-06-08 00:00:00,23,0,159,Sunday,June,Summer,2194
2021-02-15 00:00:00,8,9,46,Monday,February,Winter,10609
2021-03-18 00:00:00,19,20,77,Thursday,March,Spring,3876
2021-05-17 00:00:00,15,16,137,Monday,May,Spring,15134
2020-01-20 00:00:00,21,22,20,Monday,January,Winter,5336
2022-04-10 00:00:00,0,1,100,Sunday,April,Spring,1683
2025-10-15 00:00:00,18,19,288,Wednesday,October,Fall,5526
2020-01-07 00:00:00,13,14,7,Tuesday,January,Winter,4300
2021-08-28 00:00:00,5,6,240,Saturday,August,Summer,3976
2020-12-21 00:00:00,11,12,356,Monday,December,Winter,12351
2023-10-22 00:00:00,8,9,295,Sunday,October,Fall,6622
2023-09-13 00:00:00,6,7,256,Wednesday,September,Fall,1142
2023-03-18 00:00:00,0,1,77,Saturday,March,Spring,6164
2022-11-11 00:00:00,13,14,315,Friday,November,Fall,6121
2020-08-04 00:00:00,7,8,217,Tuesday,August,Summer,1848
2021-09-24 00:00:00,19,20,267,Friday,September,Fall,811
2023-04-06 00:00:00,17,18,96,Thursday,April,Spring,9974
2025-01-24 00:00:00,12,13,24,Friday,January,Winter,20266
2024-02-27 00:00:00,7,8,58,Tuesday,February,Winter,11863
2024-07-13 00:00:00,2,3,195,Saturday,July,Summer,1314
2025-10-16 00:00:00,18,19,289,Thursday,October,Fall,4569
2023-01-19 00:00:00,0,1,19,Thursday,January,Winter,3941
2020-10-29 00:00:00,12,13,303,Thursday,October,Fall,8304
2023-04-13 00:00:00,10,11,103,Thursday,April,Spring,12488
2020-11-16 00:00:00,12,13,321,Monday,November,Fall,8614
2023-07-29 00:00:00,18,19,210,Saturday,July,Summer,9214
2025-11-12 00:00:00,22,23,316,Wednesday,November,Fall,13981
2025-10-26 00:00:00,5,6,299,Sunday,October,Fall,9488
2025-10-02 00:00:00,13,14,275,Thursday,October,Fall,10562
2020-09-01 00:00:00,16,17,245,Tuesday,September,Fall,4322
2024-09-19 00:00:00,7,8,263,Thursday,September,Fall,8099
2021-05-15 00:00:00,4,5,135,Saturday,May,Spring,4140
2021-02-13 00:00:00,18,19,44,Saturday,February,Winter,6179
2023-08-20 00:00:00,3,4,232,Sunday,August,Summer,1018
2025-03-17 00:00:00,9,10,76,Monday,March,Spring,9414
2023-04-15 00:00:00,19,20,105,Saturday,April,Spring,10025
2022-10-06 00:00:00,6,7,279,Thursday,October,Fall,1907
2023-12-20 00:00:00,1,2,354,Wednesday,December,Winter,8716
2025-04-20 00:00:00,21,22,110,Sunday,April,Spring,3971
2024-11-28 00:00:00,6,7,333,Thursday,November,Fall,2505
2025-09-07 00:00:00,5,6,250,Sunday,September,Fall,6061
2024-08-19 00:00:00,14,15,232,Monday,August,Summer,9521
2022-11-20 00:00:00,17,18,324,Sunday,November,Fall,9046
2021-02-09 00:00:00,3,4,40,Tuesday,February,Winter,2115
2021-05-10 00:00:00,16,17,130,Monday,May,Spring,7215
2020-12-23 00:00:00,0,1,358,Wednesday,December,Winter,7054
2020-09-12 00:00:00,12,13,256,Saturday,September,Fall,4331
2024-10-11 00:00:00,5,6,285,Friday,October,Fall,622
2024-01-21 00:00:00,16,17,21,Sunday,January,Winter,14424
2023-06-30 00:00:00,15,16,181,Friday,June,Summer,9841
2023-02-17 00:00:00,2,3,48,Friday,February,Winter,7016
2023-08-03 00:00:00,15,16,215,Thursday,August,Summer,12675
2023-12-28 00:00:00,20,21,362,Thursday,December,Winter,13984
2020-05-10 00:00:00,12,13,131,Sunday,May,Spring,2636
2025-11-03 00:00:00,18,19,307,Monday,November,Fall,8937
2025-02-03 00:00:00,21,22,34,Monday,February,Winter,1946
2024-02-24 00:00:00,0,1,55,Saturday,February,Winter,6656
2020-09-06 00:00:00,0,1,250,Sunday,September,Fall,2406
2020-08-19 00:00:00,14,15,232,Wednesday,August,Summer,7727
2021-02-22 00:00:00,20,21,53,Monday,February,Winter,5302
2021-09-06 00:00:00,11,12,249,Monday,September,Fall,4607
2024-04-05 00:00:00,7,8,96,Friday,April,Spring,14615
2020-12-24 00:00:00,7,8,359,Thursday,December,Winter,11043
2023-04-11 00:00:00,21,22,101,Tuesday,April,Spring,8468
2025-05-06 00:00:00,23,0,126,Tuesday,May,Spring,9254
2023-03-10 00:00:00,19,20,69,Friday,March,Spring,6183
2024-07-27 00:00:00,13,14,209,Saturday,July,Summer,6448
2022-08-15 00:00:00,9,10,227,Monday,August,Summer,4944
2024-01-24 00:00:00,8,9,24,Wednesday,January,Winter,15725
2024-06-11 00:00:00,6,7,163,Tuesday,June,Summer,1917
2024-10-05 00:00:00,20,21,279,Saturday,October,Fall,7671
2020-05-22 00:00:00,6,7,143,Friday,May,Spring,3939
2021-12-31 00:00:00,0,1,365,Friday,December,Winter,5685
2025-07-26 00:00:00,4,5,207,Saturday,July,Summer,2368
2020-01-25 00:00:00,11,12,25,Saturday,January,Winter,2622
2021-11-30 00:00:00,8,9,334,Tuesday,November,Fall,11135
2022-06-02 00:00:00,20,21,153,Thursday,June,Summer,2050
2024-12-12 00:00:00,21,22,347,Thursday,December,Winter,3531
2024-08-25 00:00:00,16,17,238,Sunday,August,Summer,4862
2020-01-02 00:00:00,12,13,2,Thursday,January,Winter,4169
2023-09-07 00:00:00,5,6,250,Thursday,September,Fall,2215
2023-07-17 00:00:00,21,22,198,Monday,July,Summer,1150
2025-06-04 00:00:00,11,12,155,Wednesday,June,Summer,6538
2022-09-12 00:00:00,23,0,255,Monday,September,Fall,2700
2020-09-16 00:00:00,0,1,260,Wednesday,September,Fall,800
2020-04-06 00:00:00,14,15,97,Monday,April,Spring,6087
2022-03-06 00:00:00,21,22,65,Sunday,March,Spring,7693
2022-12-20 00:00:00,5,6,354,Tuesday,December,Winter,13622
2023-03-19 00:00:00,18,19,78,Sunday,March,Spring,3522
2021-05-14 00:00:00,22,23,134,Friday,May,Spring,3321
2022-03-19 00:00:00,20,21,78,Saturday,March,Spring,9623
2023-04-15 00:00:00,11,12,105,Saturday,April,Spring,12042
2020-11-10 00:00:00,0,1,315,Tuesday,November,Fall,1153
2025-10-08 00:00:00,4,5,281,Wednesday,October,Fall,584
2025-07-29 00:00:00,19,20,210,Tuesday,July,Summer,5792
2021-10-08 00:00:00,2,3,281,Friday,October,Fall,3432
2022-03-11 00:00:00,18,19,70,Friday,March,Spring,10430
2025-10-07 00:00:00,17,18,280,Tuesday,October,Fall,3781
2025-02-26 00:00:00,16,17,57,Wednesday,February,Winter,15275
2023-01-27 00:00:00,20,21,27,Friday,January,Winter,7462
2024-07-04 00:00:00,1,2,186,Thursday,July,Summer,6505
2025-08-27 00:00:00,5,6,239,Wednesday,August,Summer,2086
2020-04-13 00:00:00,3,4,104,Monday,April,Spring,3469
2020-11-03 00:00:00,0,1,308,Tuesday,November,Fall,3597
2025-04-21 00:00:00,20,21,111,Monday,April,Spring,3158
2021-04-13 00:00:00,18,19,103,Tuesday,April,Spring,4444
2024-11-14 00:00:00,23,0,319,Thursday,November,Fall,3238
2022-03-01 00:00:00,2,3,60,Tuesday,March,Spring,2865
2023-03-20 00:00:00,20,21,79,Monday,March,Spring,1690
2024-07-15 00:00:00,12,13,197,Monday,July,Summer,8737
2025-07-27 00:00:00,2,3,208,Sunday,July,Summer,2172
2022-08-05 00:00:00,4,5,217,Friday,August,Summer,2957
2024-12-10 00:00:00,10,11,345,Tuesday,December,Winter,10560
2023-12-19 00:00:00,20,21,353,Tuesday,December,Winter,11260
2022-08-11 00:00:00,8,9,223,Thursday,August,Summer,4398
2021-07-15 00:00:00,6,7,196,Thursday,July,Summer,7253
2025-03-29 00:00:00,16,17,88,Saturday,March,Spring,11249
2025-09-05 00:00:00,20,21,248,Friday,September,Fall,687
2025-11-11 00:00:00,7,8,315,Tuesday,November,Fall,8058
2024-06-18 00:00:00,17,18,170,Tuesday,June,Summer,6244
2020-04-04 00:00:00,0,1,95,Saturday,April,Spring,996
2024-03-31 00:00:00,11,12,91,Sunday,March,Spring,10457
2022-08-02 00:00:00,21,22,214,Tuesday,August,Summer,957
2025-07-20 00:00:00,1,2,201,Sunday,July,Summer,4506
2023-08-03 00:00:00,1,2,215,Thursday,August,Summer,14771
2025-07-12 00:00:00,11,12,193,Saturday,July,Summer,9607
2020-01-26 00:00:00,21,22,26,Sunday,January,Winter,8371
2022-05-16 00:00:00,8,9,136,Monday,May,Spring,5803
2021-05-23 00:00:00,0,1,143,Sunday,May,Spring,5905
2021-03-18 00:00:00,2,3,77,Thursday,March,Spring,3524
2021-02-04 00:00:00,1,2,35,Thursday,February,Winter,5125
2020-06-10 00:00:00,22,23,162,Wednesday,June,Summer,731
2023-07-09 00:00:00,18,19,190,Sunday,July,Summer,4652
2023-08-13 00:00:00,5,6,225,Sunday,August,Summer,931
2025-03-20 00:00:00,0,1,79,Thursday,March,Spring,6946
2023-08-08 00:00:00,3,4,220,Tuesday,August,Summer,1820
2023-07-03 00:00:00,14,15,184,Monday,July,Summer,11480
2023-09-30 00:00:00,1,2,273,Saturday,September,Fall,663
2020-01-10 00:00:00,22,23,10,Friday,January,Winter,1571
2024-12-30 00:00:00,12,13,365,Monday,December,Winter,3281
2021-05-02 00:00:00,18,19,122,Sunday,May,Spring,3016
2021-08-07 00:00:00,18,19,219,Saturday,August,Summer,11586
2021-05-28 00:00:00,0,1,148,Friday,May,Spring,2572
2022-05-16 00:00:00,11,12,136,Monday,May,Spring,7699
2020-01-04 00:00:00,23,0,4,Saturday,January,Winter,1931
2020-11-08 00:00:00,8,9,313,Sunday,November,Fall,3916
2023-07-27 00:00:00,7,8,208,Thursday,July,Summer,9065
2024-09-10 00:00:00,0,1,254,Tuesday,September,Fall,4683
2021-03-19 00:00:00,6,7,78,Friday,March,Spring,5907
2020-02-28 00:00:00,3,4,59,Friday,February,Winter,2643
2023-05-18 00:00:00,0,1,138,Thursday,May,Spring,7850
2020-04-20 00:00:00,3,4,111,Monday,April,Spring,5296
2020-04-09 00:00:00,6,7,100,Thursday,April,Spring,723
2025-05-03 00:00:00,13,14,123,Saturday,May,Spring,5971
2025-07-30 00:00:00,3,4,211,Wednesday,July,Summer,1452
2020-04-28 00:00:00,4,5,119,Tuesday,April,Spring,3067
2023-02-26 00:00:00,21,22,57,Sunday,February,Winter,14492
2021-04-11 00:00:00,14,15,101,Sunday,April,Spring,7658
2024-05-08 00:00:00,14,15,129,Wednesday,May,Spring,9558
2020-04-08 00:00:00,8,9,99,Wednesday,April,Spring,2303
2021-07-04 00:00:00,4,5,185,Sunday,July,Summer,862
2025-01-28 00:00:00,17,18,28,Tuesday,January,Winter,19004
2020-11-14 00:00:00,19,20,319,Saturday,November,Fall,11103
2020-07-21 00:00:00,0,1,203,Tuesday,July,Summer,4876
2022-10-04 00:00:00,1,2,277,Tuesday,October,Fall,1416
2024-08-04 00:00:00,17,18,217,Sunday,August,Summer,6580
2020-01-02 00:00:00,23,0,2,Thursday,January,Winter,6857
2021-07-10 00:00:00,20,21,191,Saturday,July,Summer,2043
2022-02-26 00:00:00,21,22,57,Saturday,February,Winter,9716
2022-11-29 00:00:00,17,18,333,Tuesday,November,Fall,1111
2025-06-08 00:00:00,7,8,159,Sunday,June,Summer,8306
2022-04-05 00:00:00,18,19,95,Tuesday,April,Spring,8495
2024-03-10 00:00:00,7,8,70,Sunday,March,Spring,2181
2020-08-23 00:00:00,19,20,236,Sunday,August,Summer,4332
2020-11-24 00:00:00,3,4,329,Tuesday,November,Fall,1768
2024-07-23 00:00:00,5,6,205,Tuesday,July,Summer,5404
2024-05-23 00:00:00,2,3,144,Thursday,May,Spring,2979
2023-04-16 00:00:00,5,6,106,Sunday,April,Spring,5054
2025-06-06 00:00:00,13,14,157,Friday,June,Summer,7339
2024-01-19 00:00:00,2,3,19,Friday,January,Winter,2193
2023-12-17 00:00:00,15,16,351,Sunday,December,Winter,3018
2025-03-21 00:00:00,18,19,80,Friday,March,Spring,8152
2020-09-06 00:00:00,2,3,250,Sunday,September,Fall,1961
2020-12-04 00:00:00,2,3,339,Friday,December,Winter,12264
2024-07-17 00:00:00,10,11,199,Wednesday,July,Summer,6067
2025-10-01 00:00:00,13,14,274,Wednesday,October,Fall,10058
2021-03-30 00:00:00,11,12,89,Tuesday,March,Spring,4810
2024-05-24 00:00:00,23,0,145,Friday,May,Spring,703
2023-02-16 00:00:00,11,12,47,Thursday,February,Winter,7999
2025-11-02 00:00:00,22,23,306,Sunday,November,Fall,8643
2024-07-31 00:00:00,21,22,213,Wednesday,July,Summer,1578
2024-12-31 00:00:00,8,9,366,Tuesday,December,Winter,4218
2023-01-12 00:00:00,5,6,12,Thursday,January,Winter,15968
2024-03-09 00:00:00,0,1,69,Saturday,March,Spring,11075
2025-04-21 00:00:00,6,7,111,Monday,April,Spring,3806
2022-06-19 00:00:00,16,17,170,Sunday,June,Summer,12018
2022-03-24 00:00:00,9,10,83,Thursday,March,Spring,4911
2023-12-06 00:00:00,14,15,340,Wednesday,December,Winter,3145
2020-10-22 00:00:00,15,16,296,Thursday,October,Fall,4372
2022-09-01 00:00:00,3,4,244,Thursday,September,Fall,3514
2023-02-17 00:00:00,6,7,48,Friday,February,Winter,7645
2025-06-14 00:00:00,19,20,165,Saturday,June,Summer,4111
2025-09-28 00:00:00,15,16,271,Sunday,September,Fall,5298
2025-11-04 00:00:00,11,12,308,Tuesday,November,Fall,13899
2021-07-05 00:00:00,12,13,186,Monday,July,Summer,7806
2022-02-21 00:00:00,3,4,52,Monday,February,Winter,14976
2025-11-17 00:00:00,20,21,321,Monday,November,Fall,5188
2024-08-23 00:00:00,7,8,236,Friday,August,Summer,11855
2022-03-31 00:00:00,13,14,90,Thursday,March,Spring,11938
2021-09-28 00:00:00,17,18,271,Tuesday,September,Fall,3222
2024-06-24 00:00:00,4,5,176,Monday,June,Summer,2733
2021-09-03 00:00:00,22,23,246,Friday,September,Fall,1704
2022-10-03 00:00:00,19,20,276,Monday,October,Fall,1114
2022-08-22 00:00:00,5,6,234,Monday,August,Summer,1373
2022-02-27 00:00:00,4,5,58,Sunday,February,Winter,8949
2022-06-28 00:00:00,23,0,179,Tuesday,June,Summer,1723
2025-08-22 00:00:00,0,1,234,Friday,August,Summer,6431
2023-05-05 00:00:00,18,19,125,Friday,May,Spring,4662
2022-03-19 00:00:00,13,14,78,Saturday,March,Spring,12710
2021-04-18 00:00:00,9,10,108,Sunday,April,Spring,3757
2025-07-11 00:00:00,17,18,192,Friday,July,Summer,11291
2025-09-04 00:00:00,19,20,247,Thursday,September,Fall,8069
2022-10-21 00:00:00,14,15,294,Friday,October,Fall,9441
2020-07-27 00:00:00,10,11,209,Monday,July,Summer,6801
2020-07-09 00:00:00,16,17,191,Thursday,July,Summer,7247
2023-06-19 00:00:00,16,17,170,Monday,June,Summer,4302
2020-08-13 00:00:00,7,8,226,Thursday,August,Summer,1791
2023-09-21 00:00:00,23,0,264,Thursday,September,Fall,7242
2022-07-25 00:00:00,10,11,206,Monday,July,Summer,8474
2023-11-27 00:00:00,18,19,331,Monday,November,Fall,11622
2022-04-09 00:00:00,10,11,99,Saturday,April,Spring,5360
2022-11-02 00:00:00,5,6,306,Wednesday,November,Fall,6705
2022-08-17 00:00:00,5,6,229,Wednesday,August,Summer,1436
2021-04-20 00:00:00,7,8,110,Tuesday,April,Spring,703
2024-08-15 00:00:00,6,7,228,Thursday,August,Summer,1268
2022-07-11 00:00:00,6,7,192,Monday,July,Summer,3830
2022-07-02 00:00:00,2,3,183,Saturday,July,Summer,670
2021-05-24 00:00:00,5,6,144,Monday,May,Spring,8343
2023-02-24 00:00:00,9,10,55,Friday,February,Winter,5199
2021-04-14 00:00:00,15,16,104,Wednesday,April,Spring,9278
2025-04-12 00:00:00,22,23,102,Saturday,April,Spring,8931
2022-12-22 00:00:00,10,11,356,Thursday,December,Winter,12428
2024-01-18 00:00:00,2,3,18,Thursday,January,Winter,7810
2024-05-31 00:00:00,16,17,152,Friday,May,Spring,7089
2021-09-09 00:00:00,13,14,252,Thursday,September,Fall,5141
2025-04-13 00:00:00,12,13,103,Sunday,April,Spring,4906
2024-03-23 00:00:00,22,23,83,Saturday,March,Spring,9137
2025-02-26 00:00:00,23,0,57,Wednesday,February,Winter,8535
2022-08-03 00:00:00,0,1,215,Wednesday,August,Summer,1047
2025-04-07 00:00:00,22,23,97,Monday,April,Spring,5598
2021-09-15 00:00:00,12,13,258,Wednesday,September,Fall,3974
2023-03-26 00:00:00,3,4,85,Sunday,March,Spring,9201
2020-02-19 00:00:00,5,6,50,Wednesday,February,Winter,8999
2020-09-14 00:00:00,9,10,258,Monday,September,Fall,3828
2022-07-23 00:00:00,23,0,204,Saturday,July,Summer,1099
2021-06-04 00:00:00,8,9,155,Friday,June,Summer,2095
2020-04-12 00:00:00,2,3,103,Sunday,April,Spring,748
2021-01-02 00:00:00,3,4,2,Saturday,January,Winter,1281
2025-05-16 00:00:00,20,21,136,Friday,May,Spring,7218
2024-01-28 00:00:00,5,6,28,Sunday,January,Winter,8152
2021-10-02 00:00:00,16,17,275,Saturday,October,Fall,14843
2020-09-18 00:00:00,10,11,262,Friday,September,Fall,5286
2020-11-24 00:00:00,21,22,329,Tuesday,November,Fall,6481
2022-12-21 00:00:00,12,13,355,Wednesday,December,Winter,10235
2021-07-19 00:00:00,2,3,200,Monday,July,Summer,5773
2022-06-29 00:00:00,10,11,180,Wednesday,June,Summer,5357
2023-12-22 00:00:00,12,13,356,Friday,December,Winter,19987
2024-12-04 00:00:00,12,13,339,Wednesday,December,Winter,6363
2021-02-21 00:00:00,13,14,52,Sunday,February,Winter,8829
2022-06-20 00:00:00,2,3,171,Monday,June,Summer,5728
2020-11-19 00:00:00,23,0,324,Thursday,November,Fall,3854
2025-11-10 00:00:00,13,14,314,Monday,November,Fall,12666
2024-12-20 00:00:00,8,9,355,Friday,December,Winter,5569
2025-05-11 00:00:00,12,13,131,Sunday,May,Spring,3967
2024-11-18 00:00:00,2,3,323,Monday,November,Fall,8530
2025-03-03 00:00:00,11,12,62,Monday,March,Spring,8311
2021-12-28 00:00:00,22,23,362,Tuesday,December,Winter,12013
2021-10-31 00:00:00,4,5,304,Sunday,October,Fall,6221
2020-12-05 00:00:00,21,22,340,Saturday,December,Winter,5385
2024-05-12 00:00:00,8,9,133,Sunday,May,Spring,4245
2022-04-15 00:00:00,22,23,105,Friday,April,Spring,5750
2024-12-22 00:00:00,9,10,357,Sunday,December,Winter,19398
2021-02-05 00:00:00,14,15,36,Friday,February,Winter,3021
2022-07-12 00:00:00,14,15,193,Tuesday,July,Summer,6997
2020-06-15 00:00:00,23,0,167,Monday,June,Summer,2022
2023-10-23 00:00:00,9,10,296,Monday,October,Fall,8658
2023-02-02 00:00:00,8,9,33,Thursday,February,Winter,6057
2024-07-28 00:00:00,14,15,210,Sunday,July,Summer,5654
2024-10-09 00:00:00,13,14,283,Wednesday,October,Fall,12421
2023-02-15 00:00:00,10,11,46,Wednesday,February,Winter,6270
2021-11-18 00:00:00,14,15,322,Thursday,November,Fall,3326
2022-06-28 00:00:00,19,20,179,Tuesday,June,Summer,3348
2024-01-12 00:00:00,1,2,12,Friday,January,Winter,6624
2020-06-16 00:00:00,5,6,168,Tuesday,June,Summer,1461
2020-07-07 00:00:00,7,8,189,Tuesday,July,Summer,1906
2022-09-12 00:00:00,10,11,255,Monday,September,Fall,4987
2023-06-06 00:00:00,14,15,157,Tuesday,June,Summer,8282
2023-12-31 00:00:00,16,17,365,Sunday,December,Winter,17690
2025-02-22 00:00:00,3,4,53,Saturday,February,Winter,10776
2020-02-12 00:00:00,23,0,43,Wednesday,February,Winter,5618
2025-07-27 00:00:00,4,5,208,Sunday,July,Summer,1887
2023-10-28 00:00:00,8,9,301,Saturday,October,Fall,12258
2025-05-22 00:00:00,14,15,142,Thursday,May,Spring,6175
2024-12-23 00:00:00,2,3,358,Monday,December,Winter,17302
2025-08-17 00:00:00,22,23,229,Sunday,August,Summer,7604
2024-04-23 00:00:00,3,4,114,Tuesday,April,Spring,4610
2021-03-26 00:00:00,17,18,85,Friday,March,Spring,9646
2021-12-04 00:00:00,15,16,338,Saturday,December,Winter,12295
2021-02-12 00:00:00,15,16,43,Friday,February,Winter,9320
2023-08-08 00:00:00,21,22,220,Tuesday,August,Summer,2130
2021-01-20 00:00:00,0,1,20,Wednesday,January,Winter,11737
2025-08-15 00:00:00,9,10,227,Friday,August,Summer,6084
2025-03-31 00:00:00,6,7,90,Monday,March,Spring,5157
2022-11-11 00:00:00,2,3,315,Friday,November,Fall,2683
2022-07-09 00:00:00,18,19,190,Saturday,July,Summer,8525
2023-09-05 00:00:00,0,1,248,Tuesday,September,Fall,7414
2022-11-19 00:00:00,10,11,323,Saturday,November,Fall,4418
2023-10-23 00:00:00,17,18,296,Monday,October,Fall,5596
2023-01-13 00:00:00,1,2,13,Friday,January,Winter,13913
2020-04-21 00:00:00,23,0,112,Tuesday,April,Spring,4642
2020-12-19 00:00:00,11,12,354,Saturday,December,Winter,10820
2021-01-06 00:00:00,6,7,6,Wednesday,January,Winter,1187
2025-06-12 00:00:00,3,4,163,Thursday,June,Summer,6737
2020-06-01 00:00:00,16,17,153,Monday,June,Summer,4570
2020-12-29 00:00:00,22,23,364,Tuesday,December,Winter,3005
2023-03-08 00:00:00,9,10,67,Wednesday,March,Spring,13908
2020-02-19 00:00:00,2,3,50,Wednesday,February,Winter,11122
2023-07-30 00:00:00,20,21,211,Sunday,July,Summer,7195
2025-01-23 00:00:00,6,7,23,Thursday,January,Winter,5894
2025-05-11 00:00:00,19,20,131,Sunday,May,Spring,4469
2020-07-15 00:00:00,18,19,197,Wednesday,July,Summer,3632
2021-04-23 00:00:00,16,17,113,Friday,April,Spring,8565
2023-07-02 00:00:00,18,19,183,Sunday,July,Summer,6804
2022-04-13 00:00:00,22,23,103,Wednesday,April,Spring,1032
2021-12-14 00:00:00,23,0,348,Tuesday,December,Winter,1053
2021-01-22 00:00:00,18,19,22,Friday,January,Winter,4478
2024-12-30 00:00:00,14,15,365,Monday,December,Winter,2676
2020-01-19 00:00:00,7,8,19,Sunday,January,Winter,5048
2021-01-08 00:00:00,0,1,8,Friday,January,Winter,1507
2023-08-03 00:00:00,12,13,215,Thursday,August,Summer,13262
2025-10-25 00:00:00,4,5,298,Saturday,October,Fall,13923
2023-05-13 00:00:00,7,8,133,Saturday,May,Spring,4856
2023-07-21 00:00:00,22,23,202,Friday,July,Summer,3097
2024-10-03 00:00:00,1,2,277,Thursday,October,Fall,4843
2023-03-30 00:00:00,23,0,89,Thursday,March,Spring,12402
2022-07-08 00:00:00,12,13,189,Friday,July,Summer,8283
2021-08-18 00:00:00,1,2,230,Wednesday,August,Summer,2488
2023-06-29 00:00:00,5,6,180,Thursday,June,Summer,748
2021-05-28 00:00:00,23,0,148,Friday,May,Spring,3329
2024-05-11 00:00:00,7,8,132,Saturday,May,Spring,4906
2022-04-08 00:00:00,19,20,98,Friday,April,Spring,9607
2025-07-27 00:00:00,21,22,208,Sunday,July,Summer,4242
2023-10-14 00:00:00,11,12,287,Saturday,October,Fall,5525
2020-10-12 00:00:00,11,12,286,Monday,October,Fall,3848
2025-01-18 00:00:00,23,0,18,Saturday,January,Winter,1679
2023-05-31 00:00:00,12,13,151,Wednesday,May,Spring,12628
2021-09-21 00:00:00,16,17,264,Tuesday,September,Fall,4522
2023-11-21 00:00:00,21,22,325,Tuesday,November,Fall,6769
2024-04-12 00:00:00,12,13,103,Friday,April,Spring,8049
2024-03-17 00:00:00,9,10,77,Sunday,March,Spring,6278
2024-04-05 00:00:00,4,5,96,Friday,April,Spring,10352
2022-11-01 00:00:00,20,21,305,Tuesday,November,Fall,12061
2024-05-27 00:00:00,21,22,148,Monday,May,Spring,2538
2021-07-15 00:00:00,4,5,196,Thursday,July,Summer,7756
2024-03-05 00:00:00,15,16,65,Tuesday,March,Spring,8619
2025-10-10 00:00:00,13,14,283,Friday,October,Fall,9343
2023-06-21 00:00:00,11,12,172,Wednesday,June,Summer,4377
2023-10-29 00:00:00,10,11,302,Sunday,October,Fall,15308
2020-05-21 00:00:00,17,18,142,Thursday,May,Spring,2989
2023-06-10 00:00:00,0,1,161,Saturday,June,Summer,3204
2025-08-20 00:00:00,4,5,232,Wednesday,August,Summer,3073
2024-04-16 00:00:00,0,1,107,Tuesday,April,Spring,13826
2025-03-05 00:00:00,17,18,64,Wednesday,March,Spring,3558
2025-11-15 00:00:00,14,15,319,Saturday,November,Fall,5714
2022-03-12 00:00:00,21,22,71,Saturday,March,Spring,9414
2024-06-04 00:00:00,3,4,156,Tuesday,June,Summer,456
2020-07-28 00:00:00,17,18,210,Tuesday,July,Summer,6769
2021-11-06 00:00:00,21,22,310,Saturday,November,Fall,6134
2025-04-25 00:00:00,1,2,115,Friday,April,Spring,3293
2021-07-25 00:00:00,5,6,206,Sunday,July,Summer,2988
2022-11-01 00:00:00,12,13,305,Tuesday,November,Fall,15812
2024-11-10 00:00:00,19,20,315,Sunday,November,Fall,1932
2021-04-19 00:00:00,5,6,109,Monday,April,Spring,1278
2021-03-29 00:00:00,11,12,88,Monday,March,Spring,5469
2021-03-12 00:00:00,4,5,71,Friday,March,Spring,9635
2025-06-07 00:00:00,23,0,158,Saturday,June,Summer,12317
2023-09-02 00:00:00,22,23,245,Saturday,September,Fall,4625
2023-10-27 00:00:00,20,21,300,Friday,October,Fall,9132
2021-08-10 00:00:00,22,23,222,Tuesday,August,Summer,590
2021-09-29 00:00:00,8,9,272,Wednesday,September,Fall,7118
2022-05-31 00:00:00,18,19,151,Tuesday,May,Spring,5487
2021-06-25 00:00:00,4,5,176,Friday,June,Summer,1451
2022-05-27 00:00:00,11,12,147,Friday,May,Spring,6179
2024-03-03 00:00:00,22,23,63,Sunday,March,Spring,5144
2022-12-07 00:00:00,2,3,341,Wednesday,December,Winter,2507
2021-08-17 00:00:00,21,22,229,Tuesday,August,Summer,3684
2020-03-24 00:00:00,16,17,84,Tuesday,March,Spring,6133
2025-10-12 00:00:00,18,19,285,Sunday,October,Fall,5244
2023-07-24 00:00:00,17,18,205,Monday,July,Summer,11156
2024-07-08 00:00:00,11,12,190,Monday,July,Summer,8159
2022-07-16 00:00:00,14,15,197,Saturday,July,Summer,8810
2024-04-01 00:00:00,1,2,92,Monday,April,Spring,4949
2024-01-14 00:00:00,18,19,14,Sunday,January,Winter,1253
2020-01-08 00:00:00,13,14,8,Wednesday,January,Winter,4927
2021-11-12 00:00:00,4,5,316,Friday,November,Fall,1575
2024-11-19 00:00:00,13,14,324,Tuesday,November,Fall,20597
2020-08-17 00:00:00,2,3,230,Monday,August,Summer,1750
2023-06-11 00:00:00,19,20,162,Sunday,June,Summer,4575
2025-08-21 00:00:00,20,21,233,Thursday,August,Summer,7365
2021-08-26 00:00:00,4,5,238,Thursday,August,Summer,2542
2020-09-10 00:00:00,19,20,254,Thursday,September,Fall,1247
2021-07-13 00:00:00,23,0,194,Tuesday,July,Summer,5065
2022-04-05 00:00:00,19,20,95,Tuesday,April,Spring,7386
2020-06-13 00:00:00,1,2,165,Saturday,June,Summer,3366
2023-10-18 00:00:00,17,18,291,Wednesday,October,Fall,14535
2020-08-22 00:00:00,10,11,235,Saturday,August,Summer,9129
2021-08-03 00:00:00,2,3,215,Tuesday,August,Summer,1153
2023-07-23 00:00:00,17,18,204,Sunday,July,Summer,12004
2021-07-02 00:00:00,8,9,183,Friday,July,Summer,1628
2022-06-03 00:00:00,15,16,154,Friday,June,Summer,5923
2021-12-04 00:00:00,8,9,338,Saturday,December,Winter,8370
2023-10-09 00:00:00,14,15,282,Monday,October,Fall,6407
2021-09-15 00:00:00,11,12,258,Wednesday,September,Fall,3648
2021-06-18 00:00:00,7,8,169,Friday,June,Summer,3517
2025-09-10 00:00:00,1,2,253,Wednesday,September,Fall,3815
2020-04-11 00:00:00,9,10,102,Saturday,April,Spring,2530
2024-01-26 00:00:00,1,2,26,Friday,January,Winter,7990
2025-03-27 00:00:00,4,5,86,Thursday,March,Spring,3169
2025-09-21 00:00:00,6,7,264,Sunday,September,Fall,3184
2024-07-13 00:00:00,20,21,195,Saturday,July,Summer,1101
2021-11-14 00:00:00,3,4,318,Sunday,November,Fall,2421
2022-07-01 00:00:00,23,0,182,Friday,July,Summer,863
2023-07-10 00:00:00,3,4,191,Monday,July,Summer,1054
2022-11-23 00:00:00,20,21,327,Wednesday,November,Fall,12891
2024-12-12 00:00:00,15,16,347,Thursday,December,Winter,3478
2025-04-27 00:00:00,19,20,117,Sunday,April,Spring,2748
2023-01-17 00:00:00,16,17,17,Tuesday,January,Winter,4665
2022-04-03 00:00:00,1,2,93,Sunday,April,Spring,5119
2020-10-18 00:00:00,4,5,292,Sunday,October,Fall,672
2021-10-11 00:00:00,17,18,284,Monday,October,Fall,4388
2023-11-16 00:00:00,16,17,320,Thursday,November,Fall,13386
2025-03-09 00:00:00,3,4,68,Sunday,March,Spring,9672
2022-12-31 00:00:00,12,13,365,Saturday,December,Winter,17332
2023-08-16 00:00:00,13,14,228,Wednesday,August,Summer,6675
2021-01-06 00:00:00,19,20,6,Wednesday,January,Winter,495
2025-02-08 00:00:00,9,10,39,Saturday,February,Winter,8261
2022-09-26 00:00:00,7,8,269,Monday,September,Fall,6086
2025-11-10 00:00:00,0,1,314,Monday,November,Fall,6004
2020-02-01 00:00:00,18,19,32,Saturday,February,Winter,10703
2022-04-22 00:00:00,18,19,112,Friday,April,Spring,4256
2023-01-24 00:00:00,21,22,24,Tuesday,January,Winter,2611
2025-05-05 00:00:00,7,8,125,Monday,May,Spring,9361
2020-05-08 00:00:00,12,13,129,Friday,May,Spring,4778
2021-06-16 00:00:00,8,9,167,Wednesday,June,Summer,2085
2020-02-16 00:00:00,22,23,47,Sunday,February,Winter,11230
2023-07-04 00:00:00,10,11,185,Tuesday,July,Summer,5603
2023-10-26 00:00:00,15,16,299,Thursday,October,Fall,6529
2024-02-28 00:00:00,3,4,59,Wednesday,February,Winter,3223
2022-11-29 00:00:00,10,11,333,Tuesday,November,Fall,2249
2020-01-06 00:00:00,20,21,6,Monday,January,Winter,6469
2025-11-09 00:00:00,4,5,313,Sunday,November,Fall,2430
2024-05-12 00:00:00,6,7,133,Sunday,May,Spring,3904
2021-04-30 00:00:00,22,23,120,Friday,April,Spring,1359
2023-08-27 00:00:00,4,5,239,Sunday,August,Summer,2263
2024-07-27 00:00:00,9,10,209,Saturday,July,Summer,3124
2025-09-26 00:00:00,12,13,269,Friday,September,Fall,5213
2022-04-01 00:00:00,3,4,91,Friday,April,Spring,9699
2020-05-12 00:00:00,12,13,133,Tuesday,May,Spring,5747
2024-10-07 00:00:00,16,17,281,Monday,October,Fall,7311
2022-06-30 00:00:00,13,14,181,Thursday,June,Summer,4931
2024-09-20 00:00:00,20,21,264,Friday,September,Fall,3245
2024-08-10 00:00:00,16,17,223,Saturday,August,Summer,4012
2023-04-30 00:00:00,4,5,120,Sunday,April,Spring,3814
2025-01-23 00:00:00,5,6,23,Thursday,January,Winter,6304
2022-12-03 00:00:00,12,13,337,Saturday,December,Winter,6285
2025-04-24 00:00:00,7,8,114,Thursday,April,Spring,2699
2025-10-02 00:00:00,18,19,275,Thursday,October,Fall,2959
2020-08-09 00:00:00,11,12,222,Sunday,August,Summer,3372
2020-07-10 00:00:00,19,20,192,Friday,July,Summer,4171
2023-12-26 00:00:00,4,5,360,Tuesday,December,Winter,7229
2024-04-28 00:00:00,0,1,119,Sunday,April,Spring,10556
2024-10-12 00:00:00,13,14,286,Saturday,October,Fall,6790
2022-11-25 00:00:00,16,17,329,Friday,November,Fall,3351
2023-01-14 00:00:00,15,16,14,Saturday,January,Winter,17545
2022-11-08 00:00:00,20,21,312,Tuesday,November,Fall,11901
2024-08-29 00:00:00,19,20,242,Thursday,August,Summer,2703
2025-03-16 00:00:00,9,10,75,Sunday,March,Spring,9888
2020-01-19 00:00:00,3,4,19,Sunday,January,Winter,4619
2025-03-13 00:00:00,0,1,72,Thursday,March,Spring,2661
2024-04-04 00:00:00,19,20,95,Thursday,April,Spring,8108
2023-12-05 00:00:00,18,19,339,Tuesday,December,Winter,6714
2020-01-16 00:00:00,6,7,16,Thursday,January,Winter,4609
2025-10-15 00:00:00,19,20,288,Wednesday,October,Fall,5080
2020-06-03 00:00:00,16,17,155,Wednesday,June,Summer,3604
2024-05-11 00:00:00,8,9,132,Saturday,May,Spring,5428
2020-09-25 00:00:00,7,8,269,Friday,September,Fall,10168
2022-10-05 00:00:00,10,11,278,Wednesday,October,Fall,9771
2024-07-02 00:00:00,4,5,184,Tuesday,July,Summer,2631
2023-04-21 00:00:00,20,21,111,Friday,April,Spring,2543
2024-12-05 00:00:00,8,9,340,Thursday,December,Winter,14145
2025-08-07 00:00:00,18,19,219,Thursday,August,Summer,5653
2020-04-05 00:00:00,11,12,96,Sunday,April,Spring,7848
2024-01-26 00:00:00,4,5,26,Friday,January,Winter,9936
2023-09-03 00:00:00,14,15,246,Sunday,September,Fall,9204
2022-04-12 00:00:00,22,23,102,Tuesday,April,Spring,2275
2020-12-29 00:00:00,13,14,364,Tuesday,December,Winter,5165
2023-09-08 00:00:00,9,10,251,Friday,September,Fall,3666
2024-04-26 00:00:00,13,14,117,Friday,April,Spring,6436
2024-04-14 00:00:00,15,16,105,Sunday,April,Spring,4067
2020-09-07 00:00:00,13,14,251,Monday,September,Fall,5438
2022-02-18 00:00:00,21,22,49,Friday,February,Winter,13040
2020-05-21 00:00:00,5,6,142,Thursday,May,Spring,1502
2020-05-04 00:00:00,14,15,125,Monday,May,Spring,5337
2023-06-10 00:00:00,9,10,161,Saturday,June,Summer,4098
2024-04-03 00:00:00,11,12,94,Wednesday,April,Spring,15839
2020-05-23 00:00:00,7,8,144,Saturday,May,Spring,3360
2020-09-04 00:00:00,7,8,248,Friday,September,Fall,1232
2020-10-07 00:00:00,12,13,281,Wednesday,October,Fall,8717
2023-12-02 00:00:00,5,6,336,Saturday,December,Winter,3249
2024-06-28 00:00:00,16,17,180,Friday,June,Summer,6716
2021-08-22 00:00:00,21,22,234,Sunday,August,Summer,3345
2023-02-17 00:00:00,9,10,48,Friday,February,Winter,9868
2022-02-16 00:00:00,13,14,47,Wednesday,February,Winter,16745
2022-12-03 00:00:00,2,3,337,Saturday,December,Winter,6803
2021-04-08 00:00:00,14,15,98,Thursday,April,Spring,5202
2025-01-05 00:00:00,15,16,5,Sunday,January,Winter,19348
2024-10-08 00:00:00,8,9,282,Tuesday,October,Fall,10350
2022-02-12 00:00:00,6,7,43,Saturday,February,Winter,4558
2023-07-07 00:00:00,5,6,188,Friday,July,Summer,4486
2020-07-14 00:00:00,21,22,196,Tuesday,July,Summer,2101
2022-12-09 00:00:00,20,21,343,Friday,December,Winter,2064
2022-07-05 00:00:00,0,1,186,Tuesday,July,Summer,3667
2021-11-20 00:00:00,18,19,324,Saturday,November,Fall,210
2023-02-09 00:00:00,8,9,40,Thursday,February,Winter,1322
2025-03-01 00:00:00,23,0,60,Saturday,March,Spring,10187
2023-07-25 00:00:00,9,10,206,Tuesday,July,Summer,7186
2024-12-25 00:00:00,10,11,360,Wednesday,December,Winter,2874
2024-05-08 00:00:00,7,8,129,Wednesday,May,Spring,5427
2021-10-03 00:00:00,15,16,276,Sunday,October,Fall,8606
2024-04-18 00:00:00,23,0,109,Thursday,April,Spring,3786
2023-11-04 00:00:00,7,8,308,Saturday,November,Fall,15504
2022-05-25 00:00:00,22,23,145,Wednesday,May,Spring,5875
2022-01-22 00:00:00,20,21,22,Saturday,January,Winter,2136
2022-08-18 00:00:00,13,14,230,Thursday,August,Summer,5355
2025-08-14 00:00:00,9,10,226,Thursday,August,Summer,4159
2023-01-01 00:00:00,9,10,1,Sunday,January,Winter,11283
2024-01-20 00:00:00,18,19,20,Saturday,January,Winter,4846
2021-11-17 00:00:00,18,19,321,Wednesday,November,Fall,1887
2020-09-29 00:00:00,2,3,273,Tuesday,September,Fall,2642
2020-08-08 00:00:00,23,0,221,Saturday,August,Summer,2390
2024-01-18 00:00:00,18,19,18,Thursday,January,Winter,4246
2024-10-18 00:00:00,0,1,292,Friday,October,Fall,4798
2025-06-27 00:00:00,22,23,178,Friday,June,Summer,1584
2025-02-11 00:00:00,8,9,42,Tuesday,February,Winter,3812
2023-08-25 00:00:00,16,17,237,Friday,August,Summer,9893
2021-12-02 00:00:00,5,6,336,Thursday,December,Winter,6952
2022-01-25 00:00:00,7,8,25,Tuesday,January,Winter,328
2022-09-26 00:00:00,14,15,269,Monday,September,Fall,15890
2022-12-17 00:00:00,16,17,351,Saturday,December,Winter,2347
2020-02-21 00:00:00,8,9,52,Friday,February,Winter,4193
2021-09-13 00:00:00,19,20,256,Monday,September,Fall,1554
2020-07-12 00:00:00,14,15,194,Sunday,July,Summer,5689
2023-05-29 00:00:00,9,10,149,Monday,May,Spring,9264
2024-08-30 00:00:00,4,5,243,Friday,August,Summer,2456
2021-07-28 00:00:00,14,15,209,Wednesday,July,Summer,10176
2023-03-29 00:00:00,5,6,88,Wednesday,March,Spring,4271
2021-05-11 00:00:00,19,20,131,Tuesday,May,Spring,6405
2025-01-09 00:00:00,15,16,9,Thursday,January,Winter,10749
2022-01-05 00:00:00,2,3,5,Wednesday,January,Winter,7802
2024-08-26 00:00:00,23,0,239,Monday,August,Summer,2045
2023-02-19 00:00:00,14,15,50,Sunday,February,Winter,7077
2025-06-23 00:00:00,18,19,174,Monday,June,Summer,12740
2020-08-04 00:00:00,19,20,217,Tuesday,August,Summer,2445
2023-02-11 00:00:00,8,9,42,Saturday,February,Winter,2391
2022-09-16 00:00:00,6,7,259,Friday,September,Fall,1953
2025-10-13 00:00:00,3,4,286,Monday,October,Fall,6119
2025-07-03 00:00:00,0,1,184,Thursday,July,Summer,5539
2022-12-07 00:00:00,23,0,341,Wednesday,December,Winter,1410
2024-02-10 00:00:00,3,4,41,Saturday,February,Winter,4487
2021-07-09 00:00:00,3,4,190,Friday,July,Summer,1208
2025-02-16 00:00:00,0,1,47,Sunday,February,Winter,4574
2024-11-24 00:00:00,10,11,329,Sunday,November,Fall,21544
2024-12-11 00:00:00,19,20,346,Wednesday,December,Winter,5916
2025-05-20 00:00:00,21,22,140,Tuesday,May,Spring,5566
2022-01-21 00:00:00,9,10,21,Friday,January,Winter,5002
2025-01-30 00:00:00,7,8,30,Thursday,January,Winter,5813
2021-01-29 00:00:00,17,18,29,Friday,January,Winter,12983
2024-04-19 00:00:00,5,6,110,Friday,April,Spring,9003
2020-12-01 00:00:00,12,13,336,Tuesday,December,Winter,8412
2024-02-19 00:00:00,3,4,50,Monday,February,Winter,4002
2023-09-21 00:00:00,13,14,264,Thursday,September,Fall,6474
2025-03-17 00:00:00,2,3,76,Monday,March,Spring,5489
2024-08-02 00:00:00,18,19,215,Friday,August,Summer,7412
2020-07-15 00:00:00,3,4,197,Wednesday,July,Summer,1451
2022-10-15 00:00:00,16,17,288,Saturday,October,Fall,8245
2025-05-11 00:00:00,10,11,131,Sunday,May,Spring,3050
2025-01-21 00:00:00,13,14,21,Tuesday,January,Winter,5754
2023-08-02 00:00:00,8,9,214,Wednesday,August,Summer,15356
2025-10-06 00:00:00,19,20,279,Monday,October,Fall,2272
2024-03-22 00:00:00,16,17,82,Friday,March,Spring,7952
2021-04-04 00:00:00,2,3,94,Sunday,April,Spring,6551
2022-11-08 00:00:00,6,7,312,Tuesday,November,Fall,13306
2023-09-19 00:00:00,9,10,262,Tuesday,September,Fall,7887
2022-05-05 00:00:00,16,17,125,Thursday,May,Spring,6137
2021-03-16 00:00:00,3,4,75,Tuesday,March,Spring,3759
2023-03-18 00:00:00,21,22,77,Saturday,March,Spring,4032
2023-01-04 00:00:00,19,20,4,Wednesday,January,Winter,13392
2021-01-05 00:00:00,19,20,5,Tuesday,January,Winter,1794
2020-12-07 00:00:00,22,23,342,Monday,December,Winter,3434
2024-04-24 00:00:00,15,16,115,Wednesday,April,Spring,11510
2025-04-27 00:00:00,16,17,117,Sunday,April,Spring,3352
2021-10-16 00:00:00,7,8,289,Saturday,October,Fall,1545
2022-04-17 00:00:00,9,10,107,Sunday,April,Spring,6232
2022-11-15 00:00:00,10,11,319,Tuesday,November,Fall,10920
2021-01-06 00:00:00,1,2,6,Wednesday,January,Winter,1467
2020-06-09 00:00:00,11,12,161,Tuesday,June,Summer,4734
2023-03-14 00:00:00,17,18,73,Tuesday,March,Spring,10320
2021-01-31 00:00:00,17,18,31,Sunday,January,Winter,5433
2021-01-28 00:00:00,22,23,28,Thursday,January,Winter,9207
2023-02-14 00:00:00,20,21,45,Tuesday,February,Winter,4137
2024-08-29 00:00:00,10,11,242,Thursday,August,Summer,5199
2022-10-03 00:00:00,13,14,276,Monday,October,Fall,5084
2022-02-23 00:00:00,10,11,54,Wednesday,February,Winter,3903
2025-08-24 00:00:00,7,8,236,Sunday,August,Summer,3233
2021-02-06 00:00:00,12,13,37,Saturday,February,Winter,3255
2023-04-29 00:00:00,15,16,119,Saturday,April,Spring,4800
2023-04-22 00:00:00,4,5,112,Saturday,April,Spring,4492
2020-05-24 00:00:00,13,14,145,Sunday,May,Spring,5849
2023-02-07 00:00:00,16,17,38,Tuesday,February,Winter,6303
2022-07-06 00:00:00,3,4,187,Wednesday,July,Summer,3439
2023-11-25 00:00:00,22,23,329,Saturday,November,Fall,3662
2022-12-09 00:00:00,14,15,343,Friday,December,Winter,3163
2020-12-15 00:00:00,0,1,350,Tuesday,December,Winter,5961
2022-03-10 00:00:00,21,22,69,Thursday,March,Spring,6888
2024-06-15 00:00:00,16,17,167,Saturday,June,Summer,10230
2025-10-27 00:00:00,10,11,300,Monday,October,Fall,20785
2020-07-02 00:00:00,23,0,184,Thursday,July,Summer,3158
2021-09-21 00:00:00,18,19,264,Tuesday,September,Fall,2741
2022-04-03 00:00:00,20,21,93,Sunday,April,Spring,1788
2025-01-04 00:00:00,22,23,4,Saturday,January,Winter,10639
2021-09-06 00:00:00,16,17,249,Monday,September,Fall,4649
2022-01-12 00:00:00,10,11,12,Wednesday,January,Winter,3948
2023-03-03 00:00:00,17,18,62,Friday,March,Spring,5441
2021-11-21 00:00:00,12,13,325,Sunday,November,Fall,3618
2022-07-28 00:00:00,20,21,209,Thursday,July,Summer,1737
2023-01-28 00:00:00,21,22,28,Saturday,January,Winter,2799
2024-12-22 00:00:00,11,12,357,Sunday,December,Winter,19928
2024-03-12 00:00:00,3,4,72,Tuesday,March,Spring,4768
2022-11-11 00:00:00,17,18,315,Friday,November,Fall,2888
2024-11-07 00:00:00,21,22,312,Thursday,November,Fall,3242
2024-06-27 00:00:00,3,4,179,Thursday,June,Summer,839
2020-11-23 00:00:00,14,15,328,Monday,November,Fall,2374
2025-06-19 00:00:00,22,23,170,Thursday,June,Summer,6052
2024-08-07 00:00:00,2,3,220,Wednesday,August,Summer,1802
2020-07-05 00:00:00,15,16,187,Sunday,July,Summer,10632
2023-05-27 00:00:00,11,12,147,Saturday,May,Spring,8746
2021-04-21 00:00:00,5,6,111,Wednesday,April,Spring,1068
2024-09-15 00:00:00,20,21,259,Sunday,September,Fall,3333
2025-07-01 00:00:00,6,7,182,Tuesday,July,Summer,1421
2024-09-09 00:00:00,9,10,253,Monday,September,Fall,9339
2021-09-12 00:00:00,10,11,255,Sunday,September,Fall,3552
2022-01-13 00:00:00,4,5,13,Thursday,January,Winter,2645
2025-07-23 00:00:00,1,2,204,Wednesday,July,Summer,1307
2023-08-27 00:00:00,2,3,239,Sunday,August,Summer,1781
2024-02-19 00:00:00,6,7,50,Monday,February,Winter,3287
2022-06-16 00:00:00,16,17,167,Thursday,June,Summer,5124
2025-09-11 00:00:00,3,4,254,Thursday,September,Fall,10615
2021-06-27 00:00:00,23,0,178,Sunday,June,Summer,748
2025-06-13 00:00:00,6,7,164,Friday,June,Summer,2429
2020-12-10 00:00:00,9,10,345,Thursday,December,Winter,4988
2022-11-29 00:00:00,20,21,333,Tuesday,November,Fall,1194
2021-11-13 00:00:00,4,5,317,Saturday,November,Fall,5812
2025-07-22 00:00:00,16,17,203,Tuesday,July,Summer,13809
2024-02-21 00:00:00,23,0,52,Wednesday,February,Winter,15375
2021-08-07 00:00:00,21,22,219,Saturday,August,Summer,9544
2023-11-24 00:00:00,10,11,328,Friday,November,Fall,9941
2021-06-03 00:00:00,19,20,154,Thursday,June,Summer,1771
2020-12-02 00:00:00,20,21,337,Wednesday,December,Winter,2043
2023-04-29 00:00:00,7,8,119,Saturday,April,Spring,1622
2021-04-16 00:00:00,11,12,106,Friday,April,Spring,7807
2020-02-13 00:00:00,13,14,44,Thursday,February,Winter,13233
2021-11-21 00:00:00,13,14,325,Sunday,November,Fall,3948
2023-12-18 00:00:00,3,4,352,Monday,December,Winter,2101
2020-06-01 00:00:00,10,11,153,Monday,June,Summer,4181
2025-07-24 00:00:00,15,16,205,Thursday,July,Summer,9540
2023-06-24 00:00:00,13,14,175,Saturday,June,Summer,8820
2022-03-07 00:00:00,12,13,66,Monday,March,Spring,10894
2021-10-21 00:00:00,1,2,294,Thursday,October,Fall,13513
2024-02-11 00:00:00,1,2,42,Sunday,February,Winter,9448
2023-09-07 00:00:00,17,18,250,Thursday,September,Fall,4368
2023-11-25 00:00:00,13,14,329,Saturday,November,Fall,10661
2020-10-02 00:00:00,14,15,276,Friday,October,Fall,6441
2022-01-05 00:00:00,10,11,5,Wednesday,January,Winter,6918
2022-03-28 00:00:00,19,20,87,Monday,March,Spring,1643
2020-09-01 00:00:00,8,9,245,Tuesday,September,Fall,1448
2025-09-19 00:00:00,16,17,262,Friday,September,Fall,10145
2023-11-03 00:00:00,11,12,307,Friday,November,Fall,10759
2020-11-25 00:00:00,19,20,330,Wednesday,November,Fall,3453
2022-10-01 00:00:00,1,2,274,Saturday,October,Fall,13589
2021-08-02 00:00:00,0,1,214,Monday,August,Summer,1434
2020-08-08 00:00:00,10,11,221,Saturday,August,Summer,2968
2022-09-14 00:00:00,3,4,257,Wednesday,September,Fall,1861
2021-05-31 00:00:00,8,9,151,Monday,May,Spring,3833
2023-12-27 00:00:00,15,16,361,Wednesday,December,Winter,12667
2024-08-01 00:00:00,19,20,214,Thursday,August,Summer,4264
2023-04-04 00:00:00,19,20,94,Tuesday,April,Spring,4139
2024-05-03 00:00:00,0,1,124,Friday,May,Spring,9022
2024-09-15 00:00:00,22,23,259,Sunday,September,Fall,4322
2021-09-13 00:00:00,6,7,256,Monday,September,Fall,1809
2021-12-07 00:00:00,18,19,341,Tuesday,December,Winter,13600
2023-11-30 00:00:00,4,5,334,Thursday,November,Fall,1780
2022-03-10 00:00:00,1,2,69,Thursday,March,Spring,6777
2022-03-30 00:00:00,11,12,89,Wednesday,March,Spring,2186
2022-08-09 00:00:00,3,4,221,Tuesday,August,Summer,6466
2023-05-04 00:00:00,17,18,124,Thursday,May,Spring,9901
2023-12-13 00:00:00,10,11,347,Wednesday,December,Winter,6869
2022-09-29 00:00:00,13,14,272,Thursday,September,Fall,4400
2024-08-28 00:00:00,13,14,241,Wednesday,August,Summer,10829
2024-09-17 00:00:00,8,9,261,Tuesday,September,Fall,10111
2020-01-06 00:00:00,11,12,6,Monday,January,Winter,5665
2022-09-07 00:00:00,16,17,250,Wednesday,September,Fall,6353
2022-10-21 00:00:00,2,3,294,Friday,October,Fall,7894
2021-05-26 00:00:00,19,20,146,Wednesday,May,Spring,4996
2022-06-26 00:00:00,4,5,177,Sunday,June,Summer,1831
2025-07-13 00:00:00,20,21,194,Sunday,July,Summer,3952
2024-06-29 00:00:00,7,8,181,Saturday,June,Summer,4387
2024-11-08 00:00:00,14,15,313,Friday,November,Fall,4482
2022-07-11 00:00:00,10,11,192,Monday,July,Summer,7469
2022-01-10 00:00:00,6,7,10,Monday,January,Winter,1005
2025-03-21 00:00:00,0,1,80,Friday,March,Spring,7350
2023-02-15 00:00:00,13,14,46,Wednesday,February,Winter,6445
2025-04-17 00:00:00,1,2,107,Thursday,April,Spring,2336
2025-02-15 00:00:00,1,2,46,Saturday,February,Winter,7209
2020-09-28 00:00:00,18,19,272,Monday,September,Fall,4748
2021-06-30 00:00:00,4,5,181,Wednesday,June,Summer,2097
2022-07-20 00:00:00,6,7,201,Wednesday,July,Summer,2316
2020-04-22 00:00:00,2,3,113,Wednesday,April,Spring,5000
2021-09-23 00:00:00,20,21,266,Thursday,September,Fall,1171
2020-02-27 00:00:00,0,1,58,Thursday,February,Winter,5262
2021-03-26 00:00:00,20,21,85,Friday,March,Spring,8311
2020-01-13 00:00:00,8,9,13,Monday,January,Winter,3845
2025-09-22 00:00:00,23,0,265,Monday,September,Fall,8892
2023-01-13 00:00:00,8,9,13,Friday,January,Winter,14537
2024-07-16 00:00:00,6,7,198,Tuesday,July,Summer,7743
2024-06-04 00:00:00,18,19,156,Tuesday,June,Summer,7459
2020-11-02 00:00:00,22,23,307,Monday,November,Fall,4458
2022-10-07 00:00:00,11,12,280,Friday,October,Fall,4853
2022-02-24 00:00:00,17,18,55,Thursday,February,Winter,12191
2021-11-27 00:00:00,6,7,331,Saturday,November,Fall,7605
2020-08-07 00:00:00,9,10,220,Friday,August,Summer,2665
2022-07-10 00:00:00,2,3,191,Sunday,July,Summer,5201
2021-07-13 00:00:00,1,2,194,Tuesday,July,Summer,3421
2025-05-01 00:00:00,2,3,121,Thursday,May,Spring,5525
2025-11-30 00:00:00,5,6,334,Sunday,November,Fall,4365
2020-12-25 00:00:00,6,7,360,Friday,December,Winter,6272
2021-04-19 00:00:00,11,12,109,Monday,April,Spring,4484
2024-03-29 00:00:00,22,23,89,Friday,March,Spring,5301
2023-07-29 00:00:00,8,9,210,Saturday,July,Summer,5340
2022-06-05 00:00:00,4,5,156,Sunday,June,Summer,1412
2021-08-11 00:00:00,6,7,223,Wednesday,August,Summer,508
2022-11-27 00:00:00,12,13,331,Sunday,November,Fall,8438
2025-06-11 00:00:00,8,9,162,Wednesday,June,Summer,5524
2023-06-01 00:00:00,11,12,152,Thursday,June,Summer,8686
2022-10-14 00:00:00,9,10,287,Friday,October,Fall,5617
2025-05-07 00:00:00,13,14,127,Wednesday,May,Spring,11508
2022-03-30 00:00:00,14,15,89,Wednesday,March,Spring,3152
2025-03-13 00:00:00,15,16,72,Thursday,March,Spring,5712
2021-09-23 00:00:00,15,16,266,Thursday,September,Fall,5575
2020-02-04 00:00:00,4,5,35,Tuesday,February,Winter,10605
2021-05-14 00:00:00,19,20,134,Friday,May,Spring,5623
2022-05-30 00:00:00,2,3,150,Monday,May,Spring,4110
2021-01-30 00:00:00,6,7,30,Saturday,January,Winter,5748
2024-06-20 00:00:00,7,8,172,Thursday,June,Summer,4284
2025-08-07 00:00:00,19,20,219,Thursday,August,Summer,3099
2024-08-24 00:00:00,3,4,237,Saturday,August,Summer,6102
2022-09-15 00:00:00,7,8,258,Thursday,September,Fall,1704
2020-07-06 00:00:00,1,2,188,Monday,July,Summer,6827
2022-08-28 00:00:00,6,7,240,Sunday,August,Summer,3890
2020-09-14 00:00:00,12,13,258,Monday,September,Fall,4786
2024-05-24 00:00:00,22,23,145,Friday,May,Spring,645
2025-08-08 00:00:00,6,7,220,Friday,August,Summer,1464
2020-07-10 00:00:00,10,11,192,Friday,July,Summer,5130
2020-01-17 00:00:00,18,19,17,Friday,January,Winter,7402
2024-07-17 00:00:00,18,19,199,Wednesday,July,Summer,4046
2023-01-02 00:00:00,7,8,2,Monday,January,Winter,6552
2021-02-14 00:00:00,0,1,45,Sunday,February,Winter,7245
2025-07-26 00:00:00,5,6,207,Saturday,July,Summer,2295
2020-10-23 00:00:00,10,11,297,Friday,October,Fall,2714
2024-07-03 00:00:00,1,2,185,Wednesday,July,Summer,1771
2024-11-12 00:00:00,22,23,317,Tuesday,November,Fall,8223
2025-11-12 00:00:00,17,18,316,Wednesday,November,Fall,13595
2024-04-26 00:00:00,19,20,117,Friday,April,Spring,3091
2023-12-20 00:00:00,11,12,354,Wednesday,December,Winter,9752
2024-04-04 00:00:00,20,21,95,Thursday,April,Spring,7001
2025-03-18 00:00:00,20,21,77,Tuesday,March,Spring,10105
2020-04-14 00:00:00,18,19,105,Tuesday,April,Spring,6515
2020-03-02 00:00:00,23,0,62,Monday,March,Spring,8448
2020-01-11 00:00:00,7,8,11,Saturday,January,Winter,3308
2022-02-10 00:00:00,19,20,41,Thursday,February,Winter,3020
2024-10-13 00:00:00,4,5,287,Sunday,October,Fall,3330
2024-01-16 00:00:00,0,1,16,Tuesday,January,Winter,2197
2020-09-10 00:00:00,17,18,254,Thursday,September,Fall,2293
2025-08-25 00:00:00,8,9,237,Monday,August,Summer,3906
2024-03-05 00:00:00,16,17,65,Tuesday,March,Spring,6764
2022-08-23 00:00:00,7,8,235,Tuesday,August,Summer,1085
2021-07-17 00:00:00,18,19,198,Saturday,July,Summer,6467
2025-04-27 00:00:00,11,12,117,Sunday,April,Spring,3596
2020-02-27 00:00:00,18,19,58,Thursday,February,Winter,10596
2024-11-06 00:00:00,7,8,311,Wednesday,November,Fall,292
2024-11-22 00:00:00,14,15,327,Friday,November,Fall,15122
2024-11-19 00:00:00,21,22,324,Tuesday,November,Fall,11992
2021-05-26 00:00:00,1,2,146,Wednesday,May,Spring,5335
2021-11-29 00:00:00,12,13,333,Monday,November,Fall,4389
2023-04-09 00:00:00,3,4,99,Sunday,April,Spring,3548
2024-05-20 00:00:00,11,12,141,Monday,May,Spring,5874
2021-09-06 00:00:00,9,10,249,Monday,September,Fall,2723
2020-12-16 00:00:00,23,0,351,Wednesday,December,Winter,7220
2021-06-11 00:00:00,11,12,162,Friday,June,Summer,4809
2024-03-15 00:00:00,4,5,75,Friday,March,Spring,9923
2023-02-20 00:00:00,2,3,51,Monday,February,Winter,3288
2025-05-02 00:00:00,18,19,122,Friday,May,Spring,4524
2021-04-30 00:00:00,7,8,120,Friday,April,Spring,1408
2024-08-30 00:00:00,23,0,243,Friday,August,Summer,5577
2021-09-30 00:00:00,7,8,273,Thursday,September,Fall,1829
2024-02-13 00:00:00,9,10,44,Tuesday,February,Winter,7108
2023-01-10 00:00:00,4,5,10,Tuesday,January,Winter,7471
2023-05-20 00:00:00,6,7,140,Saturday,May,Spring,6415
2023-09-01 00:00:00,22,23,244,Friday,September,Fall,1142
2024-06-06 00:00:00,15,16,158,Thursday,June,Summer,8506
2025-07-13 00:00:00,12,13,194,Sunday,July,Summer,9654
2021-10-18 00:00:00,16,17,291,Monday,October,Fall,5039
2021-03-01 00:00:00,5,6,60,Monday,March,Spring,4453
2023-03-18 00:00:00,13,14,77,Saturday,March,Spring,11176
2020-10-21 00:00:00,15,16,295,Wednesday,October,Fall,14758
2020-03-02 00:00:00,13,14,62,Monday,March,Spring,7175
2023-06-30 00:00:00,1,2,181,Friday,June,Summer,2631
2022-04-19 00:00:00,9,10,109,Tuesday,April,Spring,2972
2020-07-25 00:00:00,6,7,207,Saturday,July,Summer,1509
2021-11-03 00:00:00,2,3,307,Wednesday,November,Fall,3878
2024-09-20 00:00:00,22,23,264,Friday,September,Fall,3712
2020-07-06 00:00:00,10,11,188,Monday,July,Summer,7270
2023-06-18 00:00:00,7,8,169,Sunday,June,Summer,2716
2024-04-22 00:00:00,11,12,113,Monday,April,Spring,11915
2022-10-31 00:00:00,2,3,304,Monday,October,Fall,1886
2022-12-08 00:00:00,19,20,342,Thursday,December,Winter,2320
2021-02-19 00:00:00,8,9,50,Friday,February,Winter,6408
2024-07-04 00:00:00,7,8,186,Thursday,July,Summer,7653
2022-08-12 00:00:00,18,19,224,Friday,August,Summer,4606
2020-06-22 00:00:00,5,6,174,Monday,June,Summer,1871
2022-05-14 00:00:00,19,20,134,Saturday,May,Spring,1781
2022-03-14 00:00:00,23,0,73,Monday,March,Spring,5813
2021-04-28 00:00:00,9,10,118,Wednesday,April,Spring,1431
2020-02-22 00:00:00,18,19,53,Saturday,February,Winter,8683
2024-11-01 00:00:00,9,10,306,Friday,November,Fall,3028
2025-08-31 00:00:00,20,21,243,Sunday,August,Summer,3822
2024-08-21 00:00:00,10,11,234,Wednesday,August,Summer,7369
2023-11-10 00:00:00,6,7,314,Friday,November,Fall,13482
2025-05-04 00:00:00,7,8,124,Sunday,May,Spring,5384
2024-09-21 00:00:00,13,14,265,Saturday,September,Fall,4430
2020-03-19 00:00:00,5,6,79,Thursday,March,Spring,1145
2020-10-02 00:00:00,8,9,276,Friday,October,Fall,9401
2022-09-25 00:00:00,17,18,268,Sunday,September,Fall,4472
2022-08-25 00:00:00,19,20,237,Thursday,August,Summer,4858
2023-08-10 00:00:00,8,9,222,Thursday,August,Summer,3790
2024-09-21 00:00:00,3,4,265,Saturday,September,Fall,3321
2022-01-22 00:00:00,3,4,22,Saturday,January,Winter,3202
2023-11-09 00:00:00,8,9,313,Thursday,November,Fall,9159
2024-11-25 00:00:00,0,1,330,Monday,November,Fall,18407
2023-07-08 00:00:00,3,4,189,Saturday,July,Summer,4740
2025-09-11 00:00:00,4,5,254,Thursday,September,Fall,10679
2023-07-15 00:00:00,3,4,196,Saturday,July,Summer,6810
2021-11-03 00:00:00,20,21,307,Wednesday,November,Fall,3050
2025-11-23 00:00:00,6,7,327,Sunday,November,Fall,9347
2021-05-18 00:00:00,14,15,138,Tuesday,May,Spring,5821
2024-02-04 00:00:00,10,11,35,Sunday,February,Winter,8994
2020-07-16 00:00:00,0,1,198,Thursday,July,Summer,1763
2020-07-03 00:00:00,2,3,185,Friday,July,Summer,3011
2024-03-04 00:00:00,12,13,64,Monday,March,Spring,9667
2020-10-15 00:00:00,11,12,289,Thursday,October,Fall,6069
2023-01-25 00:00:00,22,23,25,Wednesday,January,Winter,1037
2023-02-04 00:00:00,17,18,35,Saturday,February,Winter,2961
2023-02-03 00:00:00,19,20,34,Friday,February,Winter,5209
2025-02-24 00:00:00,14,15,55,Monday,February,Winter,13295
2025-11-11 00:00:00,21,22,315,Tuesday,November,Fall,14313
2025-05-07 00:00:00,14,15,127,Wednesday,May,Spring,11125
2024-06-18 00:00:00,15,16,170,Tuesday,June,Summer,7585
2021-04-13 00:00:00,11,12,103,Tuesday,April,Spring,6733
2024-01-06 00:00:00,14,15,6,Saturday,January,Winter,9159
2020-01-19 00:00:00,2,3,19,Sunday,January,Winter,4247
2021-06-01 00:00:00,2,3,152,Tuesday,June,Summer,5282
2023-05-28 00:00:00,16,17,148,Sunday,May,Spring,6446
2025-09-19 00:00:00,13,14,262,Friday,September,Fall,12989
2025-08-17 00:00:00,6,7,229,Sunday,August,Summer,5923
2023-08-29 00:00:00,12,13,241,Tuesday,August,Summer,6385
2020-08-13 00:00:00,23,0,226,Thursday,August,Summer,2213
2021-08-30 00:00:00,7,8,242,Monday,August,Summer,3173
2020-07-26 00:00:00,0,1,208,Sunday,July,Summer,4306
2023-02-25 00:00:00,2,3,56,Saturday,February,Winter,3671
2025-08-16 00:00:00,9,10,228,Saturday,August,Summer,8918
2024-07-15 00:00:00,15,16,197,Monday,July,Summer,10900
2020-03-06 00:00:00,1,2,66,Friday,March,Spring,11303
2023-09-02 00:00:00,7,8,245,Saturday,September,Fall,2084
2022-01-21 00:00:00,13,14,21,Friday,January,Winter,6900
2023-05-06 00:00:00,4,5,126,Saturday,May,Spring,1719
2023-09-21 00:00:00,15,16,264,Thursday,September,Fall,8784
2025-07-17 00:00:00,13,14,198,Thursday,July,Summer,9602
2023-10-05 00:00:00,13,14,278,Thursday,October,Fall,6634
2023-06-13 00:00:00,3,4,164,Tuesday,June,Summer,3141
2023-01-08 00:00:00,1,2,8,Sunday,January,Winter,12173
2020-12-10 00:00:00,4,5,345,Thursday,December,Winter,5097
2023-03-21 00:00:00,13,14,80,Tuesday,March,Spring,8403
2022-04-25 00:00:00,14,15,115,Monday,April,Spring,7151
2025-09-14 00:00:00,1,2,257,Sunday,September,Fall,4414
2024-09-29 00:00:00,1,2,273,Sunday,September,Fall,1277
2025-02-06 00:00:00,18,19,37,Thursday,February,Winter,11486
2022-12-20 00:00:00,11,12,354,Tuesday,December,Winter,11990
2024-11-26 00:00:00,8,9,331,Tuesday,November,Fall,6210
2023-03-13 00:00:00,16,17,72,Monday,March,Spring,16408
2025-09-03 00:00:00,10,11,246,Wednesday,September,Fall,18721
2024-11-09 00:00:00,3,4,314,Saturday,November,Fall,1300
2020-02-23 00:00:00,19,20,54,Sunday,February,Winter,9881
2020-08-03 00:00:00,20,21,216,Monday,August,Summer,4530
2021-11-03 00:00:00,6,7,307,Wednesday,November,Fall,3960
2022-12-10 00:00:00,14,15,344,Saturday,December,Winter,3935
2024-11-22 00:00:00,11,12,327,Friday,November,Fall,15569
2020-06-15 00:00:00,0,1,167,Monday,June,Summer,2040
2021-02-22 00:00:00,3,4,53,Monday,February,Winter,6815
2025-01-28 00:00:00,13,14,28,Tuesday,January,Winter,20885
2022-06-05 00:00:00,14,15,156,Sunday,June,Summer,8904
2022-07-30 00:00:00,20,21,211,Saturday,July,Summer,2584
2021-07-29 00:00:00,21,22,210,Thursday,July,Summer,965
2023-09-07 00:00:00,18,19,250,Thursday,September,Fall,2452
2023-11-11 00:00:00,1,2,315,Saturday,November,Fall,6863
2020-03-21 00:00:00,5,6,81,Saturday,March,Spring,7494
2020-10-19 00:00:00,4,5,293,Monday,October,Fall,1525
2024-03-15 00:00:00,9,10,75,Friday,March,Spring,14005
2022-02-25 00:00:00,5,6,56,Friday,February,Winter,7242
2025-05-11 00:00:00,21,22,131,Sunday,May,Spring,3052
2023-04-04 00:00:00,13,14,94,Tuesday,April,Spring,11558
2022-02-27 00:00:00,21,22,58,Sunday,February,Winter,6470
2025-06-23 00:00:00,2,3,174,Monday,June,Summer,5291
2020-10-08 00:00:00,4,5,282,Thursday,October,Fall,6790
2023-07-03 00:00:00,17,18,184,Monday,July,Summer,11708
2023-02-06 00:00:00,20,21,37,Monday,February,Winter,7870
2023-03-30 00:00:00,13,14,89,Thursday,March,Spring,18316
2020-05-16 00:00:00,20,21,137,Saturday,May,Spring,3193
2023-10-03 00:00:00,14,15,276,Tuesday,October,Fall,9033
2020-11-20 00:00:00,19,20,325,Friday,November,Fall,2773
2020-08-15 00:00:00,5,6,228,Saturday,August,Summer,384
2024-06-21 00:00:00,8,9,173,Friday,June,Summer,2878
2021-12-02 00:00:00,2,3,336,Thursday,December,Winter,5934
2020-12-19 00:00:00,13,14,354,Saturday,December,Winter,9422
2021-04-10 00:00:00,9,10,100,Saturday,April,Spring,5393
2022-12-25 00:00:00,18,19,359,Sunday,December,Winter,9466
2023-07-19 00:00:00,4,5,200,Wednesday,July,Summer,2823
2024-05-14 00:00:00,17,18,135,Tuesday,May,Spring,6999
2020-05-23 00:00:00,13,14,144,Saturday,May,Spring,7862
2021-10-03 00:00:00,23,0,276,Sunday,October,Fall,5964
2024-01-29 00:00:00,13,14,29,Monday,January,Winter,8687
2021-10-15 00:00:00,19,20,288,Friday,October,Fall,1124
2021-06-12 00:00:00,7,8,163,Saturday,June,Summer,1829
2020-09-22 00:00:00,1,2,266,Tuesday,September,Fall,894
2021-10-19 00:00:00,10,11,292,Tuesday,October,Fall,8475
2022-11-07 00:00:00,17,18,311,Monday,November,Fall,8246
2023-08-21 00:00:00,1,2,233,Monday,August,Summer,2603
2022-04-08 00:00:00,23,0,98,Friday,April,Spring,6694
2020-11-10 00:00:00,12,13,315,Tuesday,November,Fall,2552
2025-08-30 00:00:00,8,9,242,Saturday,August,Summer,5384
2020-09-26 00:00:00,10,11,270,Saturday,September,Fall,11643
2024-09-03 00:00:00,23,0,247,Tuesday,September,Fall,1253
2025-03-10 00:00:00,6,7,69,Monday,March,Spring,2663
2023-02-16 00:00:00,3,4,47,Thursday,February,Winter,3980
2020-03-11 00:00:00,15,16,71,Wednesday,March,Spring,11361
2023-12-27 00:00:00,8,9,361,Wednesday,December,Winter,9035
2021-10-15 00:00:00,15,16,288,Friday,October,Fall,4028
2021-10-14 00:00:00,1,2,287,Thursday,October,Fall,1908
2022-03-11 00:00:00,19,20,70,Friday,March,Spring,10317
2021-03-08 00:00:00,5,6,67,Monday,March,Spring,3070
2025-10-23 00:00:00,19,20,296,Thursday,October,Fall,17992
2021-08-22 00:00:00,6,7,234,Sunday,August,Summer,3212
2022-06-19 00:00:00,12,13,170,Sunday,June,Summer,9444
2022-01-02 00:00:00,4,5,2,Sunday,January,Winter,6918
2020-12-17 00:00:00,3,4,352,Thursday,December,Winter,5845
2020-03-08 00:00:00,0,1,68,Sunday,March,Spring,7440
2020-05-22 00:00:00,23,0,143,Friday,May,Spring,1663
2023-08-01 00:00:00,10,11,213,Tuesday,August,Summer,11387
2024-11-12 00:00:00,20,21,317,Tuesday,November,Fall,9661
2022-06-26 00:00:00,14,15,177,Sunday,June,Summer,4430
2025-05-13 00:00:00,20,21,133,Tuesday,May,Spring,1684
2021-10-12 00:00:00,17,18,285,Tuesday,October,Fall,5195
2021-03-26 00:00:00,8,9,85,Friday,March,Spring,5079
2024-06-20 00:00:00,18,19,172,Thursday,June,Summer,3344
2020-03-03 00:00:00,21,22,63,Tuesday,March,Spring,3260
2022-11-18 00:00:00,13,14,322,Friday,November,Fall,7173
2021-03-14 00:00:00,8,9,73,Sunday,March,Spring,10637
2025-11-17 00:00:00,22,23,321,Monday,November,Fall,4027
2021-06-25 00:00:00,0,1,176,Friday,June,Summer,2162
2021-05-16 00:00:00,14,15,136,Sunday,May,Spring,10947
2025-09-22 00:00:00,8,9,265,Monday,September,Fall,9995
2022-02-17 00:00:00,13,14,48,Thursday,February,Winter,16410
2025-01-08 00:00:00,11,12,8,Wednesday,January,Winter,9828
2021-03-08 00:00:00,3,4,67,Monday,March,Spring,2869
2025-04-08 00:00:00,15,16,98,Tuesday,April,Spring,8550
2022-09-25 00:00:00,9,10,268,Sunday,September,Fall,3647
2022-06-17 00:00:00,11,12,168,Friday,June,Summer,6029
2024-02-24 00:00:00,12,13,55,Saturday,February,Winter,15371
2021-11-07 00:00:00,21,22,311,Sunday,November,Fall,3223
2025-08-23 00:00:00,21,22,235,Saturday,August,Summer,2569
2022-03-01 00:00:00,21,22,60,Tuesday,March,Spring,2721
2021-04-03 00:00:00,13,14,93,Saturday,April,Spring,14891
2021-02-13 00:00:00,17,18,44,Saturday,February,Winter,6349
2023-12-26 00:00:00,6,7,360,Tuesday,December,Winter,9160
2022-03-13 00:00:00,9,10,72,Sunday,March,Spring,9151
2024-06-22 00:00:00,1,2,174,Saturday,June,Summer,5101
2025-01-15 00:00:00,13,14,15,Wednesday,January,Winter,6285
2022-08-14 00:00:00,16,17,226,Sunday,August,Summer,7767
2021-09-13 00:00:00,21,22,256,Monday,September,Fall,2957
2020-06-04 00:00:00,14,15,156,Thursday,June,Summer,5751
2022-10-06 00:00:00,19,20,279,Thursday,October,Fall,459
2022-12-19 00:00:00,4,5,353,Monday,December,Winter,12566
2022-03-04 00:00:00,9,10,63,Friday,March,Spring,4002
2023-05-23 00:00:00,9,10,143,Tuesday,May,Spring,8084
2025-10-12 00:00:00,2,3,285,Sunday,October,Fall,5142
2022-04-02 00:00:00,5,6,92,Saturday,April,Spring,9702
2022-03-07 00:00:00,16,17,66,Monday,March,Spring,9049
2022-11-23 00:00:00,6,7,327,Wednesday,November,Fall,8193
2022-01-24 00:00:00,11,12,24,Monday,January,Winter,4385
2021-01-31 00:00:00,2,3,31,Sunday,January,Winter,4875
2025-10-22 00:00:00,13,14,295,Wednesday,October,Fall,7336
2024-09-26 00:00:00,6,7,270,Thursday,September,Fall,12407
2025-08-17 00:00:00,17,18,229,Sunday,August,Summer,9585
2023-05-10 00:00:00,3,4,130,Wednesday,May,Spring,7707
2021-03-21 00:00:00,15,16,80,Sunday,March,Spring,8663
2020-01-02 00:00:00,21,22,2,Thursday,January,Winter,6813
2023-07-05 00:00:00,13,14,186,Wednesday,July,Summer,12672
2022-07-10 00:00:00,21,22,191,Sunday,July,Summer,4249
2022-11-19 00:00:00,19,20,323,Saturday,November,Fall,3365
2024-02-23 00:00:00,0,1,54,Friday,February,Winter,15206
2021-06-03 00:00:00,22,23,154,Thursday,June,Summer,1289
2021-04-17 00:00:00,11,12,107,Saturday,April,Spring,8185
2024-05-15 00:00:00,18,19,136,Wednesday,May,Spring,4141
2022-10-09 00:00:00,1,2,282,Sunday,October,Fall,4252
2022-12-28 00:00:00,17,18,362,Wednesday,December,Winter,15714
2021-05-17 00:00:00,8,9,137,Monday,May,Spring,11934
2021-03-10 00:00:00,17,18,69,Wednesday,March,Spring,10787
2020-03-29 00:00:00,20,21,89,Sunday,March,Spring,12637
2022-12-09 00:00:00,11,12,343,Friday,December,Winter,3573
2022-07-17 00:00:00,17,18,198,Sunday,July,Summer,6303
2022-02-23 00:00:00,18,19,54,Wednesday,February,Winter,1715
2020-05-01 00:00:00,11,12,122,Friday,May,Spring,8478
2020-02-20 00:00:00,12,13,51,Thursday,February,Winter,12752
2023-09-12 00:00:00,3,4,255,Tuesday,September,Fall,1028
2022-05-30 00:00:00,8,9,150,Monday,May,Spring,2738
2020-03-12 00:00:00,22,23,72,Thursday,March,Spring,8034
2024-12-16 00:00:00,18,19,351,Monday,December,Winter,3165
2022-02-08 00:00:00,19,20,39,Tuesday,February,Winter,2613
2023-02-10 00:00:00,19,20,41,Friday,February,Winter,1779
2024-12-10 00:00:00,0,1,345,Tuesday,December,Winter,11211
2020-03-25 00:00:00,10,11,85,Wednesday,March,Spring,5257
2023-01-23 00:00:00,5,6,23,Monday,January,Winter,4215
2022-03-31 00:00:00,3,4,90,Thursday,March,Spring,3308
2020-08-07 00:00:00,23,0,220,Friday,August,Summer,2007
2025-02-10 00:00:00,18,19,41,Monday,February,Winter,6846
2021-07-21 00:00:00,15,16,202,Wednesday,July,Summer,6031
2021-09-04 00:00:00,10,11,247,Saturday,September,Fall,2823
2025-06-23 00:00:00,1,2,174,Monday,June,Summer,4846
2025-02-23 00:00:00,15,16,54,Sunday,February,Winter,13530
2024-09-27 00:00:00,20,21,271,Friday,September,Fall,10616
2025-03-17 00:00:00,0,1,76,Monday,March,Spring,5188
2025-06-24 00:00:00,1,2,175,Tuesday,June,Summer,2704
2024-12-01 00:00:00,19,20,336,Sunday,December,Winter,7486
2021-07-26 00:00:00,21,22,207,Monday,July,Summer,1779
2023-01-15 00:00:00,12,13,15,Sunday,January,Winter,19266
2020-11-02 00:00:00,3,4,307,Monday,November,Fall,9919
2022-02-25 00:00:00,20,21,56,Friday,February,Winter,2846
2025-01-17 00:00:00,13,14,17,Friday,January,Winter,5413
2020-09-08 00:00:00,23,0,252,Tuesday,September,Fall,895
2021-04-12 00:00:00,18,19,102,Monday,April,Spring,3967
2021-07-27 00:00:00,0,1,208,Tuesday,July,Summer,1566
2020-12-17 00:00:00,0,1,352,Thursday,December,Winter,7100
2023-04-09 00:00:00,0,1,99,Sunday,April,Spring,4433
2022-05-01 00:00:00,16,17,121,Sunday,May,Spring,5604
2023-10-23 00:00:00,15,16,296,Monday,October,Fall,7230
2024-04-06 00:00:00,16,17,97,Saturday,April,Spring,6760
2021-03-25 00:00:00,23,0,84,Thursday,March,Spring,2424
2020-12-29 00:00:00,11,12,364,Tuesday,December,Winter,4941
2020-04-09 00:00:00,3,4,100,Thursday,April,Spring,746
2022-06-06 00:00:00,8,9,157,Monday,June,Summer,3575
2020-05-08 00:00:00,21,22,129,Friday,May,Spring,2057
2023-02-06 00:00:00,10,11,37,Monday,February,Winter,7478
2024-03-25 00:00:00,1,2,85,Monday,March,Spring,1448
2023-06-11 00:00:00,1,2,162,Sunday,June,Summer,1826
2025-01-14 00:00:00,11,12,14,Tuesday,January,Winter,6088
2022-02-15 00:00:00,18,19,46,Tuesday,February,Winter,13036
2025-02-06 00:00:00,23,0,37,Thursday,February,Winter,12066
2023-12-22 00:00:00,19,20,356,Friday,December,Winter,15656
2020-07-07 00:00:00,8,9,189,Tuesday,July,Summer,2361
2021-07-20 00:00:00,1,2,201,Tuesday,July,Summer,4074
2021-12-02 00:00:00,21,22,336,Thursday,December,Winter,4111
2021-10-19 00:00:00,11,12,292,Tuesday,October,Fall,8741
2022-02-02 00:00:00,20,21,33,Wednesday,February,Winter,2853
2025-08-14 00:00:00,3,4,226,Thursday,August,Summer,2267
2023-05-23 00:00:00,8,9,143,Tuesday,May,Spring,6766
2023-04-24 00:00:00,18,19,114,Monday,April,Spring,6416
2021-08-30 00:00:00,21,22,242,Monday,August,Summer,5261
2020-11-10 00:00:00,11,12,315,Tuesday,November,Fall,2271
2023-10-17 00:00:00,10,11,290,Tuesday,October,Fall,6810
2024-08-03 00:00:00,12,13,216,Saturday,August,Summer,8860
2021-09-16 00:00:00,6,7,259,Thursday,September,Fall,631
2021-05-23 00:00:00,8,9,143,Sunday,May,Spring,5138
2020-02-15 00:00:00,7,8,46,Saturday,February,Winter,6365
2020-03-16 00:00:00,13,14,76,Monday,March,Spring,3587
2024-04-09 00:00:00,6,7,100,Tuesday,April,Spring,13710
2021-05-18 00:00:00,12,13,138,Tuesday,May,Spring,5550
2025-08-04 00:00:00,13,14,216,Monday,August,Summer,13010
2022-01-05 00:00:00,18,19,5,Wednesday,January,Winter,3791
2023-12-01 00:00:00,23,0,335,Friday,December,Winter,4345
2021-07-28 00:00:00,6,7,209,Wednesday,July,Summer,3178
2023-02-24 00:00:00,14,15,55,Friday,February,Winter,5858
2022-07-26 00:00:00,19,20,207,Tuesday,July,Summer,4218
2020-03-18 00:00:00,18,19,78,Wednesday,March,Spring,380
2025-05-18 00:00:00,7,8,138,Sunday,May,Spring,3318
2023-09-30 00:00:00,8,9,273,Saturday,September,Fall,1568
2020-02-20 00:00:00,8,9,51,Thursday,February,Winter,7848
2022-05-16 00:00:00,20,21,136,Monday,May,Spring,691
2021-05-27 00:00:00,3,4,147,Thursday,May,Spring,1412
2025-02-12 00:00:00,10,11,43,Wednesday,February,Winter,3450
2023-09-13 00:00:00,8,9,256,Wednesday,September,Fall,1595
2025-06-24 00:00:00,21,22,175,Tuesday,June,Summer,1094
2025-08-21 00:00:00,15,16,233,Thursday,August,Summer,11238
2022-09-29 00:00:00,20,21,272,Thursday,September,Fall,1057
2024-05-01 00:00:00,21,22,122,Wednesday,May,Spring,5445
2022-12-09 00:00:00,22,23,343,Friday,December,Winter,1529
2025-11-25 00:00:00,0,1,329,Tuesday,November,Fall,9734
2025-10-23 00:00:00,16,17,296,Thursday,October,Fall,15398
2024-03-21 00:00:00,5,6,81,Thursday,March,Spring,2243
2022-05-03 00:00:00,15,16,123,Tuesday,May,Spring,5540
2023-01-14 00:00:00,2,3,14,Saturday,January,Winter,8733
2022-10-03 00:00:00,18,19,276,Monday,October,Fall,1731
2021-10-06 00:00:00,4,5,279,Wednesday,October,Fall,8240
2025-01-17 00:00:00,22,23,17,Friday,January,Winter,1503
2024-07-11 00:00:00,22,23,193,Thursday,July,Summer,3990
2024-02-19 00:00:00,16,17,50,Monday,February,Winter,9227
2025-03-08 00:00:00,13,14,67,Saturday,March,Spring,14741
2022-10-05 00:00:00,15,16,278,Wednesday,October,Fall,14688
2024-11-24 00:00:00,6,7,329,Sunday,November,Fall,18598
2024-05-06 00:00:00,1,2,127,Monday,May,Spring,2849
2020-04-10 00:00:00,22,23,101,Friday,April,Spring,3686
2025-07-22 00:00:00,8,9,203,Tuesday,July,Summer,9162
2024-10-23 00:00:00,0,1,297,Wednesday,October,Fall,1780
2024-11-06 00:00:00,3,4,311,Wednesday,November,Fall,148
2022-10-30 00:00:00,14,15,303,Sunday,October,Fall,5627
2024-02-16 00:00:00,11,12,47,Friday,February,Winter,9141
2022-10-29 00:00:00,12,13,302,Saturday,October,Fall,9218
2024-06-29 00:00:00,17,18,181,Saturday,June,Summer,5896
2020-10-28 00:00:00,15,16,302,Wednesday,October,Fall,11856
2020-11-23 00:00:00,13,14,328,Monday,November,Fall,2770
2020-08-07 00:00:00,17,18,220,Friday,August,Summer,2939
2021-04-28 00:00:00,15,16,118,Wednesday,April,Spring,4461
2025-10-08 00:00:00,17,18,281,Wednesday,October,Fall,4242
2024-09-16 00:00:00,18,19,260,Monday,September,Fall,8604
2025-09-01 00:00:00,10,11,244,Monday,September,Fall,8188
2025-04-05 00:00:00,20,21,95,Saturday,April,Spring,6463
2022-03-07 00:00:00,17,18,66,Monday,March,Spring,7396
2023-02-25 00:00:00,18,19,56,Saturday,February,Winter,8199
2020-01-31 00:00:00,8,9,31,Friday,January,Winter,5824
2022-08-09 00:00:00,22,23,221,Tuesday,August,Summer,7621
2025-04-26 00:00:00,16,17,116,Saturday,April,Spring,4158
2023-12-29 00:00:00,22,23,363,Friday,December,Winter,10568
2025-07-30 00:00:00,15,16,211,Wednesday,July,Summer,9183
2023-03-17 00:00:00,17,18,76,Friday,March,Spring,8029
2025-02-11 00:00:00,1,2,42,Tuesday,February,Winter,5637
2021-02-08 00:00:00,8,9,39,Monday,February,Winter,1234
2024-03-03 00:00:00,3,4,63,Sunday,March,Spring,2805
2024-02-02 00:00:00,2,3,33,Friday,February,Winter,3042
2020-08-30 00:00:00,5,6,243,Sunday,August,Summer,3412
2024-08-29 00:00:00,12,13,242,Thursday,August,Summer,6094
2020-11-08 00:00:00,5,6,313,Sunday,November,Fall,4481
2024-02-25 00:00:00,10,11,56,Sunday,February,Winter,11356
2023-11-30 00:00:00,20,21,334,Thursday,November,Fall,1743
2022-11-03 00:00:00,14,15,307,Thursday,November,Fall,10359
2023-01-29 00:00:00,16,17,29,Sunday,January,Winter,2807
2025-03-24 00:00:00,17,18,83,Monday,March,Spring,3751
2024-03-10 00:00:00,11,12,70,Sunday,March,Spring,4489
2022-07-22 00:00:00,19,20,203,Friday,July,Summer,2905
2024-02-09 00:00:00,19,20,40,Friday,February,Winter,9829
2024-12-19 00:00:00,11,12,354,Thursday,December,Winter,17655
2024-01-07 00:00:00,5,6,7,Sunday,January,Winter,7382
2020-12-03 00:00:00,20,21,338,Thursday,December,Winter,12392
2025-08-07 00:00:00,3,4,219,Thursday,August,Summer,930
2025-11-15 00:00:00,3,4,319,Saturday,November,Fall,4692
2022-11-02 00:00:00,9,10,306,Wednesday,November,Fall,5751
2024-05-12 00:00:00,18,19,133,Sunday,May,Spring,7203
2021-03-01 00:00:00,20,21,60,Monday,March,Spring,4546
2025-06-25 00:00:00,14,15,176,Wednesday,June,Summer,9154
2022-06-12 00:00:00,19,20,163,Sunday,June,Summer,4471
2024-08-09 00:00:00,15,16,222,Friday,August,Summer,7538
2022-07-17 00:00:00,22,23,198,Sunday,July,Summer,3664
2023-10-07 00:00:00,4,5,280,Saturday,October,Fall,1842
2025-10-26 00:00:00,19,20,299,Sunday,October,Fall,11977
2024-08-01 00:00:00,13,14,214,Thursday,August,Summer,7736
2022-11-14 00:00:00,12,13,318,Monday,November,Fall,4986
2025-09-06 00:00:00,9,10,249,Saturday,September,Fall,9528
2023-03-01 00:00:00,0,1,60,Wednesday,March,Spring,7633
2024-12-13 00:00:00,21,22,348,Friday,December,Winter,718
2025-09-26 00:00:00,6,7,269,Friday,September,Fall,990
2025-06-23 00:00:00,4,5,174,Monday,June,Summer,5544
2023-02-27 00:00:00,16,17,58,Monday,February,Winter,16405
2022-01-08 00:00:00,14,15,8,Saturday,January,Winter,15893
2025-01-23 00:00:00,9,10,23,Thursday,January,Winter,7687
2022-03-17 00:00:00,15,16,76,Thursday,March,Spring,5379
2021-12-25 00:00:00,11,12,359,Saturday,December,Winter,2139
2025-07-29 00:00:00,15,16,210,Tuesday,July,Summer,11049
2022-05-17 00:00:00,7,8,137,Tuesday,May,Spring,3135
2024-02-29 00:00:00,5,6,60,Thursday,February,Winter,7464
2021-12-13 00:00:00,15,16,347,Monday,December,Winter,1959
2025-01-07 00:00:00,22,23,7,Tuesday,January,Winter,6904
2020-06-15 00:00:00,19,20,167,Monday,June,Summer,3068
2022-02-01 00:00:00,9,10,32,Tuesday,February,Winter,9308
2025-07-24 00:00:00,18,19,205,Thursday,July,Summer,7239
2022-03-22 00:00:00,12,13,81,Tuesday,March,Spring,8895
2024-01-22 00:00:00,5,6,22,Monday,January,Winter,16728
2024-08-26 00:00:00,22,23,239,Monday,August,Summer,1669
2024-06-20 00:00:00,12,13,172,Thursday,June,Summer,5316
2024-05-27 00:00:00,15,16,148,Monday,May,Spring,8313
2025-03-27 00:00:00,7,8,86,Thursday,March,Spring,4075
2024-09-30 00:00:00,14,15,274,Monday,September,Fall,17990
2022-11-14 00:00:00,21,22,318,Monday,November,Fall,6382
2023-07-02 00:00:00,8,9,183,Sunday,July,Summer,2882
2023-08-07 00:00:00,17,18,219,Monday,August,Summer,8202
2023-04-03 00:00:00,12,13,93,Monday,April,Spring,11111
2025-07-08 00:00:00,15,16,189,Tuesday,July,Summer,12184
2025-09-16 00:00:00,7,8,259,Tuesday,September,Fall,9343
2022-04-13 00:00:00,6,7,103,Wednesday,April,Spring,1107
2022-06-26 00:00:00,0,1,177,Sunday,June,Summer,2699
2024-10-26 00:00:00,5,6,300,Saturday,October,Fall,2085
2024-05-15 00:00:00,3,4,136,Wednesday,May,Spring,2598
2020-08-04 00:00:00,5,6,217,Tuesday,August,Summer,2214
2021-09-16 00:00:00,22,23,259,Thursday,September,Fall,842
2024-10-29 00:00:00,1,2,303,Tuesday,October,Fall,1733
2025-02-20 00:00:00,17,18,51,Thursday,February,Winter,8149
2023-12-18 00:00:00,8,9,352,Monday,December,Winter,2271
2025-04-21 00:00:00,21,22,111,Monday,April,Spring,2788
2022-09-21 00:00:00,16,17,264,Wednesday,September,Fall,6437
2025-03-11 00:00:00,16,17,70,Tuesday,March,Spring,6371
2023-06-23 00:00:00,11,12,174,Friday,June,Summer,7189
2023-04-06 00:00:00,9,10,96,Thursday,April,Spring,4765
2025-06-07 00:00:00,4,5,158,Saturday,June,Summer,6797
2025-09-20 00:00:00,19,20,263,Saturday,September,Fall,10122
2022-11-30 00:00:00,1,2,334,Wednesday,November,Fall,1058
2025-10-30 00:00:00,6,7,303,Thursday,October,Fall,4783
2025-01-21 00:00:00,8,9,21,Tuesday,January,Winter,2522
2024-06-02 00:00:00,15,16,154,Sunday,June,Summer,5303
2025-03-23 00:00:00,6,7,82,Sunday,March,Spring,4373
2024-06-10 00:00:00,4,5,162,Monday,June,Summer,3938
2025-06-12 00:00:00,14,15,163,Thursday,June,Summer,5717
2025-01-02 00:00:00,5,6,2,Thursday,January,Winter,8804
2021-05-13 00:00:00,15,16,133,Thursday,May,Spring,5509
2022-06-17 00:00:00,18,19,168,Friday,June,Summer,3404
2025-10-13 00:00:00,23,0,286,Monday,October,Fall,6944
2020-09-16 00:00:00,8,9,260,Wednesday,September,Fall,1013
2022-12-18 00:00:00,7,8,352,Sunday,December,Winter,6542
2024-08-03 00:00:00,5,6,216,Saturday,August,Summer,3203
2020-09-26 00:00:00,15,16,270,Saturday,September,Fall,11741
2020-03-29 00:00:00,6,7,89,Sunday,March,Spring,11027
2020-07-01 00:00:00,8,9,183,Wednesday,July,Summer,3679
2023-06-19 00:00:00,7,8,170,Monday,June,Summer,1807
2021-11-02 00:00:00,23,0,306,Tuesday,November,Fall,2889
2022-03-01 00:00:00,3,4,60,Tuesday,March,Spring,2612
2021-03-17 00:00:00,23,0,76,Wednesday,March,Spring,5240
2022-04-26 00:00:00,14,15,116,Tuesday,April,Spring,7982
2021-11-15 00:00:00,23,0,319,Monday,November,Fall,1107
2023-08-18 00:00:00,19,20,230,Friday,August,Summer,3018
2025-08-15 00:00:00,0,1,227,Friday,August,Summer,4269
2020-07-09 00:00:00,19,20,191,Thursday,July,Summer,4573
2022-07-25 00:00:00,21,22,206,Monday,July,Summer,7106
2023-02-06 00:00:00,12,13,37,Monday,February,Winter,9036
2025-02-04 00:00:00,3,4,35,Tuesday,February,Winter,1737
2020-01-10 00:00:00,5,6,10,Friday,January,Winter,7774
2023-04-25 00:00:00,7,8,115,Tuesday,April,Spring,2753
2024-04-08 00:00:00,23,0,99,Monday,April,Spring,9139
2020-08-11 00:00:00,16,17,224,Tuesday,August,Summer,3542
2025-06-02 00:00:00,8,9,153,Monday,June,Summer,2742
2022-07-29 00:00:00,21,22,210,Friday,July,Summer,2125
2024-04-04 00:00:00,13,14,95,Thursday,April,Spring,20481
2021-03-01 00:00:00,22,23,60,Monday,March,Spring,4978
2025-02-20 00:00:00,21,22,51,Thursday,February,Winter,9773
2020-04-16 00:00:00,19,20,107,Thursday,April,Spring,1414
2025-03-28 00:00:00,17,18,87,Friday,March,Spring,9362
2021-05-21 00:00:00,1,2,141,Friday,May,Spring,9817
2020-07-13 00:00:00,7,8,195,Monday,July,Summer,2341
2024-08-31 00:00:00,3,4,244,Saturday,August,Summer,4579
2024-12-09 00:00:00,9,10,344,Monday,December,Winter,15224
2023-09-02 00:00:00,13,14,245,Saturday,September,Fall,6760
2024-04-14 00:00:00,21,22,105,Sunday,April,Spring,2636
2020-01-09 00:00:00,0,1,9,Thursday,January,Winter,6309
2020-10-19 00:00:00,8,9,293,Monday,October,Fall,3178
2023-06-29 00:00:00,19,20,180,Thursday,June,Summer,4840
2022-03-08 00:00:00,19,20,67,Tuesday,March,Spring,4726
2025-08-16 00:00:00,4,5,228,Saturday,August,Summer,7037
2022-01-06 00:00:00,14,15,6,Thursday,January,Winter,5505
2021-12-08 00:00:00,22,23,342,Wednesday,December,Winter,5949
2023-05-29 00:00:00,5,6,149,Monday,May,Spring,8702
2022-04-29 00:00:00,19,20,119,Friday,April,Spring,4185
2024-01-21 00:00:00,13,14,21,Sunday,January,Winter,15113
2021-10-28 00:00:00,2,3,301,Thursday,October,Fall,4894
2025-04-21 00:00:00,19,20,111,Monday,April,Spring,4219
2020-06-27 00:00:00,6,7,179,Saturday,June,Summer,3501
2025-03-18 00:00:00,3,4,77,Tuesday,March,Spring,12324
2025-06-15 00:00:00,1,2,166,Sunday,June,Summer,2950
2023-01-28 00:00:00,16,17,28,Saturday,January,Winter,4875
2024-10-21 00:00:00,0,1,295,Monday,October,Fall,7969
2023-02-07 00:00:00,10,11,38,Tuesday,February,Winter,8915
2021-02-12 00:00:00,18,19,43,Friday,February,Winter,8474
2025-11-06 00:00:00,17,18,310,Thursday,November,Fall,2204
2025-07-12 00:00:00,17,18,193,Saturday,July,Summer,7623
2021-10-06 00:00:00,13,14,279,Wednesday,October,Fall,12605
2025-11-10 00:00:00,14,15,314,Monday,November,Fall,12527
2023-01-10 00:00:00,2,3,10,Tuesday,January,Winter,8206
2022-05-08 00:00:00,0,1,128,Sunday,May,Spring,4571
2024-11-25 00:00:00,20,21,330,Monday,November,Fall,6940
2020-10-26 00:00:00,21,22,300,Monday,October,Fall,7511
2022-08-16 00:00:00,0,1,228,Tuesday,August,Summer,994
2025-04-25 00:00:00,17,18,115,Friday,April,Spring,7637
2021-10-06 00:00:00,5,6,279,Wednesday,October,Fall,8206
2023-11-01 00:00:00,2,3,305,Wednesday,November,Fall,12791
2025-03-27 00:00:00,8,9,86,Thursday,March,Spring,5016
2024-10-05 00:00:00,2,3,279,Saturday,October,Fall,2709
2021-02-26 00:00:00,11,12,57,Friday,February,Winter,4537
2025-10-08 00:00:00,7,8,281,Wednesday,October,Fall,703
2022-05-19 00:00:00,9,10,139,Thursday,May,Spring,5194
2021-09-17 00:00:00,6,7,260,Friday,September,Fall,638
2021-12-16 00:00:00,20,21,350,Thursday,December,Winter,5347
2023-06-24 00:00:00,19,20,175,Saturday,June,Summer,3126
2023-02-09 00:00:00,11,12,40,Thursday,February,Winter,5239
2024-05-13 00:00:00,5,6,134,Monday,May,Spring,1791
2025-10-04 00:00:00,10,11,277,Saturday,October,Fall,19412
2025-07-17 00:00:00,8,9,198,Thursday,July,Summer,3408
2022-07-06 00:00:00,5,6,187,Wednesday,July,Summer,2998
2020-02-11 00:00:00,4,5,42,Tuesday,February,Winter,11863
2024-08-20 00:00:00,2,3,233,Tuesday,August,Summer,3228
2022-08-29 00:00:00,2,3,241,Monday,August,Summer,5234
2021-08-21 00:00:00,8,9,233,Saturday,August,Summer,2289
2022-03-22 00:00:00,4,5,81,Tuesday,March,Spring,4874
2024-02-25 00:00:00,5,6,56,Sunday,February,Winter,7291
2025-01-17 00:00:00,12,13,17,Friday,January,Winter,5260
2022-12-08 00:00:00,17,18,342,Thursday,December,Winter,2074
2024-03-27 00:00:00,1,2,87,Wednesday,March,Spring,5339
2022-10-29 00:00:00,20,21,302,Saturday,October,Fall,5791
2023-09-25 00:00:00,5,6,268,Monday,September,Fall,3360
2025-05-29 00:00:00,3,4,149,Thursday,May,Spring,2576
2021-10-14 00:00:00,3,4,287,Thursday,October,Fall,1743
2023-10-11 00:00:00,15,16,284,Wednesday,October,Fall,9015
2023-05-20 00:00:00,11,12,140,Saturday,May,Spring,10266
2022-05-27 00:00:00,10,11,147,Friday,May,Spring,5628
2020-11-26 00:00:00,1,2,331,Thursday,November,Fall,2773
2021-06-29 00:00:00,7,8,180,Tuesday,June,Summer,1489
2023-09-30 00:00:00,0,1,273,Saturday,September,Fall,1029
2023-07-07 00:00:00,13,14,188,Friday,July,Summer,10199
2021-08-18 00:00:00,5,6,230,Wednesday,August,Summer,2082
2020-05-30 00:00:00,13,14,151,Saturday,May,Spring,7142
2023-12-03 00:00:00,13,14,337,Sunday,December,Winter,12003
2024-01-05 00:00:00,9,10,5,Friday,January,Winter,7892
2024-06-05 00:00:00,18,19,157,Wednesday,June,Summer,6522
2020-09-04 00:00:00,3,4,248,Friday,September,Fall,1556
2023-07-20 00:00:00,19,20,201,Thursday,July,Summer,3428
2020-05-15 00:00:00,0,1,136,Friday,May,Spring,8261
2021-11-23 00:00:00,13,14,327,Tuesday,November,Fall,9773
2021-12-22 00:00:00,23,0,356,Wednesday,December,Winter,5802
2023-11-13 00:00:00,11,12,317,Monday,November,Fall,18876
2023-11-25 00:00:00,20,21,329,Saturday,November,Fall,4410
2023-06-29 00:00:00,7,8,180,Thursday,June,Summer,1265
2025-06-01 00:00:00,7,8,152,Sunday,June,Summer,2320
2023-05-05 00:00:00,2,3,125,Friday,May,Spring,2941
2021-03-25 00:00:00,14,15,84,Thursday,March,Spring,4960
2021-07-07 00:00:00,11,12,188,Wednesday,July,Summer,4779
2022-01-06 00:00:00,5,6,6,Thursday,January,Winter,2049
2024-07-16 00:00:00,1,2,198,Tuesday,July,Summer,8767
2024-01-24 00:00:00,2,3,24,Wednesday,January,Winter,17178
2020-06-26 00:00:00,0,1,178,Friday,June,Summer,3797
2020-06-24 00:00:00,12,13,176,Wednesday,June,Summer,6632
2023-11-30 00:00:00,16,17,334,Thursday,November,Fall,1216
2020-02-06 00:00:00,20,21,37,Thursday,February,Winter,6009
2022-09-05 00:00:00,0,1,248,Monday,September,Fall,5892
2025-08-06 00:00:00,17,18,218,Wednesday,August,Summer,6728
2023-10-27 00:00:00,4,5,300,Friday,October,Fall,9172
2023-07-24 00:00:00,11,12,205,Monday,July,Summer,10535
2021-10-14 00:00:00,22,23,287,Thursday,October,Fall,1373
2023-01-12 00:00:00,18,19,12,Thursday,January,Winter,16129
2021-05-31 00:00:00,0,1,151,Monday,May,Spring,5070
2021-11-04 00:00:00,19,20,308,Thursday,November,Fall,4199
2024-06-20 00:00:00,11,12,172,Thursday,June,Summer,4899
2023-04-26 00:00:00,18,19,116,Wednesday,April,Spring,2020
2025-06-29 00:00:00,23,0,180,Sunday,June,Summer,4676
2020-01-23 00:00:00,7,8,23,Thursday,January,Winter,5287
2022-01-30 00:00:00,2,3,30,Sunday,January,Winter,4507
2022-08-03 00:00:00,16,17,215,Wednesday,August,Summer,5552
2024-09-13 00:00:00,22,23,257,Friday,September,Fall,4252
2023-04-25 00:00:00,19,20,115,Tuesday,April,Spring,2273
2022-09-25 00:00:00,8,9,268,Sunday,September,Fall,3110
2025-02-02 00:00:00,20,21,33,Sunday,February,Winter,1338
2024-02-16 00:00:00,1,2,47,Friday,February,Winter,10687
2025-08-28 00:00:00,7,8,240,Thursday,August,Summer,3117
2023-10-26 00:00:00,18,19,299,Thursday,October,Fall,4654
2021-05-18 00:00:00,17,18,138,Tuesday,May,Spring,4730
2020-07-18 00:00:00,8,9,200,Saturday,July,Summer,1804
2024-06-22 00:00:00,12,13,174,Saturday,June,Summer,7746
2025-03-17 00:00:00,4,5,76,Monday,March,Spring,5414
2021-06-25 00:00:00,16,17,176,Friday,June,Summer,5149
2022-07-26 00:00:00,14,15,207,Tuesday,July,Summer,7335
2025-06-10 00:00:00,18,19,161,Tuesday,June,Summer,7100
2025-02-16 00:00:00,8,9,47,Sunday,February,Winter,4873
2022-04-07 00:00:00,13,14,97,Thursday,April,Spring,17696
2020-02-03 00:00:00,21,22,34,Monday,February,Winter,10771
2024-10-17 00:00:00,8,9,291,Thursday,October,Fall,3165
2024-09-03 00:00:00,13,14,247,Tuesday,September,Fall,5281
2024-07-10 00:00:00,6,7,192,Wednesday,July,Summer,3100
2023-11-26 00:00:00,13,14,330,Sunday,November,Fall,6070
2024-08-13 00:00:00,6,7,226,Tuesday,August,Summer,1141
2024-06-07 00:00:00,3,4,159,Friday,June,Summer,2329
2025-04-29 00:00:00,0,1,119,Tuesday,April,Spring,6877
2024-05-23 00:00:00,3,4,144,Thursday,May,Spring,3036
2021-04-21 00:00:00,14,15,111,Wednesday,April,Spring,5592
2020-01-14 00:00:00,15,16,14,Tuesday,January,Winter,13814
2025-01-24 00:00:00,21,22,24,Friday,January,Winter,11590
2020-01-08 00:00:00,16,17,8,Wednesday,January,Winter,3069
2023-04-07 00:00:00,20,21,97,Friday,April,Spring,2704
2020-05-23 00:00:00,6,7,144,Saturday,May,Spring,2524
2020-02-11 00:00:00,6,7,42,Tuesday,February,Winter,11631
2020-10-06 00:00:00,10,11,280,Tuesday,October,Fall,11206
2022-02-24 00:00:00,16,17,55,Thursday,February,Winter,14179
2023-07-06 00:00:00,7,8,187,Thursday,July,Summer,1340
2025-06-06 00:00:00,8,9,157,Friday,June,Summer,7508
2021-04-06 00:00:00,23,0,96,Tuesday,April,Spring,3992
2025-09-14 00:00:00,21,22,257,Sunday,September,Fall,14751
2023-07-20 00:00:00,22,23,201,Thursday,July,Summer,2071
2021-10-24 00:00:00,4,5,297,Sunday,October,Fall,4056
2025-04-03 00:00:00,3,4,93,Thursday,April,Spring,10072
2025-03-12 00:00:00,11,12,71,Wednesday,March,Spring,4529
2020-11-27 00:00:00,16,17,332,Friday,November,Fall,1662
2022-04-15 00:00:00,4,5,105,Friday,April,Spring,1294
2023-04-25 00:00:00,2,3,115,Tuesday,April,Spring,2620
2024-04-30 00:00:00,3,4,121,Tuesday,April,Spring,3529
2025-02-21 00:00:00,22,23,52,Friday,February,Winter,12234
2022-03-10 00:00:00,3,4,69,Thursday,March,Spring,5858
2023-10-10 00:00:00,16,17,283,Tuesday,October,Fall,5527
2025-05-17 00:00:00,1,2,137,Saturday,May,Spring,7119
2023-09-29 00:00:00,10,11,272,Friday,September,Fall,11544
2024-03-12 00:00:00,23,0,72,Tuesday,March,Spring,8268
2022-04-24 00:00:00,6,7,114,Sunday,April,Spring,2801
2025-02-07 00:00:00,20,21,38,Friday,February,Winter,9209
2022-03-11 00:00:00,1,2,70,Friday,March,Spring,8811
2021-11-13 00:00:00,0,1,317,Saturday,November,Fall,6028
2025-11-21 00:00:00,15,16,325,Friday,November,Fall,7003
2024-03-26 00:00:00,1,2,86,Tuesday,March,Spring,7721
2025-03-21 00:00:00,8,9,80,Friday,March,Spring,12665
2024-08-15 00:00:00,14,15,228,Thursday,August,Summer,9758
2025-05-28 00:00:00,17,18,148,Wednesday,May,Spring,17702
2023-12-23 00:00:00,21,22,357,Saturday,December,Winter,14387
2022-09-17 00:00:00,11,12,260,Saturday,September,Fall,10410
2024-08-04 00:00:00,10,11,217,Sunday,August,Summer,6165
2024-02-01 00:00:00,7,8,32,Thursday,February,Winter,5460
2023-01-03 00:00:00,6,7,3,Tuesday,January,Winter,4994
2022-07-15 00:00:00,17,18,196,Friday,July,Summer,6073
2020-02-01 00:00:00,2,3,32,Saturday,February,Winter,8897
2022-08-26 00:00:00,5,6,238,Friday,August,Summer,3140
2024-11-25 00:00:00,12,13,330,Monday,November,Fall,12182
2023-03-30 00:00:00,21,22,89,Thursday,March,Spring,9358
2025-09-08 00:00:00,15,16,251,Monday,September,Fall,6288
2020-12-04 00:00:00,10,11,339,Friday,December,Winter,7773
2024-12-24 00:00:00,22,23,359,Tuesday,December,Winter,2401
2023-03-05 00:00:00,7,8,64,Sunday,March,Spring,1899
2020-08-11 00:00:00,1,2,224,Tuesday,August,Summer,1697
2022-08-26 00:00:00,10,11,238,Friday,August,Summer,5642
2022-07-06 00:00:00,20,21,187,Wednesday,July,Summer,3478
2024-08-22 00:00:00,21,22,235,Thursday,August,Summer,5770
2022-12-06 00:00:00,3,4,340,Tuesday,December,Winter,1862
2020-09-01 00:00:00,6,7,245,Tuesday,September,Fall,1006
2023-09-19 00:00:00,12,13,262,Tuesday,September,Fall,15144
2021-09-09 00:00:00,15,16,252,Thursday,September,Fall,5383
2022-11-02 00:00:00,13,14,306,Wednesday,November,Fall,10158
2025-03-05 00:00:00,18,19,64,Wednesday,March,Spring,2008
2023-07-22 00:00:00,22,23,203,Saturday,July,Summer,4175
2020-01-05 00:00:00,14,15,5,Sunday,January,Winter,2952
2025-06-26 00:00:00,7,8,177,Thursday,June,Summer,7668
2023-12-18 00:00:00,4,5,352,Monday,December,Winter,1948
2025-08-06 00:00:00,23,0,218,Wednesday,August,Summer,1318
2021-06-26 00:00:00,12,13,177,Saturday,June,Summer,4649
2022-02-02 00:00:00,6,7,33,Wednesday,February,Winter,7485
2024-09-18 00:00:00,7,8,262,Wednesday,September,Fall,8921
2025-02-25 00:00:00,1,2,56,Tuesday,February,Winter,3638
2022-03-14 00:00:00,21,22,73,Monday,March,Spring,6052
2022-10-29 00:00:00,11,12,302,Saturday,October,Fall,9396
2024-07-19 00:00:00,17,18,201,Friday,July,Summer,6264
2022-08-21 00:00:00,16,17,233,Sunday,August,Summer,4951
2023-04-10 00:00:00,20,21,100,Monday,April,Spring,10159
2023-11-28 00:00:00,11,12,332,Tuesday,November,Fall,6161
2021-11-04 00:00:00,7,8,308,Thursday,November,Fall,3133
2020-03-09 00:00:00,23,0,69,Monday,March,Spring,9741
2020-07-10 00:00:00,17,18,192,Friday,July,Summer,4992
2025-01-16 00:00:00,10,11,16,Thursday,January,Winter,7073
2025-05-19 00:00:00,1,2,139,Monday,May,Spring,6109
2022-07-07 00:00:00,11,12,188,Thursday,July,Summer,8621
2020-12-10 00:00:00,13,14,345,Thursday,December,Winter,4035
2023-10-12 00:00:00,11,12,285,Thursday,October,Fall,7762
2024-11-29 00:00:00,15,16,334,Friday,November,Fall,5912
2021-10-05 00:00:00,1,2,278,Tuesday,October,Fall,7372
2025-04-15 00:00:00,16,17,105,Tuesday,April,Spring,8585
2021-05-01 00:00:00,23,0,121,Saturday,May,Spring,3890
2025-11-16 00:00:00,4,5,320,Sunday,November,Fall,1691
2023-03-09 00:00:00,12,13,68,Thursday,March,Spring,17554
2024-08-27 00:00:00,19,20,240,Tuesday,August,Summer,2062
2021-11-03 00:00:00,9,10,307,Wednesday,November,Fall,3955
2022-03-05 00:00:00,23,0,64,Saturday,March,Spring,3949
2020-02-28 00:00:00,22,23,59,Friday,February,Winter,11274
2023-11-23 00:00:00,10,11,327,Thursday,November,Fall,6141
2020-10-27 00:00:00,14,15,301,Tuesday,October,Fall,12379
2024-11-24 00:00:00,5,6,329,Sunday,November,Fall,18615
2021-08-06 00:00:00,5,6,218,Friday,August,Summer,6003
2020-05-19 00:00:00,23,0,140,Tuesday,May,Spring,4187
2025-04-04 00:00:00,6,7,94,Friday,April,Spring,6856
2025-06-17 00:00:00,0,1,168,Tuesday,June,Summer,3635
2025-02-21 00:00:00,10,11,52,Friday,February,Winter,15847
2022-01-21 00:00:00,23,0,21,Friday,January,Winter,3197
2024-02-05 00:00:00,15,16,36,Monday,February,Winter,9118
2021-09-15 00:00:00,17,18,258,Wednesday,September,Fall,3067
2025-09-21 00:00:00,8,9,264,Sunday,September,Fall,2363
2024-09-06 00:00:00,9,10,250,Friday,September,Fall,4227
2024-01-18 00:00:00,0,1,18,Thursday,January,Winter,6778
2020-04-17 00:00:00,19,20,108,Friday,April,Spring,2302
2023-04-11 00:00:00,5,6,101,Tuesday,April,Spring,8115
2023-08-21 00:00:00,20,21,233,Monday,August,Summer,1191
2023-07-14 00:00:00,13,14,195,Friday,July,Summer,13917
2025-11-03 00:00:00,5,6,307,Monday,November,Fall,7218
2021-10-17 00:00:00,21,22,290,Sunday,October,Fall,2556
2024-11-30 00:00:00,12,13,335,Saturday,November,Fall,4832
2023-11-25 00:00:00,21,22,329,Saturday,November,Fall,4113
2021-01-31 00:00:00,13,14,31,Sunday,January,Winter,4830
2023-01-28 00:00:00,4,5,28,Saturday,January,Winter,5832
2024-05-26 00:00:00,9,10,147,Sunday,May,Spring,6474
2024-10-26 00:00:00,20,21,300,Saturday,October,Fall,1387
2025-03-23 00:00:00,17,18,82,Sunday,March,Spring,3278
2022-04-30 00:00:00,7,8,120,Saturday,April,Spring,4322
2022-04-20 00:00:00,6,7,110,Wednesday,April,Spring,4805
2021-06-02 00:00:00,6,7,153,Wednesday,June,Summer,3681
2024-01-24 00:00:00,23,0,24,Wednesday,January,Winter,5801
2023-01-01 00:00:00,15,16,1,Sunday,January,Winter,8841
2023-04-03 00:00:00,10,11,93,Monday,April,Spring,9447
2024-06-16 00:00:00,23,0,168,Sunday,June,Summer,2819
2025-08-03 00:00:00,5,6,215,Sunday,August,Summer,1935
2023-07-30 00:00:00,11,12,211,Sunday,July,Summer,8461
2024-11-18 00:00:00,16,17,323,Monday,November,Fall,7512
2024-12-24 00:00:00,4,5,359,Tuesday,December,Winter,3896
2023-11-18 00:00:00,5,6,322,Saturday,November,Fall,6173
2023-04-18 00:00:00,10,11,108,Tuesday,April,Spring,9947
2020-02-18 00:00:00,10,11,49,Tuesday,February,Winter,8878
2025-04-04 00:00:00,9,10,94,Friday,April,Spring,8435
2022-09-14 00:00:00,1,2,257,Wednesday,September,Fall,2222
2020-01-29 00:00:00,6,7,29,Wednesday,January,Winter,7788
2024-01-28 00:00:00,2,3,28,Sunday,January,Winter,7220
2023-04-10 00:00:00,22,23,100,Monday,April,Spring,9987
2025-11-26 00:00:00,17,18,330,Wednesday,November,Fall,2667
2021-11-14 00:00:00,17,18,318,Sunday,November,Fall,3983
2020-08-29 00:00:00,23,0,242,Saturday,August,Summer,3146
2021-10-20 00:00:00,23,0,293,Wednesday,October,Fall,14105
2022-12-18 00:00:00,14,15,352,Sunday,December,Winter,9866
2023-06-12 00:00:00,23,0,163,Monday,June,Summer,2822
2020-08-26 00:00:00,2,3,239,Wednesday,August,Summer,9996
2024-03-26 00:00:00,16,17,86,Tuesday,March,Spring,5861
2021-03-21 00:00:00,13,14,80,Sunday,March,Spring,9194
2021-07-17 00:00:00,7,8,198,Saturday,July,Summer,2997
2021-10-17 00:00:00,13,14,290,Sunday,October,Fall,5154
2022-03-26 00:00:00,4,5,85,Saturday,March,Spring,7484
2022-06-29 00:00:00,16,17,180,Wednesday,June,Summer,5599
2020-01-01 00:00:00,19,20,1,Wednesday,January,Winter,1181
2024-07-20 00:00:00,5,6,202,Saturday,July,Summer,1022
2020-02-14 00:00:00,4,5,45,Friday,February,Winter,5436
2025-09-10 00:00:00,17,18,253,Wednesday,September,Fall,10232
2025-04-25 00:00:00,18,19,115,Friday,April,Spring,5940
2021-10-20 00:00:00,19,20,293,Wednesday,October,Fall,12501
2021-04-16 00:00:00,12,13,106,Friday,April,Spring,9475
2022-02-21 00:00:00,16,17,52,Monday,February,Winter,16981
2025-09-03 00:00:00,20,21,246,Wednesday,September,Fall,13651
2020-06-07 00:00:00,17,18,159,Sunday,June,Summer,3557
2023-04-27 00:00:00,11,12,117,Thursday,April,Spring,6242
2021-04-10 00:00:00,20,21,100,Saturday,April,Spring,4730
2021-12-04 00:00:00,10,11,338,Saturday,December,Winter,10684
2020-02-24 00:00:00,19,20,55,Monday,February,Winter,10886
2021-09-09 00:00:00,11,12,252,Thursday,September,Fall,3730
2020-08-22 00:00:00,1,2,235,Saturday,August,Summer,4830
2023-07-22 00:00:00,0,1,203,Saturday,July,Summer,2780
2022-11-23 00:00:00,3,4,327,Wednesday,November,Fall,6841
2024-01-10 00:00:00,10,11,10,Wednesday,January,Winter,2553
2025-06-09 00:00:00,2,3,160,Monday,June,Summer,1980
2022-08-06 00:00:00,22,23,218,Saturday,August,Summer,7359
2024-05-24 00:00:00,2,3,145,Friday,May,Spring,858
2025-06-07 00:00:00,5,6,158,Saturday,June,Summer,7229
2025-06-04 00:00:00,9,10,155,Wednesday,June,Summer,4864
2021-07-07 00:00:00,2,3,188,Wednesday,July,Summer,4008
2020-01-21 00:00:00,19,20,21,Tuesday,January,Winter,3804
2024-11-18 00:00:00,20,21,323,Monday,November,Fall,9698
2023-07-15 00:00:00,21,22,196,Saturday,July,Summer,9590
2020-06-11 00:00:00,16,17,163,Thursday,June,Summer,5128
2022-08-31 00:00:00,13,14,243,Wednesday,August,Summer,7007
2020-01-23 00:00:00,1,2,23,Thursday,January,Winter,6776
2023-04-23 00:00:00,20,21,113,Sunday,April,Spring,10214
2024-09-14 00:00:00,13,14,258,Saturday,September,Fall,10425
2025-06-14 00:00:00,8,9,165,Saturday,June,Summer,5426
2025-05-10 00:00:00,13,14,130,Saturday,May,Spring,6944
2025-11-24 00:00:00,18,19,328,Monday,November,Fall,11448
2023-06-01 00:00:00,14,15,152,Thursday,June,Summer,9662
2023-07-16 00:00:00,12,13,197,Sunday,July,Summer,8159
2022-04-21 00:00:00,7,8,111,Thursday,April,Spring,3553
2021-10-13 00:00:00,20,21,286,Wednesday,October,Fall,2169
2023-09-12 00:00:00,17,18,255,Tuesday,September,Fall,3541
2025-03-03 00:00:00,9,10,62,Monday,March,Spring,5647
2021-11-18 00:00:00,5,6,322,Thursday,November,Fall,1363
2025-10-02 00:00:00,9,10,275,Thursday,October,Fall,5424
2023-08-15 00:00:00,11,12,227,Tuesday,August,Summer,5290
2020-08-21 00:00:00,0,1,234,Friday,August,Summer,4957
2025-01-18 00:00:00,13,14,18,Saturday,January,Winter,4165
2020-12-18 00:00:00,6,7,353,Friday,December,Winter,6024
2020-09-08 00:00:00,7,8,252,Tuesday,September,Fall,1224
2022-09-19 00:00:00,18,19,262,Monday,September,Fall,4643
2021-01-07 00:00:00,16,17,7,Thursday,January,Winter,1245
2022-10-15 00:00:00,0,1,288,Saturday,October,Fall,6877
2020-10-22 00:00:00,23,0,296,Thursday,October,Fall,3174
2022-05-10 00:00:00,5,6,130,Tuesday,May,Spring,2336
2025-11-19 00:00:00,15,16,323,Wednesday,November,Fall,14209
2025-04-22 00:00:00,21,22,112,Tuesday,April,Spring,3114
2024-09-19 00:00:00,9,10,263,Thursday,September,Fall,10053
2022-06-14 00:00:00,17,18,165,Tuesday,June,Summer,4589
2021-01-14 00:00:00,3,4,14,Thursday,January,Winter,7406
2021-04-14 00:00:00,9,10,104,Wednesday,April,Spring,4051
2020-12-17 00:00:00,9,10,352,Thursday,December,Winter,5050
2024-04-17 00:00:00,18,19,108,Wednesday,April,Spring,10061
2023-11-24 00:00:00,14,15,328,Friday,November,Fall,14087
2024-01-27 00:00:00,9,10,27,Saturday,January,Winter,4715
2025-11-28 00:00:00,17,18,332,Friday,November,Fall,6838
2021-11-29 00:00:00,22,23,333,Monday,November,Fall,4680
2025-02-15 00:00:00,13,14,46,Saturday,February,Winter,9563
2024-08-03 00:00:00,3,4,216,Saturday,August,Summer,3586
2024-02-26 00:00:00,23,0,57,Monday,February,Winter,14028
2025-10-15 00:00:00,4,5,288,Wednesday,October,Fall,5192
2020-01-25 00:00:00,20,21,25,Saturday,January,Winter,1912
2020-10-27 00:00:00,19,20,301,Tuesday,October,Fall,11275
2020-09-24 00:00:00,15,16,268,Thursday,September,Fall,9187
2025-05-11 00:00:00,18,19,131,Sunday,May,Spring,6079
2020-01-04 00:00:00,19,20,4,Saturday,January,Winter,2969
2024-09-05 00:00:00,10,11,249,Thursday,September,Fall,7511
2024-06-12 00:00:00,19,20,164,Wednesday,June,Summer,3484
2025-11-18 00:00:00,13,14,322,Tuesday,November,Fall,8521
2021-09-30 00:00:00,13,14,273,Thursday,September,Fall,8373
2024-01-18 00:00:00,13,14,18,Thursday,January,Winter,7406
2025-04-10 00:00:00,2,3,100,Thursday,April,Spring,9152
2023-01-21 00:00:00,19,20,21,Saturday,January,Winter,8905
2020-10-14 00:00:00,19,20,288,Wednesday,October,Fall,5394
2021-03-02 00:00:00,17,18,61,Tuesday,March,Spring,2119
2023-09-01 00:00:00,8,9,244,Friday,September,Fall,6404
2021-02-28 00:00:00,8,9,59,Sunday,February,Winter,7100
2022-06-05 00:00:00,8,9,156,Sunday,June,Summer,2905
2020-09-27 00:00:00,9,10,271,Sunday,September,Fall,12950
2020-11-29 00:00:00,21,22,334,Sunday,November,Fall,2581
2023-01-13 00:00:00,17,18,13,Friday,January,Winter,12114
2020-12-12 00:00:00,3,4,347,Saturday,December,Winter,5264
2022-06-10 00:00:00,8,9,161,Friday,June,Summer,3451
2025-09-05 00:00:00,5,6,248,Friday,September,Fall,3073
2021-05-28 00:00:00,17,18,148,Friday,May,Spring,3776
2023-08-13 00:00:00,17,18,225,Sunday,August,Summer,6313
2024-11-13 00:00:00,21,22,318,Wednesday,November,Fall,5053
2021-05-27 00:00:00,21,22,147,Thursday,May,Spring,1552
2020-03-14 00:00:00,16,17,74,Saturday,March,Spring,5134
2021-11-10 00:00:00,1,2,314,Wednesday,November,Fall,576
2020-03-13 00:00:00,15,16,73,Friday,March,Spring,6501
2024-07-09 00:00:00,21,22,191,Tuesday,July,Summer,2789
2023-08-01 00:00:00,16,17,213,Tuesday,August,Summer,15715
2023-01-28 00:00:00,20,21,28,Saturday,January,Winter,3066
2025-11-14 00:00:00,5,6,318,Friday,November,Fall,12444
2020-06-11 00:00:00,20,21,163,Thursday,June,Summer,3414
2021-07-14 00:00:00,11,12,195,Wednesday,July,Summer,8011
2023-04-02 00:00:00,23,0,92,Sunday,April,Spring,6236
2024-09-04 00:00:00,14,15,248,Wednesday,September,Fall,4253
2020-10-05 00:00:00,19,20,279,Monday,October,Fall,9449
2024-08-25 00:00:00,23,0,238,Sunday,August,Summer,2594
2021-10-10 00:00:00,11,12,283,Sunday,October,Fall,4221
2024-06-27 00:00:00,22,23,179,Thursday,June,Summer,3505
2020-11-04 00:00:00,1,2,309,Wednesday,November,Fall,1716
2021-07-20 00:00:00,11,12,201,Tuesday,July,Summer,6377
2021-08-02 00:00:00,3,4,214,Monday,August,Summer,1116
2021-09-23 00:00:00,9,10,266,Thursday,September,Fall,2760
2024-01-27 00:00:00,8,9,27,Saturday,January,Winter,3581
2022-12-30 00:00:00,19,20,364,Friday,December,Winter,15334
2024-11-18 00:00:00,14,15,323,Monday,November,Fall,9122
2023-12-04 00:00:00,0,1,338,Monday,December,Winter,12629
2020-01-02 00:00:00,0,1,2,Thursday,January,Winter,1267
2021-09-08 00:00:00,4,5,251,Wednesday,September,Fall,5258
2025-06-11 00:00:00,22,23,162,Wednesday,June,Summer,6852
2025-08-26 00:00:00,4,5,238,Tuesday,August,Summer,4080
2024-05-11 00:00:00,9,10,132,Saturday,May,Spring,6348
2023-05-18 00:00:00,6,7,138,Thursday,May,Spring,5477
2025-08-21 00:00:00,0,1,233,Thursday,August,Summer,3450
2024-10-15 00:00:00,22,23,289,Tuesday,October,Fall,10680
2024-05-15 00:00:00,16,17,136,Wednesday,May,Spring,5901
2022-05-12 00:00:00,15,16,132,Thursday,May,Spring,6042
2020-04-03 00:00:00,7,8,94,Friday,April,Spring,1864
2021-10-11 00:00:00,16,17,284,Monday,October,Fall,5672
2023-02-26 00:00:00,9,10,57,Sunday,February,Winter,17091
2023-03-17 00:00:00,8,9,76,Friday,March,Spring,8681
2023-10-23 00:00:00,12,13,296,Monday,October,Fall,9170
2020-04-29 00:00:00,7,8,120,Wednesday,April,Spring,4629
2021-10-12 00:00:00,23,0,285,Tuesday,October,Fall,3559
2022-12-14 00:00:00,20,21,348,Wednesday,December,Winter,2282
2020-11-30 00:00:00,13,14,335,Monday,November,Fall,3638
2025-02-15 00:00:00,10,11,46,Saturday,February,Winter,8954
2020-09-13 00:00:00,22,23,257,Sunday,September,Fall,2238
2023-05-20 00:00:00,8,9,140,Saturday,May,Spring,6405
2022-01-08 00:00:00,8,9,8,Saturday,January,Winter,7370
2024-02-13 00:00:00,22,23,44,Tuesday,February,Winter,10458
2021-08-28 00:00:00,2,3,240,Saturday,August,Summer,4282
2022-11-01 00:00:00,16,17,305,Tuesday,November,Fall,11364
2021-10-10 00:00:00,7,8,283,Sunday,October,Fall,1388
2020-11-25 00:00:00,3,4,330,Wednesday,November,Fall,6472
2022-06-24 00:00:00,12,13,175,Friday,June,Summer,7951
2023-09-21 00:00:00,18,19,264,Thursday,September,Fall,6345
2021-03-14 00:00:00,22,23,73,Sunday,March,Spring,10044
2022-09-13 00:00:00,17,18,256,Tuesday,September,Fall,4288
2022-09-13 00:00:00,4,5,256,Tuesday,September,Fall,1837
2025-10-13 00:00:00,14,15,286,Monday,October,Fall,12354
2025-01-11 00:00:00,2,3,11,Saturday,January,Winter,1684
2020-09-29 00:00:00,4,5,273,Tuesday,September,Fall,1974
2022-09-13 00:00:00,13,14,256,Tuesday,September,Fall,6012
2022-05-01 00:00:00,12,13,121,Sunday,May,Spring,6628
2022-04-18 00:00:00,5,6,108,Monday,April,Spring,3161
2022-12-23 00:00:00,18,19,357,Friday,December,Winter,13842
2023-06-26 00:00:00,13,14,177,Monday,June,Summer,10406
2024-08-25 00:00:00,3,4,238,Sunday,August,Summer,5857
2022-06-19 00:00:00,13,14,170,Sunday,June,Summer,10248
2021-07-07 00:00:00,21,22,188,Wednesday,July,Summer,1885
2020-08-30 00:00:00,1,2,243,Sunday,August,Summer,2748
2022-06-04 00:00:00,21,22,155,Saturday,June,Summer,4362
2020-03-28 00:00:00,7,8,88,Saturday,March,Spring,2548
2024-05-10 00:00:00,12,13,131,Friday,May,Spring,11083
2020-03-24 00:00:00,2,3,84,Tuesday,March,Spring,6448
2023-03-06 00:00:00,6,7,65,Monday,March,Spring,1479
2021-11-30 00:00:00,0,1,334,Tuesday,November,Fall,6255
2023-01-23 00:00:00,12,13,23,Monday,January,Winter,7331
2023-08-04 00:00:00,18,19,216,Friday,August,Summer,7300
2025-09-22 00:00:00,14,15,265,Monday,September,Fall,8812
2024-04-30 00:00:00,1,2,121,Tuesday,April,Spring,3771
2020-07-14 00:00:00,22,23,196,Tuesday,July,Summer,1726
2023-12-31 00:00:00,15,16,365,Sunday,December,Winter,18435
2025-03-04 00:00:00,16,17,63,Tuesday,March,Spring,4702
2022-01-02 00:00:00,11,12,2,Sunday,January,Winter,11203
2021-08-17 00:00:00,6,7,229,Tuesday,August,Summer,1590
2023-04-15 00:00:00,7,8,105,Saturday,April,Spring,7248
2023-09-22 00:00:00,10,11,265,Friday,September,Fall,8885
2020-12-06 00:00:00,4,5,341,Sunday,December,Winter,3287
2023-09-18 00:00:00,5,6,261,Monday,September,Fall,6373
2020-06-11 00:00:00,23,0,163,Thursday,June,Summer,4033
2023-08-09 00:00:00,4,5,221,Wednesday,August,Summer,2396
2020-08-29 00:00:00,12,13,242,Saturday,August,Summer,4482
2024-05-30 00:00:00,17,18,151,Thursday,May,Spring,12091
2020-06-09 00:00:00,2,3,161,Tuesday,June,Summer,3597
2025-09-12 00:00:00,22,23,255,Friday,September,Fall,6097
2022-02-15 00:00:00,15,16,46,Tuesday,February,Winter,13655
2024-11-17 00:00:00,2,3,322,Sunday,November,Fall,4894
2023-12-19 00:00:00,8,9,353,Tuesday,December,Winter,8095
2024-02-10 00:00:00,19,20,41,Saturday,February,Winter,7820
2023-10-24 00:00:00,18,19,297,Tuesday,October,Fall,3772
2021-06-23 00:00:00,10,11,174,Wednesday,June,Summer,3755
2025-01-09 00:00:00,6,7,9,Thursday,January,Winter,12685
2024-02-22 00:00:00,20,21,53,Thursday,February,Winter,17499
2024-06-06 00:00:00,14,15,158,Thursday,June,Summer,8522
2024-09-15 00:00:00,1,2,259,Sunday,September,Fall,3730
2021-12-15 00:00:00,11,12,349,Wednesday,December,Winter,3503
2024-10-06 00:00:00,18,19,280,Sunday,October,Fall,8023
2023-08-03 00:00:00,21,22,215,Thursday,August,Summer,4024
2024-10-20 00:00:00,23,0,294,Sunday,October,Fall,8964
2021-03-30 00:00:00,19,20,89,Tuesday,March,Spring,1147
2020-09-03 00:00:00,7,8,247,Thursday,September,Fall,2032
2021-10-06 00:00:00,2,3,279,Wednesday,October,Fall,8433
2024-01-07 00:00:00,22,23,7,Sunday,January,Winter,11747
2023-12-01 00:00:00,6,7,335,Friday,December,Winter,2284
2021-03-03 00:00:00,21,22,62,Wednesday,March,Spring,1128
2020-04-18 00:00:00,21,22,109,Saturday,April,Spring,1215
2022-04-11 00:00:00,2,3,101,Monday,April,Spring,9774
2021-12-12 00:00:00,6,7,346,Sunday,December,Winter,5111
2021-08-29 00:00:00,18,19,241,Sunday,August,Summer,6095
2020-03-18 00:00:00,10,11,78,Wednesday,March,Spring,3175
2022-06-25 00:00:00,7,8,176,Saturday,June,Summer,2159
2023-04-18 00:00:00,11,12,108,Tuesday,April,Spring,11565
2021-04-27 00:00:00,20,21,117,Tuesday,April,Spring,1032
2020-02-01 00:00:00,16,17,32,Saturday,February,Winter,11065
2022-09-20 00:00:00,22,23,263,Tuesday,September,Fall,2922
2024-01-29 00:00:00,22,23,29,Monday,January,Winter,9034
2023-09-13 00:00:00,20,21,256,Wednesday,September,Fall,1390
2021-10-30 00:00:00,18,19,303,Saturday,October,Fall,4389
2022-09-27 00:00:00,2,3,270,Tuesday,September,Fall,6928
2025-01-29 00:00:00,9,10,29,Wednesday,January,Winter,13368
2024-07-02 00:00:00,0,1,184,Tuesday,July,Summer,3683
2020-10-24 00:00:00,3,4,298,Saturday,October,Fall,6021
2022-06-21 00:00:00,0,1,172,Tuesday,June,Summer,5789
2025-02-16 00:00:00,10,11,47,Sunday,February,Winter,7270
2025-11-05 00:00:00,17,18,309,Wednesday,November,Fall,12121
2025-03-22 00:00:00,7,8,81,Saturday,March,Spring,8524
2023-11-08 00:00:00,9,10,312,Wednesday,November,Fall,12232
2024-10-10 00:00:00,23,0,284,Thursday,October,Fall,2319
2024-09-17 00:00:00,10,11,261,Tuesday,September,Fall,14059
2023-10-02 00:00:00,19,20,275,Monday,October,Fall,5601
2021-02-24 00:00:00,12,13,55,Wednesday,February,Winter,8746
2023-06-26 00:00:00,9,10,177,Monday,June,Summer,6076
2023-02-11 00:00:00,14,15,42,Saturday,February,Winter,5927
2025-06-25 00:00:00,23,0,176,Wednesday,June,Summer,5491
2023-08-28 00:00:00,21,22,240,Monday,August,Summer,3213
2021-01-26 00:00:00,17,18,26,Tuesday,January,Winter,3944
2020-12-30 00:00:00,9,10,365,Wednesday,December,Winter,3287
2021-12-07 00:00:00,1,2,341,Tuesday,December,Winter,8851
2020-04-13 00:00:00,20,21,104,Monday,April,Spring,10314
2024-08-02 00:00:00,22,23,215,Friday,August,Summer,4700
2021-12-12 00:00:00,22,23,346,Sunday,December,Winter,1910
2025-05-03 00:00:00,22,23,123,Saturday,May,Spring,5299
2024-11-26 00:00:00,16,17,331,Tuesday,November,Fall,3695
2025-06-04 00:00:00,8,9,155,Wednesday,June,Summer,3666
2021-05-16 00:00:00,6,7,136,Sunday,May,Spring,4293
2025-09-21 00:00:00,1,2,264,Sunday,September,Fall,7088
2022-06-25 00:00:00,21,22,176,Saturday,June,Summer,2133
2024-04-10 00:00:00,3,4,101,Wednesday,April,Spring,6344
2024-06-05 00:00:00,23,0,157,Wednesday,June,Summer,1730
2024-09-03 00:00:00,16,17,247,Tuesday,September,Fall,4492
2024-01-20 00:00:00,20,21,20,Saturday,January,Winter,8001
2023-12-30 00:00:00,12,13,364,Saturday,December,Winter,12265
2021-10-08 00:00:00,10,11,281,Friday,October,Fall,5294
2024-11-27 00:00:00,3,4,332,Wednesday,November,Fall,11127
2020-12-29 00:00:00,9,10,364,Tuesday,December,Winter,4426
2020-01-20 00:00:00,15,16,20,Monday,January,Winter,6593
2024-05-10 00:00:00,5,6,131,Friday,May,Spring,4594
2021-06-21 00:00:00,16,17,172,Monday,June,Summer,4701
2022-01-28 00:00:00,22,23,28,Friday,January,Winter,3521
2020-06-15 00:00:00,11,12,167,Monday,June,Summer,4552
2025-10-10 00:00:00,21,22,283,Friday,October,Fall,4056
2021-04-23 00:00:00,20,21,113,Friday,April,Spring,5369
2025-02-01 00:00:00,13,14,32,Saturday,February,Winter,6105
2023-03-11 00:00:00,8,9,70,Saturday,March,Spring,4389
2020-03-26 00:00:00,15,16,86,Thursday,March,Spring,8343
2023-11-18 00:00:00,23,0,322,Saturday,November,Fall,11947
2020-05-19 00:00:00,14,15,140,Tuesday,May,Spring,5795
2023-02-10 00:00:00,6,7,41,Friday,February,Winter,629
2021-05-05 00:00:00,17,18,125,Wednesday,May,Spring,10312
2024-09-22 00:00:00,20,21,266,Sunday,September,Fall,2722
2020-12-29 00:00:00,12,13,364,Tuesday,December,Winter,5039
2020-03-25 00:00:00,12,13,85,Wednesday,March,Spring,5870
2020-10-04 00:00:00,17,18,278,Sunday,October,Fall,11028
2024-04-09 00:00:00,11,12,100,Tuesday,April,Spring,11478
2021-12-29 00:00:00,9,10,363,Wednesday,December,Winter,8302
2024-06-22 00:00:00,11,12,174,Saturday,June,Summer,7321
2025-02-23 00:00:00,21,22,54,Sunday,February,Winter,11852
2024-03-04 00:00:00,23,0,64,Monday,March,Spring,5856
2021-08-07 00:00:00,8,9,219,Saturday,August,Summer,4137
2024-01-27 00:00:00,13,14,27,Saturday,January,Winter,5520
2024-03-04 00:00:00,6,7,64,Monday,March,Spring,3881
2024-11-20 00:00:00,23,0,325,Wednesday,November,Fall,6132
2020-05-19 00:00:00,10,11,140,Tuesday,May,Spring,4412
2021-05-24 00:00:00,10,11,144,Monday,May,Spring,9548
2024-03-06 00:00:00,8,9,66,Wednesday,March,Spring,2257
2022-11-02 00:00:00,2,3,306,Wednesday,November,Fall,9453
2024-12-01 00:00:00,1,2,336,Sunday,December,Winter,4016
2024-09-09 00:00:00,19,20,253,Monday,September,Fall,7981
2024-11-29 00:00:00,1,2,334,Friday,November,Fall,5147
2023-11-29 00:00:00,20,21,333,Wednesday,November,Fall,2256
2022-12-29 00:00:00,14,15,363,Thursday,December,Winter,11907
2025-04-14 00:00:00,11,12,104,Monday,April,Spring,7730
2023-06-30 00:00:00,5,6,181,Friday,June,Summer,2493
2022-05-04 00:00:00,3,4,124,Wednesday,May,Spring,2101
2020-02-23 00:00:00,1,2,54,Sunday,February,Winter,8085
2020-11-27 00:00:00,12,13,332,Friday,November,Fall,2867
2023-12-31 00:00:00,2,3,365,Sunday,December,Winter,16903
2022-12-13 00:00:00,4,5,347,Tuesday,December,Winter,6726
2025-06-08 00:00:00,3,4,159,Sunday,June,Summer,11586
2021-01-28 00:00:00,2,3,28,Thursday,January,Winter,7021
2020-09-06 00:00:00,12,13,250,Sunday,September,Fall,4167
2020-10-30 00:00:00,14,15,304,Friday,October,Fall,6293
2023-07-15 00:00:00,4,5,196,Saturday,July,Summer,6081
2020-09-19 00:00:00,9,10,263,Saturday,September,Fall,3664
2021-02-22 00:00:00,21,22,53,Monday,February,Winter,5226
2022-04-07 00:00:00,12,13,97,Thursday,April,Spring,17815
2022-05-10 00:00:00,1,2,130,Tuesday,May,Spring,787
2022-10-26 00:00:00,19,20,299,Wednesday,October,Fall,2435
2024-06-19 00:00:00,12,13,171,Wednesday,June,Summer,10246
2021-01-16 00:00:00,11,12,16,Saturday,January,Winter,6320
2022-05-28 00:00:00,18,19,148,Saturday,May,Spring,8846
2025-10-29 00:00:00,17,18,302,Wednesday,October,Fall,8855
2024-05-10 00:00:00,14,15,131,Friday,May,Spring,11009
2024-03-05 00:00:00,3,4,65,Tuesday,March,Spring,5593
2021-02-08 00:00:00,20,21,39,Monday,February,Winter,2080
2021-04-05 00:00:00,9,10,95,Monday,April,Spring,7362
2024-10-25 00:00:00,17,18,299,Friday,October,Fall,3111
2025-08-09 00:00:00,14,15,221,Saturday,August,Summer,5192
2024-08-13 00:00:00,22,23,226,Tuesday,August,Summer,1520
2024-06-17 00:00:00,10,11,169,Monday,June,Summer,6256
2023-04-16 00:00:00,4,5,106,Sunday,April,Spring,5339
2023-07-02 00:00:00,17,18,183,Sunday,July,Summer,7678
2022-06-26 00:00:00,23,0,177,Sunday,June,Summer,1151
2024-09-17 00:00:00,9,10,261,Tuesday,September,Fall,11852
2021-12-31 00:00:00,9,10,365,Friday,December,Winter,6180
2021-12-20 00:00:00,15,16,354,Monday,December,Winter,3926
2022-09-30 00:00:00,16,17,273,Friday,September,Fall,9086
2025-11-04 00:00:00,14,15,308,Tuesday,November,Fall,12790
2022-03-19 00:00:00,22,23,78,Saturday,March,Spring,8847
2022-05-29 00:00:00,19,20,149,Sunday,May,Spring,5235
2024-09-24 00:00:00,12,13,268,Tuesday,September,Fall,12247
2023-12-16 00:00:00,18,19,350,Saturday,December,Winter,2464
2024-11-03 00:00:00,6,7,308,Sunday,November,Fall,2638
2020-11-29 00:00:00,18,19,334,Sunday,November,Fall,2915
2021-09-16 00:00:00,9,10,259,Thursday,September,Fall,1244
2025-03-29 00:00:00,4,5,88,Saturday,March,Spring,9879
2023-07-10 00:00:00,9,10,191,Monday,July,Summer,3808
2023-12-28 00:00:00,18,19,362,Thursday,December,Winter,13143
2020-12-02 00:00:00,18,19,337,Wednesday,December,Winter,1702
2021-09-11 00:00:00,2,3,254,Saturday,September,Fall,1693
2025-10-20 00:00:00,11,12,293,Monday,October,Fall,17289
2020-10-04 00:00:00,19,20,278,Sunday,October,Fall,9887
2022-05-22 00:00:00,8,9,142,Sunday,May,Spring,3176
2025-04-21 00:00:00,18,19,111,Monday,April,Spring,5746
2023-04-29 00:00:00,9,10,119,Saturday,April,Spring,2584
2020-11-13 00:00:00,13,14,318,Friday,November,Fall,6261
2020-04-26 00:00:00,6,7,117,Sunday,April,Spring,1181
2021-11-18 00:00:00,20,21,322,Thursday,November,Fall,1523
2023-11-04 00:00:00,5,6,308,Saturday,November,Fall,12917
2020-01-06 00:00:00,12,13,6,Monday,January,Winter,5508
2025-02-11 00:00:00,0,1,42,Tuesday,February,Winter,6544
2024-09-23 00:00:00,22,23,267,Monday,September,Fall,5320
2021-07-24 00:00:00,6,7,205,Saturday,July,Summer,3849
2022-05-25 00:00:00,4,5,145,Wednesday,May,Spring,2759
2020-10-02 00:00:00,4,5,276,Friday,October,Fall,10200
2024-06-16 00:00:00,5,6,168,Sunday,June,Summer,8312
2022-03-17 00:00:00,7,8,76,Thursday,March,Spring,4859
2021-07-25 00:00:00,20,21,206,Sunday,July,Summer,2703
2020-08-14 00:00:00,1,2,227,Friday,August,Summer,2099
2021-02-05 00:00:00,9,10,36,Friday,February,Winter,2001
2021-10-23 00:00:00,14,15,296,Saturday,October,Fall,5243
2023-10-14 00:00:00,13,14,287,Saturday,October,Fall,6935
2024-01-09 00:00:00,12,13,9,Tuesday,January,Winter,7316
2022-06-01 00:00:00,21,22,152,Wednesday,June,Summer,2633
2025-11-13 00:00:00,7,8,317,Thursday,November,Fall,10177
2020-12-23 00:00:00,18,19,358,Wednesday,December,Winter,12555
2020-03-28 00:00:00,21,22,88,Saturday,March,Spring,11009
2023-03-22 00:00:00,19,20,81,Wednesday,March,Spring,12608
2020-12-14 00:00:00,20,21,349,Monday,December,Winter,6605
2022-10-16 00:00:00,7,8,289,Sunday,October,Fall,2775
2022-12-25 00:00:00,7,8,359,Sunday,December,Winter,5233
2022-05-28 00:00:00,21,22,148,Saturday,May,Spring,6221
2021-07-29 00:00:00,8,9,210,Thursday,July,Summer,3787
2021-06-09 00:00:00,18,19,160,Wednesday,June,Summer,3406
2023-06-29 00:00:00,22,23,180,Thursday,June,Summer,2982
2021-11-28 00:00:00,21,22,332,Sunday,November,Fall,5528
2025-09-06 00:00:00,15,16,249,Saturday,September,Fall,7432
2025-11-22 00:00:00,19,20,326,Saturday,November,Fall,10661
2023-08-21 00:00:00,7,8,233,Monday,August,Summer,1897
2025-10-01 00:00:00,0,1,274,Wednesday,October,Fall,2823
2025-06-20 00:00:00,12,13,171,Friday,June,Summer,11247
2025-01-31 00:00:00,19,20,31,Friday,January,Winter,5419
2024-07-02 00:00:00,11,12,184,Tuesday,July,Summer,6880
2021-02-03 00:00:00,20,21,34,Wednesday,February,Winter,9043
2021-01-25 00:00:00,5,6,25,Monday,January,Winter,6084
2025-03-03 00:00:00,0,1,62,Monday,March,Spring,4216
2024-05-04 00:00:00,17,18,125,Saturday,May,Spring,5803
2024-09-09 00:00:00,18,19,253,Monday,September,Fall,9916
2024-09-16 00:00:00,3,4,260,Monday,September,Fall,2943
2024-07-12 00:00:00,21,22,194,Friday,July,Summer,2752
2022-11-28 00:00:00,14,15,332,Monday,November,Fall,4538
2020-03-22 00:00:00,10,11,82,Sunday,March,Spring,11238
2020-02-05 00:00:00,18,19,36,Wednesday,February,Winter,1769
2024-11-05 00:00:00,8,9,310,Tuesday,November,Fall,2186
2020-08-15 00:00:00,6,7,228,Saturday,August,Summer,457
2020-09-19 00:00:00,5,6,263,Saturday,September,Fall,4265
2022-09-30 00:00:00,10,11,273,Friday,September,Fall,4255
2020-11-23 00:00:00,17,18,328,Monday,November,Fall,620
2024-07-22 00:00:00,13,14,204,Monday,July,Summer,10243
2024-05-18 00:00:00,6,7,139,Saturday,May,Spring,761
2022-08-09 00:00:00,1,2,221,Tuesday,August,Summer,7181
2024-09-19 00:00:00,20,21,263,Thursday,September,Fall,7802
2025-05-16 00:00:00,18,19,136,Friday,May,Spring,10928
2021-08-29 00:00:00,1,2,241,Sunday,August,Summer,4508
2025-05-26 00:00:00,6,7,146,Monday,May,Spring,5453
2021-02-27 00:00:00,8,9,58,Saturday,February,Winter,6414
2023-02-01 00:00:00,14,15,32,Wednesday,February,Winter,11735
2021-11-19 00:00:00,8,9,323,Friday,November,Fall,1628
2022-09-03 00:00:00,8,9,246,Saturday,September,Fall,2057
2024-10-19 00:00:00,8,9,293,Saturday,October,Fall,6338
2022-06-08 00:00:00,22,23,159,Wednesday,June,Summer,6493
2021-06-25 00:00:00,18,19,176,Friday,June,Summer,3314
2023-09-29 00:00:00,4,5,272,Friday,September,Fall,8331
2023-09-26 00:00:00,0,1,269,Tuesday,September,Fall,1382
2024-03-23 00:00:00,21,22,83,Saturday,March,Spring,9466
2023-06-24 00:00:00,10,11,175,Saturday,June,Summer,6886
2020-08-30 00:00:00,9,10,243,Sunday,August,Summer,4184
2021-09-25 00:00:00,13,14,268,Saturday,September,Fall,4377
2024-02-09 00:00:00,3,4,40,Friday,February,Winter,16390
2020-07-28 00:00:00,19,20,210,Tuesday,July,Summer,5024
2020-08-12 00:00:00,7,8,225,Wednesday,August,Summer,2071
2025-05-22 00:00:00,5,6,142,Thursday,May,Spring,5212
2024-10-19 00:00:00,9,10,293,Saturday,October,Fall,7672
2025-11-20 00:00:00,19,20,324,Thursday,November,Fall,4026
2025-07-18 00:00:00,13,14,199,Friday,July,Summer,9011
2021-01-03 00:00:00,22,23,3,Sunday,January,Winter,2226
2021-06-26 00:00:00,8,9,177,Saturday,June,Summer,1519
2024-11-18 00:00:00,10,11,323,Monday,November,Fall,9491
2022-08-01 00:00:00,0,1,213,Monday,August,Summer,2712
2021-04-19 00:00:00,21,22,109,Monday,April,Spring,789
2020-06-29 00:00:00,12,13,181,Monday,June,Summer,8685
2024-06-07 00:00:00,13,14,159,Friday,June,Summer,6670
2023-10-01 00:00:00,11,12,274,Sunday,October,Fall,6703
2025-05-19 00:00:00,5,6,139,Monday,May,Spring,5266
2025-07-06 00:00:00,22,23,187,Sunday,July,Summer,6434
2020-06-30 00:00:00,7,8,182,Tuesday,June,Summer,3596
2025-03-06 00:00:00,7,8,65,Thursday,March,Spring,9579
2021-04-17 00:00:00,19,20,107,Saturday,April,Spring,6158
2023-04-19 00:00:00,9,10,109,Wednesday,April,Spring,7649
2021-02-28 00:00:00,18,19,59,Sunday,February,Winter,5701
2020-01-15 00:00:00,21,22,15,Wednesday,January,Winter,4745
2020-10-28 00:00:00,23,0,302,Wednesday,October,Fall,11043
2020-10-12 00:00:00,16,17,286,Monday,October,Fall,3991
2023-01-06 00:00:00,23,0,6,Friday,January,Winter,8096
2020-06-02 00:00:00,18,19,154,Tuesday,June,Summer,2473
2025-07-16 00:00:00,14,15,197,Wednesday,July,Summer,16316
2020-04-07 00:00:00,15,16,98,Tuesday,April,Spring,5040
2020-08-17 00:00:00,20,21,230,Monday,August,Summer,1498
2023-09-27 00:00:00,4,5,270,Wednesday,September,Fall,480
2022-04-28 00:00:00,0,1,118,Thursday,April,Spring,7345
2023-05-15 00:00:00,4,5,135,Monday,May,Spring,2885
2022-03-30 00:00:00,16,17,89,Wednesday,March,Spring,3581
2025-05-15 00:00:00,0,1,135,Thursday,May,Spring,6342
2021-12-31 00:00:00,6,7,365,Friday,December,Winter,5824
2025-06-02 00:00:00,13,14,153,Monday,June,Summer,6203
2021-11-30 00:00:00,15,16,334,Tuesday,November,Fall,12500
2022-05-28 00:00:00,19,20,148,Saturday,May,Spring,8020
2024-12-19 00:00:00,16,17,354,Thursday,December,Winter,15633
2024-04-20 00:00:00,5,6,111,Saturday,April,Spring,6858
2021-07-04 00:00:00,23,0,185,Sunday,July,Summer,2638
2021-10-24 00:00:00,2,3,297,Sunday,October,Fall,4189
2025-11-29 00:00:00,21,22,333,Saturday,November,Fall,7062
2024-03-25 00:00:00,23,0,85,Monday,March,Spring,8777
2022-06-05 00:00:00,23,0,156,Sunday,June,Summer,3380
2020-12-21 00:00:00,12,13,356,Monday,December,Winter,12640
2021-10-18 00:00:00,4,5,291,Monday,October,Fall,2664
2022-08-17 00:00:00,10,11,229,Wednesday,August,Summer,3428
2022-05-08 00:00:00,11,12,128,Sunday,May,Spring,7322
2025-04-30 00:00:00,0,1,120,Wednesday,April,Spring,7318
2022-01-31 00:00:00,22,23,31,Monday,January,Winter,8147
2022-05-19 00:00:00,2,3,139,Thursday,May,Spring,4815
2020-12-15 00:00:00,2,3,350,Tuesday,December,Winter,5470
2024-05-01 00:00:00,15,16,122,Wednesday,May,Spring,2385
2022-10-14 00:00:00,12,13,287,Friday,October,Fall,8105
2024-09-12 00:00:00,1,2,256,Thursday,September,Fall,4725
2021-07-17 00:00:00,1,2,198,Saturday,July,Summer,2929
2023-04-23 00:00:00,17,18,113,Sunday,April,Spring,16075
2022-09-25 00:00:00,12,13,268,Sunday,September,Fall,6161
2024-12-01 00:00:00,12,13,336,Sunday,December,Winter,10028
2024-01-21 00:00:00,21,22,21,Sunday,January,Winter,16235
2024-12-31 00:00:00,23,0,366,Tuesday,December,Winter,10602
2025-08-02 00:00:00,0,1,214,Saturday,August,Summer,4160
2022-11-09 00:00:00,12,13,313,Wednesday,November,Fall,7650
2024-06-16 00:00:00,22,23,168,Sunday,June,Summer,2549
2020-05-28 00:00:00,14,15,149,Thursday,May,Spring,7591
2025-11-24 00:00:00,17,18,328,Monday,November,Fall,11121
2021-06-23 00:00:00,3,4,174,Wednesday,June,Summer,2688
2022-09-04 00:00:00,9,10,247,Sunday,September,Fall,4056
2021-11-21 00:00:00,6,7,325,Sunday,November,Fall,569
2023-05-27 00:00:00,17,18,147,Saturday,May,Spring,6146
2025-09-16 00:00:00,21,22,259,Tuesday,September,Fall,3074
2020-03-07 00:00:00,3,4,67,Saturday,March,Spring,3332
2022-09-16 00:00:00,20,21,259,Friday,September,Fall,4896
2025-04-01 00:00:00,12,13,91,Tuesday,April,Spring,18978
2024-03-20 00:00:00,12,13,80,Wednesday,March,Spring,7394
2020-04-09 00:00:00,15,16,100,Thursday,April,Spring,4576
2024-05-18 00:00:00,13,14,139,Saturday,May,Spring,3058
2021-10-28 00:00:00,6,7,301,Thursday,October,Fall,5836
2021-03-23 00:00:00,23,0,82,Tuesday,March,Spring,1340
2023-05-22 00:00:00,22,23,142,Monday,May,Spring,5407
2022-06-25 00:00:00,18,19,176,Saturday,June,Summer,4491
2024-04-17 00:00:00,14,15,108,Wednesday,April,Spring,13351
2021-07-18 00:00:00,23,0,199,Sunday,July,Summer,6890
2020-04-19 00:00:00,15,16,110,Sunday,April,Spring,3193
2023-10-12 00:00:00,6,7,285,Thursday,October,Fall,4319
2022-03-15 00:00:00,18,19,74,Tuesday,March,Spring,2580
2025-01-11 00:00:00,19,20,11,Saturday,January,Winter,2507
2023-10-13 00:00:00,15,16,286,Friday,October,Fall,17641
2021-03-12 00:00:00,8,9,71,Friday,March,Spring,10511
2022-04-20 00:00:00,5,6,110,Wednesday,April,Spring,4689
2025-11-17 00:00:00,16,17,321,Monday,November,Fall,8101
2025-04-28 00:00:00,13,14,118,Monday,April,Spring,4939
2020-05-17 00:00:00,22,23,138,Sunday,May,Spring,2263
2024-04-02 00:00:00,21,22,93,Tuesday,April,Spring,8880
2022-05-19 00:00:00,16,17,139,Thursday,May,Spring,7748
2023-12-14 00:00:00,4,5,348,Thursday,December,Winter,7008
2025-07-20 00:00:00,4,5,201,Sunday,July,Summer,4069
2020-07-08 00:00:00,10,11,190,Wednesday,July,Summer,5097
2024-04-26 00:00:00,22,23,117,Friday,April,Spring,3763
2023-08-29 00:00:00,17,18,241,Tuesday,August,Summer,5120
2022-11-17 00:00:00,23,0,321,Thursday,November,Fall,8902
2025-11-20 00:00:00,4,5,324,Thursday,November,Fall,7695
2023-07-11 00:00:00,4,5,192,Tuesday,July,Summer,1935
2021-01-27 00:00:00,18,19,27,Wednesday,January,Winter,4009
2020-10-09 00:00:00,11,12,283,Friday,October,Fall,4222
2021-11-25 00:00:00,14,15,329,Thursday,November,Fall,3710
2020-12-13 00:00:00,14,15,348,Sunday,December,Winter,7343
2020-06-24 00:00:00,19,20,176,Wednesday,June,Summer,3291
2020-10-18 00:00:00,8,9,292,Sunday,October,Fall,1059
2020-04-17 00:00:00,0,1,108,Friday,April,Spring,2220
2022-10-25 00:00:00,2,3,298,Tuesday,October,Fall,5694
2023-03-24 00:00:00,15,16,83,Friday,March,Spring,17590
2022-09-30 00:00:00,19,20,273,Friday,September,Fall,6940
2024-06-01 00:00:00,5,6,153,Saturday,June,Summer,5758
2025-11-10 00:00:00,16,17,314,Monday,November,Fall,9768
2024-02-22 00:00:00,9,10,53,Thursday,February,Winter,17056
2021-09-24 00:00:00,16,17,267,Friday,September,Fall,3933
2023-11-08 00:00:00,19,20,312,Wednesday,November,Fall,14862
2022-07-15 00:00:00,8,9,196,Friday,July,Summer,3844
2024-04-04 00:00:00,16,17,95,Thursday,April,Spring,18160
2025-08-03 00:00:00,6,7,215,Sunday,August,Summer,1968
2020-08-16 00:00:00,0,1,229,Sunday,August,Summer,1831
2023-10-26 00:00:00,6,7,299,Thursday,October,Fall,5403
2023-07-02 00:00:00,7,8,183,Sunday,July,Summer,2703
2022-12-11 00:00:00,18,19,345,Sunday,December,Winter,1499
2022-12-07 00:00:00,0,1,341,Wednesday,December,Winter,2427
2025-05-28 00:00:00,9,10,148,Wednesday,May,Spring,14628
2024-07-04 00:00:00,11,12,186,Thursday,July,Summer,11596
2020-06-20 00:00:00,14,15,172,Saturday,June,Summer,4334
2025-10-27 00:00:00,19,20,300,Monday,October,Fall,9625
2021-02-21 00:00:00,12,13,52,Sunday,February,Winter,9016
2025-01-03 00:00:00,14,15,3,Friday,January,Winter,5219
2025-02-13 00:00:00,0,1,44,Thursday,February,Winter,1016
2021-06-23 00:00:00,17,18,174,Wednesday,June,Summer,4314
2020-08-17 00:00:00,0,1,230,Monday,August,Summer,2055
2023-08-12 00:00:00,12,13,224,Saturday,August,Summer,7944
2025-01-22 00:00:00,11,12,22,Wednesday,January,Winter,6748
2025-09-14 00:00:00,14,15,257,Sunday,September,Fall,7618
2021-11-08 00:00:00,10,11,312,Monday,November,Fall,3832
2021-01-03 00:00:00,23,0,3,Sunday,January,Winter,2060
2021-06-15 00:00:00,6,7,166,Tuesday,June,Summer,1647
2024-11-01 00:00:00,16,17,306,Friday,November,Fall,1612
2024-11-25 00:00:00,11,12,330,Monday,November,Fall,12852
2021-02-21 00:00:00,17,18,52,Sunday,February,Winter,5918
2020-05-15 00:00:00,16,17,136,Friday,May,Spring,5825
2023-11-19 00:00:00,5,6,323,Sunday,November,Fall,11783
2021-06-10 00:00:00,21,22,161,Thursday,June,Summer,1475
2022-07-18 00:00:00,15,16,199,Monday,July,Summer,7346
2021-11-22 00:00:00,4,5,326,Monday,November,Fall,8247
2022-01-18 00:00:00,15,16,18,Tuesday,January,Winter,4530
2025-07-16 00:00:00,3,4,197,Wednesday,July,Summer,7222
2022-01-27 00:00:00,20,21,27,Thursday,January,Winter,3833
2024-03-29 00:00:00,3,4,89,Friday,March,Spring,10394
2025-08-23 00:00:00,18,19,235,Saturday,August,Summer,5153
2023-03-04 00:00:00,19,20,63,Saturday,March,Spring,3414
2022-04-25 00:00:00,4,5,115,Monday,April,Spring,3390
2020-05-25 00:00:00,21,22,146,Monday,May,Spring,2713
2025-06-06 00:00:00,12,13,157,Friday,June,Summer,7272
2020-01-06 00:00:00,0,1,6,Monday,January,Winter,2280
2023-06-30 00:00:00,18,19,181,Friday,June,Summer,8277
2024-09-03 00:00:00,8,9,247,Tuesday,September,Fall,1421
2024-08-10 00:00:00,12,13,223,Saturday,August,Summer,4442
2024-02-12 00:00:00,20,21,43,Monday,February,Winter,3368
2023-07-16 00:00:00,23,0,197,Sunday,July,Summer,2997
2025-04-05 00:00:00,19,20,95,Saturday,April,Spring,6203
2022-08-15 00:00:00,16,17,227,Monday,August,Summer,7560
2021-03-28 00:00:00,21,22,87,Sunday,March,Spring,2629
2024-07-02 00:00:00,21,22,184,Tuesday,July,Summer,3140
2021-10-14 00:00:00,9,10,287,Thursday,October,Fall,3533
2020-03-22 00:00:00,22,23,82,Sunday,March,Spring,9398
2021-04-12 00:00:00,13,14,102,Monday,April,Spring,6529
2020-04-03 00:00:00,1,2,94,Friday,April,Spring,2592
2022-11-28 00:00:00,12,13,332,Monday,November,Fall,4959
2020-10-22 00:00:00,9,10,296,Thursday,October,Fall,5024
2021-03-15 00:00:00,3,4,74,Monday,March,Spring,10923
2025-11-13 00:00:00,20,21,317,Thursday,November,Fall,12001
2022-04-05 00:00:00,5,6,95,Tuesday,April,Spring,6452
2021-04-28 00:00:00,14,15,118,Wednesday,April,Spring,4079
2022-07-24 00:00:00,6,7,205,Sunday,July,Summer,969
2020-09-14 00:00:00,7,8,258,Monday,September,Fall,2828
2020-06-15 00:00:00,4,5,167,Monday,June,Summer,2126
2020-11-01 00:00:00,19,20,306,Sunday,November,Fall,11879
2022-08-16 00:00:00,9,10,228,Tuesday,August,Summer,2904
2021-07-26 00:00:00,4,5,207,Monday,July,Summer,1922
2022-04-04 00:00:00,18,19,94,Monday,April,Spring,11731
2024-12-13 00:00:00,14,15,348,Friday,December,Winter,2515
2020-05-28 00:00:00,15,16,149,Thursday,May,Spring,7608
2022-09-18 00:00:00,6,7,261,Sunday,September,Fall,2221
2024-08-22 00:00:00,12,13,235,Thursday,August,Summer,7995
2022-05-26 00:00:00,12,13,146,Thursday,May,Spring,6717
2025-09-14 00:00:00,3,4,257,Sunday,September,Fall,4181
2020-09-14 00:00:00,8,9,258,Monday,September,Fall,3313
2025-03-16 00:00:00,19,20,75,Sunday,March,Spring,5740
2021-10-01 00:00:00,20,21,274,Friday,October,Fall,4953
2023-04-21 00:00:00,1,2,111,Friday,April,Spring,3355
2022-09-06 00:00:00,12,13,249,Tuesday,September,Fall,6967
2020-03-13 00:00:00,21,22,73,Friday,March,Spring,1697
2022-04-10 00:00:00,2,3,100,Sunday,April,Spring,1338
2022-01-30 00:00:00,10,11,30,Sunday,January,Winter,2888
2022-10-21 00:00:00,15,16,294,Friday,October,Fall,8982
2021-03-04 00:00:00,9,10,63,Thursday,March,Spring,1941
2024-01-22 00:00:00,15,16,22,Monday,January,Winter,16804
2025-01-16 00:00:00,0,1,16,Thursday,January,Winter,3652
2021-11-13 00:00:00,12,13,317,Saturday,November,Fall,5041
2022-06-23 00:00:00,20,21,174,Thursday,June,Summer,1923
2023-12-16 00:00:00,14,15,350,Saturday,December,Winter,4910
2022-04-11 00:00:00,3,4,101,Monday,April,Spring,9882
2021-10-29 00:00:00,14,15,302,Friday,October,Fall,11979
2020-07-09 00:00:00,7,8,191,Thursday,July,Summer,1479
2021-04-25 00:00:00,15,16,115,Sunday,April,Spring,8987
2020-10-09 00:00:00,19,20,283,Friday,October,Fall,2696
2021-11-19 00:00:00,13,14,323,Friday,November,Fall,3762
2022-12-30 00:00:00,6,7,364,Friday,December,Winter,11436
2023-06-13 00:00:00,23,0,164,Tuesday,June,Summer,5004
2020-03-10 00:00:00,2,3,70,Tuesday,March,Spring,12278
2025-04-14 00:00:00,10,11,104,Monday,April,Spring,6031
2024-04-30 00:00:00,11,12,121,Tuesday,April,Spring,7683
2022-09-12 00:00:00,16,17,255,Monday,September,Fall,5140
2022-10-20 00:00:00,14,15,293,Thursday,October,Fall,8558
2023-11-30 00:00:00,0,1,334,Thursday,November,Fall,2128
2020-01-06 00:00:00,23,0,6,Monday,January,Winter,5850
2021-06-13 00:00:00,18,19,164,Sunday,June,Summer,3933
2024-12-07 00:00:00,15,16,342,Saturday,December,Winter,19810
2025-04-10 00:00:00,1,2,100,Thursday,April,Spring,10031
2021-02-21 00:00:00,10,11,52,Sunday,February,Winter,9217
2022-09-20 00:00:00,4,5,263,Tuesday,September,Fall,2045
2025-09-14 00:00:00,23,0,257,Sunday,September,Fall,15838
2020-06-25 00:00:00,13,14,177,Thursday,June,Summer,5081
2022-03-10 00:00:00,18,19,69,Thursday,March,Spring,4082
2025-06-14 00:00:00,10,11,165,Saturday,June,Summer,4291
2021-10-20 00:00:00,0,1,293,Wednesday,October,Fall,10970
2021-08-08 00:00:00,21,22,220,Sunday,August,Summer,3163
2023-02-05 00:00:00,5,6,36,Sunday,February,Winter,4222
2021-08-09 00:00:00,2,3,221,Monday,August,Summer,2945
2025-05-12 00:00:00,8,9,132,Monday,May,Spring,3901
2024-04-19 00:00:00,1,2,110,Friday,April,Spring,5665
2025-04-18 00:00:00,23,0,108,Friday,April,Spring,9612
2023-01-06 00:00:00,16,17,6,Friday,January,Winter,6433
2020-07-17 00:00:00,19,20,199,Friday,July,Summer,2771
2023-07-26 00:00:00,23,0,207,Wednesday,July,Summer,3577
2024-01-23 00:00:00,2,3,23,Tuesday,January,Winter,12747
2020-06-25 00:00:00,10,11,177,Thursday,June,Summer,3414
2024-06-01 00:00:00,16,17,153,Saturday,June,Summer,6915
2024-04-23 00:00:00,8,9,114,Tuesday,April,Spring,4892
2020-07-16 00:00:00,6,7,198,Thursday,July,Summer,1388
2020-05-28 00:00:00,6,7,149,Thursday,May,Spring,3981
2020-04-05 00:00:00,7,8,96,Sunday,April,Spring,7671
2020-01-11 00:00:00,6,7,11,Saturday,January,Winter,2912
2021-06-25 00:00:00,13,14,176,Friday,June,Summer,5806
2020-01-27 00:00:00,14,15,27,Monday,January,Winter,9340
2022-06-12 00:00:00,9,10,163,Sunday,June,Summer,3891
2024-09-05 00:00:00,11,12,249,Thursday,September,Fall,7606
2021-10-12 00:00:00,1,2,285,Tuesday,October,Fall,3046
2025-05-29 00:00:00,21,22,149,Thursday,May,Spring,1207
2022-05-31 00:00:00,1,2,151,Tuesday,May,Spring,2019
2025-10-18 00:00:00,21,22,291,Saturday,October,Fall,6350
2021-02-23 00:00:00,10,11,54,Tuesday,February,Winter,9360
2021-07-05 00:00:00,11,12,186,Monday,July,Summer,7031
2025-09-13 00:00:00,17,18,256,Saturday,September,Fall,12059
2024-03-22 00:00:00,8,9,82,Friday,March,Spring,4072
2024-12-24 00:00:00,7,8,359,Tuesday,December,Winter,3075
2024-06-09 00:00:00,3,4,161,Sunday,June,Summer,3734
2021-01-09 00:00:00,13,14,9,Saturday,January,Winter,6317
2020-06-05 00:00:00,12,13,157,Friday,June,Summer,13242
2025-09-04 00:00:00,13,14,247,Thursday,September,Fall,14863
2023-12-18 00:00:00,16,17,352,Monday,December,Winter,2994
2025-07-09 00:00:00,6,7,190,Wednesday,July,Summer,1676
2024-09-14 00:00:00,17,18,258,Saturday,September,Fall,7606
2025-06-20 00:00:00,19,20,171,Friday,June,Summer,4544
2022-02-11 00:00:00,18,19,42,Friday,February,Winter,1753
2020-04-14 00:00:00,16,17,105,Tuesday,April,Spring,8019
2023-11-23 00:00:00,11,12,327,Thursday,November,Fall,7232
2023-05-06 00:00:00,8,9,126,Saturday,May,Spring,2948
2021-06-09 00:00:00,1,2,160,Wednesday,June,Summer,1569
2020-08-25 00:00:00,6,7,238,Tuesday,August,Summer,3959
2022-02-28 00:00:00,15,16,59,Monday,February,Winter,5659
2024-03-12 00:00:00,17,18,72,Tuesday,March,Spring,10459
2024-07-23 00:00:00,21,22,205,Tuesday,July,Summer,2927
2024-07-19 00:00:00,0,1,201,Friday,July,Summer,1662
2024-02-23 00:00:00,14,15,54,Friday,February,Winter,15612
2022-09-03 00:00:00,10,11,246,Saturday,September,Fall,4020
2023-03-13 00:00:00,1,2,72,Monday,March,Spring,14233
2024-04-13 00:00:00,7,8,104,Saturday,April,Spring,2307
2021-07-30 00:00:00,20,21,211,Friday,July,Summer,8655
2025-01-22 00:00:00,9,10,22,Wednesday,January,Winter,6315
2022-11-06 00:00:00,23,0,310,Sunday,November,Fall,11081
2022-05-15 00:00:00,9,10,135,Sunday,May,Spring,5538
2024-10-09 00:00:00,10,11,283,Wednesday,October,Fall,11747
2020-03-24 00:00:00,18,19,84,Tuesday,March,Spring,4898
2023-12-29 00:00:00,13,14,363,Friday,December,Winter,15847
2024-07-01 00:00:00,0,1,183,Monday,July,Summer,2760
2021-11-24 00:00:00,19,20,328,Wednesday,November,Fall,2095
2024-07-13 00:00:00,23,0,195,Saturday,July,Summer,334
2021-12-01 00:00:00,14,15,335,Wednesday,December,Winter,11647
2020-04-26 00:00:00,22,23,117,Sunday,April,Spring,457
2024-08-16 00:00:00,23,0,229,Friday,August,Summer,1612
2025-04-14 00:00:00,14,15,104,Monday,April,Spring,9083
2021-05-17 00:00:00,17,18,137,Monday,May,Spring,13497
2021-09-19 00:00:00,15,16,262,Sunday,September,Fall,5286
2025-10-24 00:00:00,23,0,297,Friday,October,Fall,14144
2023-10-02 00:00:00,16,17,275,Monday,October,Fall,7676
2020-04-14 00:00:00,6,7,105,Tuesday,April,Spring,6514
2020-02-05 00:00:00,13,14,36,Wednesday,February,Winter,3963
2025-10-21 00:00:00,22,23,294,Tuesday,October,Fall,6166
2022-04-01 00:00:00,7,8,91,Friday,April,Spring,9016
2020-03-21 00:00:00,4,5,81,Saturday,March,Spring,7299
2023-01-02 00:00:00,11,12,2,Monday,January,Winter,6422
2021-02-20 00:00:00,21,22,51,Saturday,February,Winter,12255
2025-08-24 00:00:00,10,11,236,Sunday,August,Summer,4112
2022-05-06 00:00:00,11,12,126,Friday,May,Spring,6911
2024-11-12 00:00:00,7,8,317,Tuesday,November,Fall,10329
2022-12-08 00:00:00,7,8,342,Thursday,December,Winter,1250
2020-04-30 00:00:00,19,20,121,Thursday,April,Spring,11566
2021-05-08 00:00:00,22,23,128,Saturday,May,Spring,5551
2020-04-20 00:00:00,1,2,111,Monday,April,Spring,5535
2022-01-18 00:00:00,2,3,18,Tuesday,January,Winter,2430
2025-02-09 00:00:00,0,1,40,Sunday,February,Winter,3868
2023-12-28 00:00:00,7,8,362,Thursday,December,Winter,13513
2022-01-29 00:00:00,11,12,29,Saturday,January,Winter,9867
2022-11-23 00:00:00,8,9,327,Wednesday,November,Fall,9532
2025-10-19 00:00:00,10,11,292,Sunday,October,Fall,10350
2025-05-14 00:00:00,7,8,134,Wednesday,May,Spring,1719
2023-11-19 00:00:00,1,2,323,Sunday,November,Fall,11829
2022-10-22 00:00:00,10,11,295,Saturday,October,Fall,5156
2025-07-28 00:00:00,3,4,209,Monday,July,Summer,4437
2023-08-19 00:00:00,5,6,231,Saturday,August,Summer,3735
2024-12-15 00:00:00,0,1,350,Sunday,December,Winter,4485
2021-01-11 00:00:00,5,6,11,Monday,January,Winter,2139
2021-05-02 00:00:00,19,20,122,Sunday,May,Spring,1824
2022-11-12 00:00:00,10,11,316,Saturday,November,Fall,5330
2024-05-18 00:00:00,11,12,139,Saturday,May,Spring,4830
2020-01-24 00:00:00,3,4,24,Friday,January,Winter,2178
2024-08-07 00:00:00,12,13,220,Wednesday,August,Summer,7806
2023-12-19 00:00:00,7,8,353,Tuesday,December,Winter,7637
2022-07-29 00:00:00,9,10,210,Friday,July,Summer,1886
2024-04-10 00:00:00,7,8,101,Wednesday,April,Spring,3567
2021-01-08 00:00:00,21,22,8,Friday,January,Winter,934
2024-11-10 00:00:00,4,5,315,Sunday,November,Fall,728
2021-03-23 00:00:00,3,4,82,Tuesday,March,Spring,2297
2024-03-18 00:00:00,7,8,78,Monday,March,Spring,2408
2023-07-18 00:00:00,7,8,199,Tuesday,July,Summer,3248
2025-05-15 00:00:00,19,20,135,Thursday,May,Spring,11522
2022-05-06 00:00:00,14,15,126,Friday,May,Spring,6812
2025-05-17 00:00:00,12,13,137,Saturday,May,Spring,5378
2023-01-25 00:00:00,19,20,25,Wednesday,January,Winter,1865
2023-11-06 00:00:00,20,21,310,Monday,November,Fall,9476
2023-06-04 00:00:00,10,11,155,Sunday,June,Summer,7001
2023-04-17 00:00:00,13,14,107,Monday,April,Spring,10082
2021-02-21 00:00:00,15,16,52,Sunday,February,Winter,7525
2021-02-15 00:00:00,9,10,46,Monday,February,Winter,11289
2023-08-03 00:00:00,5,6,215,Thursday,August,Summer,12714
2025-05-27 00:00:00,9,10,147,Tuesday,May,Spring,13251
2023-05-24 00:00:00,5,6,144,Wednesday,May,Spring,6672
2024-12-16 00:00:00,7,8,351,Monday,December,Winter,7127
2022-09-02 00:00:00,5,6,245,Friday,September,Fall,1940
2025-04-16 00:00:00,13,14,106,Wednesday,April,Spring,7798
2020-06-06 00:00:00,13,14,158,Saturday,June,Summer,10873
2024-08-20 00:00:00,9,10,233,Tuesday,August,Summer,6256
2024-11-13 00:00:00,18,19,318,Wednesday,November,Fall,5201
2023-03-21 00:00:00,4,5,80,Tuesday,March,Spring,4145
2022-04-29 00:00:00,12,13,119,Friday,April,Spring,6673
2023-03-18 00:00:00,14,15,77,Saturday,March,Spring,10327
2020-05-27 00:00:00,14,15,148,Wednesday,May,Spring,6923
2020-11-08 00:00:00,15,16,313,Sunday,November,Fall,2718
2022-09-14 00:00:00,2,3,257,Wednesday,September,Fall,1837
2021-12-15 00:00:00,1,2,349,Wednesday,December,Winter,1197
2020-12-08 00:00:00,22,23,343,Tuesday,December,Winter,2543
2025-07-29 00:00:00,6,7,210,Tuesday,July,Summer,2489
2020-12-26 00:00:00,0,1,361,Saturday,December,Winter,3607
2020-11-06 00:00:00,4,5,311,Friday,November,Fall,6681
2023-03-31 00:00:00,13,14,90,Friday,March,Spring,21624
2023-04-02 00:00:00,21,22,92,Sunday,April,Spring,7144
2022-01-11 00:00:00,2,3,11,Tuesday,January,Winter,2621
2020-03-16 00:00:00,20,21,76,Monday,March,Spring,1348
2021-08-26 00:00:00,13,14,238,Thursday,August,Summer,8454
2023-07-05 00:00:00,9,10,186,Wednesday,July,Summer,10340
2022-05-03 00:00:00,8,9,123,Tuesday,May,Spring,3293
2021-08-10 00:00:00,4,5,222,Tuesday,August,Summer,1235
2020-08-22 00:00:00,14,15,235,Saturday,August,Summer,11599
2022-05-06 00:00:00,3,4,126,Friday,May,Spring,3327
2025-08-26 00:00:00,13,14,238,Tuesday,August,Summer,10719
2021-09-24 00:00:00,17,18,267,Friday,September,Fall,2890
2023-01-03 00:00:00,17,18,3,Tuesday,January,Winter,8994
2023-10-09 00:00:00,7,8,282,Monday,October,Fall,1140
2022-03-15 00:00:00,23,0,74,Tuesday,March,Spring,4205
2022-10-25 00:00:00,18,19,298,Tuesday,October,Fall,4686
2024-12-30 00:00:00,11,12,365,Monday,December,Winter,2963
2023-03-10 00:00:00,17,18,69,Friday,March,Spring,11697
2023-05-06 00:00:00,13,14,126,Saturday,May,Spring,7109
2020-10-10 00:00:00,9,10,284,Saturday,October,Fall,2717
2023-02-19 00:00:00,18,19,50,Sunday,February,Winter,2222
2022-09-13 00:00:00,14,15,256,Tuesday,September,Fall,5433
2023-10-15 00:00:00,3,4,288,Sunday,October,Fall,2777
2022-01-01 00:00:00,1,2,1,Saturday,January,Winter,3210
2021-05-14 00:00:00,12,13,134,Friday,May,Spring,7647
2025-11-04 00:00:00,23,0,308,Tuesday,November,Fall,12730
2024-01-29 00:00:00,3,4,29,Monday,January,Winter,7443
2025-01-13 00:00:00,10,11,13,Monday,January,Winter,7719
2023-07-06 00:00:00,21,22,187,Thursday,July,Summer,868
2020-03-14 00:00:00,21,22,74,Saturday,March,Spring,3347
2023-12-24 00:00:00,15,16,358,Sunday,December,Winter,17075
2025-04-06 00:00:00,1,2,96,Sunday,April,Spring,9135
2024-10-03 00:00:00,3,4,277,Thursday,October,Fall,5240
2022-03-06 00:00:00,22,23,65,Sunday,March,Spring,7705
2022-09-07 00:00:00,18,19,250,Wednesday,September,Fall,4483
2024-01-04 00:00:00,17,18,4,Thursday,January,Winter,11934
2021-03-24 00:00:00,8,9,83,Wednesday,March,Spring,2756
2023-03-31 00:00:00,11,12,90,Friday,March,Spring,20332
2021-02-14 00:00:00,16,17,45,Sunday,February,Winter,9781
2020-11-29 00:00:00,22,23,334,Sunday,November,Fall,2194
2025-05-23 00:00:00,3,4,143,Friday,May,Spring,3654
2024-02-28 00:00:00,18,19,59,Wednesday,February,Winter,3872
2020-08-13 00:00:00,8,9,226,Thursday,August,Summer,1977
2022-02-10 00:00:00,7,8,41,Thursday,February,Winter,5427
2020-05-22 00:00:00,20,21,143,Friday,May,Spring,2791
2020-03-07 00:00:00,5,6,67,Saturday,March,Spring,2626
2025-02-28 00:00:00,22,23,59,Friday,February,Winter,7187
2023-06-17 00:00:00,10,11,168,Saturday,June,Summer,5207
2022-10-08 00:00:00,21,22,281,Saturday,October,Fall,2338
2020-04-26 00:00:00,16,17,117,Sunday,April,Spring,2886
2025-01-21 00:00:00,23,0,21,Tuesday,January,Winter,7139
2024-05-18 00:00:00,17,18,139,Saturday,May,Spring,5382
2023-10-24 00:00:00,20,21,297,Tuesday,October,Fall,5052
2025-09-27 00:00:00,1,2,270,Saturday,September,Fall,475
2025-06-02 00:00:00,1,2,153,Monday,June,Summer,3073
2021-10-13 00:00:00,23,0,286,Wednesday,October,Fall,2129
2022-02-25 00:00:00,15,16,56,Friday,February,Winter,8739
2023-12-24 00:00:00,10,11,358,Sunday,December,Winter,17796
2025-11-19 00:00:00,7,8,323,Wednesday,November,Fall,11799
2023-04-29 00:00:00,21,22,119,Saturday,April,Spring,2588
2023-04-23 00:00:00,13,14,113,Sunday,April,Spring,15150
2021-09-13 00:00:00,10,11,256,Monday,September,Fall,3635
2020-08-17 00:00:00,4,5,230,Monday,August,Summer,1804
2020-03-13 00:00:00,16,17,73,Friday,March,Spring,5262
2021-07-18 00:00:00,18,19,199,Sunday,July,Summer,9318
2025-09-01 00:00:00,17,18,244,Monday,September,Fall,10390
2020-05-25 00:00:00,16,17,146,Monday,May,Spring,5450
2024-11-10 00:00:00,17,18,315,Sunday,November,Fall,1524
2022-09-30 00:00:00,13,14,273,Friday,September,Fall,7262
2021-05-18 00:00:00,19,20,138,Tuesday,May,Spring,3940
2024-08-10 00:00:00,20,21,223,Saturday,August,Summer,1226
2021-03-25 00:00:00,4,5,84,Thursday,March,Spring,1928
2025-10-30 00:00:00,11,12,303,Thursday,October,Fall,9665
2022-10-26 00:00:00,1,2,299,Wednesday,October,Fall,7207
2020-08-27 00:00:00,13,14,240,Thursday,August,Summer,6251
2021-04-27 00:00:00,14,15,117,Tuesday,April,Spring,3324
2025-05-07 00:00:00,8,9,127,Wednesday,May,Spring,7619
2024-06-26 00:00:00,11,12,178,Wednesday,June,Summer,6737
2023-08-09 00:00:00,7,8,221,Wednesday,August,Summer,1969
2022-01-25 00:00:00,17,18,25,Tuesday,January,Winter,267
2020-09-03 00:00:00,2,3,247,Thursday,September,Fall,978
2020-02-11 00:00:00,23,0,42,Tuesday,February,Winter,9400
2022-07-09 00:00:00,1,2,190,Saturday,July,Summer,3653
2024-08-04 00:00:00,13,14,217,Sunday,August,Summer,4818
2022-06-25 00:00:00,4,5,176,Saturday,June,Summer,3209
2024-12-07 00:00:00,4,5,342,Saturday,December,Winter,18556
2020-09-04 00:00:00,8,9,248,Friday,September,Fall,1720
2022-01-01 00:00:00,19,20,1,Saturday,January,Winter,5238
2023-05-08 00:00:00,2,3,128,Monday,May,Spring,1701
2021-04-22 00:00:00,19,20,112,Thursday,April,Spring,5590
2021-02-17 00:00:00,0,1,48,Wednesday,February,Winter,9265
2020-03-03 00:00:00,6,7,63,Tuesday,March,Spring,4440
2023-11-08 00:00:00,15,16,312,Wednesday,November,Fall,16223
2023-08-14 00:00:00,2,3,226,Monday,August,Summer,1693
2023-01-10 00:00:00,5,6,10,Tuesday,January,Winter,7343
2021-12-22 00:00:00,20,21,356,Wednesday,December,Winter,5561
2024-08-10 00:00:00,2,3,223,Saturday,August,Summer,1755
2023-11-14 00:00:00,14,15,318,Tuesday,November,Fall,16988
2024-03-17 00:00:00,15,16,77,Sunday,March,Spring,6096
2021-09-07 00:00:00,16,17,250,Tuesday,September,Fall,6840
2025-11-16 00:00:00,21,22,320,Sunday,November,Fall,4414
2020-07-15 00:00:00,22,23,197,Wednesday,July,Summer,1874
2025-10-08 00:00:00,21,22,281,Wednesday,October,Fall,2608
2025-06-09 00:00:00,23,0,160,Monday,June,Summer,605
2020-07-14 00:00:00,3,4,196,Tuesday,July,Summer,2443
2022-10-09 00:00:00,6,7,282,Sunday,October,Fall,4887
2020-05-28 00:00:00,1,2,149,Thursday,May,Spring,5340
2021-12-25 00:00:00,15,16,359,Saturday,December,Winter,1223
2023-08-02 00:00:00,21,22,214,Wednesday,August,Summer,15855
2021-01-09 00:00:00,23,0,9,Saturday,January,Winter,5323
2022-02-07 00:00:00,22,23,38,Monday,February,Winter,4802
2022-10-24 00:00:00,23,0,297,Monday,October,Fall,7058
2025-05-24 00:00:00,16,17,144,Saturday,May,Spring,14446
2022-01-11 00:00:00,8,9,11,Tuesday,January,Winter,2912
2022-12-21 00:00:00,3,4,355,Wednesday,December,Winter,5032
2024-12-17 00:00:00,10,11,352,Tuesday,December,Winter,5491
2021-01-30 00:00:00,13,14,30,Saturday,January,Winter,8786
2020-10-04 00:00:00,16,17,278,Sunday,October,Fall,11664
2025-05-29 00:00:00,17,18,149,Thursday,May,Spring,8272
2024-11-25 00:00:00,10,11,330,Monday,November,Fall,12969
2020-01-26 00:00:00,13,14,26,Sunday,January,Winter,4437
2023-03-03 00:00:00,22,23,62,Friday,March,Spring,5574
2025-06-02 00:00:00,14,15,153,Monday,June,Summer,6266
2022-06-24 00:00:00,3,4,175,Friday,June,Summer,1971
2024-03-20 00:00:00,0,1,80,Wednesday,March,Spring,1924
2023-10-12 00:00:00,17,18,285,Thursday,October,Fall,5820
2022-09-24 00:00:00,1,2,267,Saturday,September,Fall,1028
2020-02-06 00:00:00,21,22,37,Thursday,February,Winter,5819
2024-06-09 00:00:00,2,3,161,Sunday,June,Summer,3682
2020-04-19 00:00:00,10,11,110,Sunday,April,Spring,2602
2022-09-28 00:00:00,14,15,271,Wednesday,September,Fall,6080
2025-11-28 00:00:00,14,15,332,Friday,November,Fall,8799
2024-10-05 00:00:00,23,0,279,Saturday,October,Fall,8967
2020-07-24 00:00:00,21,22,206,Friday,July,Summer,1760
2022-10-16 00:00:00,16,17,289,Sunday,October,Fall,6721
2020-11-06 00:00:00,22,23,311,Friday,November,Fall,7139
2021-07-02 00:00:00,23,0,183,Friday,July,Summer,1585
2022-04-13 00:00:00,15,16,103,Wednesday,April,Spring,3628
2025-08-02 00:00:00,14,15,214,Saturday,August,Summer,12313
2023-06-25 00:00:00,22,23,176,Sunday,June,Summer,5338
2024-11-30 00:00:00,7,8,335,Saturday,November,Fall,3505
2023-10-02 00:00:00,0,1,275,Monday,October,Fall,2764
2021-04-14 00:00:00,21,22,104,Wednesday,April,Spring,5104
2025-11-07 00:00:00,15,16,311,Friday,November,Fall,6222
2020-02-01 00:00:00,21,22,32,Saturday,February,Winter,9608
2020-04-05 00:00:00,14,15,96,Sunday,April,Spring,8682
2022-12-27 00:00:00,4,5,361,Tuesday,December,Winter,4483
2022-12-28 00:00:00,3,4,362,Wednesday,December,Winter,11901
2024-01-06 00:00:00,10,11,6,Saturday,January,Winter,6893
2021-03-22 00:00:00,11,12,81,Monday,March,Spring,6284
2022-11-26 00:00:00,19,20,330,Saturday,November,Fall,6123
2025-06-09 00:00:00,15,16,160,Monday,June,Summer,4475
2021-11-01 00:00:00,2,3,305,Monday,November,Fall,8845
2023-07-18 00:00:00,12,13,199,Tuesday,July,Summer,6978
2022-01-22 00:00:00,16,17,22,Saturday,January,Winter,3284
2021-06-02 00:00:00,3,4,153,Wednesday,June,Summer,4114
2025-09-30 00:00:00,19,20,273,Tuesday,September,Fall,2032
2022-12-05 00:00:00,15,16,339,Monday,December,Winter,2037
2022-02-25 00:00:00,1,2,56,Friday,February,Winter,7621
2021-11-05 00:00:00,6,7,309,Friday,November,Fall,2977
2025-02-20 00:00:00,12,13,51,Thursday,February,Winter,12416
2024-04-30 00:00:00,23,0,121,Tuesday,April,Spring,3046
2024-10-04 00:00:00,9,10,278,Friday,October,Fall,5064
2022-04-30 00:00:00,13,14,120,Saturday,April,Spring,8450
2020-02-09 00:00:00,0,1,40,Sunday,February,Winter,7722
2024-03-09 00:00:00,3,4,69,Saturday,March,Spring,10327
2025-06-24 00:00:00,13,14,175,Tuesday,June,Summer,6338
2020-06-21 00:00:00,7,8,173,Sunday,June,Summer,2762
2022-04-22 00:00:00,2,3,112,Friday,April,Spring,5531
2025-10-26 00:00:00,9,10,299,Sunday,October,Fall,10764
2024-12-09 00:00:00,2,3,344,Monday,December,Winter,13556
2024-01-02 00:00:00,12,13,2,Tuesday,January,Winter,18685
2023-05-01 00:00:00,0,1,121,Monday,May,Spring,1652
2020-05-10 00:00:00,8,9,131,Sunday,May,Spring,2008
2025-11-01 00:00:00,22,23,305,Saturday,November,Fall,9691
2023-07-04 00:00:00,23,0,185,Tuesday,July,Summer,10440
2023-05-13 00:00:00,14,15,133,Saturday,May,Spring,10482
2020-06-25 00:00:00,9,10,177,Thursday,June,Summer,2861
2020-01-09 00:00:00,12,13,9,Thursday,January,Winter,12336
2024-08-28 00:00:00,6,7,241,Wednesday,August,Summer,2229
2022-02-28 00:00:00,7,8,59,Monday,February,Winter,3898
2021-07-13 00:00:00,10,11,194,Tuesday,July,Summer,5260
2020-12-05 00:00:00,17,18,340,Saturday,December,Winter,6409
2020-03-12 00:00:00,7,8,72,Thursday,March,Spring,8370
2021-04-30 00:00:00,3,4,120,Friday,April,Spring,1412
2022-09-18 00:00:00,9,10,261,Sunday,September,Fall,4392
2025-10-29 00:00:00,9,10,302,Wednesday,October,Fall,7423
2023-04-16 00:00:00,23,0,106,Sunday,April,Spring,3665
2024-05-09 00:00:00,23,0,130,Thursday,May,Spring,5021
2020-09-30 00:00:00,18,19,274,Wednesday,September,Fall,3257
2022-04-29 00:00:00,17,18,119,Friday,April,Spring,5493
2023-11-10 00:00:00,9,10,314,Friday,November,Fall,15079
2025-08-18 00:00:00,0,1,230,Monday,August,Summer,7156
2020-05-12 00:00:00,7,8,133,Tuesday,May,Spring,4993
2022-09-03 00:00:00,1,2,246,Saturday,September,Fall,1685
2021-08-09 00:00:00,18,19,221,Monday,August,Summer,5509
2020-03-13 00:00:00,13,14,73,Friday,March,Spring,7874
2022-05-12 00:00:00,18,19,132,Thursday,May,Spring,3488
2024-08-08 00:00:00,14,15,221,Thursday,August,Summer,9623
2025-10-30 00:00:00,15,16,303,Thursday,October,Fall,8417
2021-09-15 00:00:00,23,0,258,Wednesday,September,Fall,1024
2024-04-12 00:00:00,14,15,103,Friday,April,Spring,4676
2020-06-09 00:00:00,8,9,161,Tuesday,June,Summer,3222
2021-11-12 00:00:00,18,19,316,Friday,November,Fall,4225
2025-03-01 00:00:00,4,5,60,Saturday,March,Spring,6922
2022-05-21 00:00:00,18,19,141,Saturday,May,Spring,2628
2025-08-28 00:00:00,1,2,240,Thursday,August,Summer,2454
2025-07-27 00:00:00,5,6,208,Sunday,July,Summer,1786
2021-07-20 00:00:00,16,17,201,Tuesday,July,Summer,5834
2022-06-28 00:00:00,6,7,179,Tuesday,June,Summer,1388
2025-09-21 00:00:00,4,5,264,Sunday,September,Fall,5062
2024-11-03 00:00:00,2,3,308,Sunday,November,Fall,3552
2024-11-19 00:00:00,9,10,324,Tuesday,November,Fall,18956
2024-10-22 00:00:00,1,2,296,Tuesday,October,Fall,3568
2020-04-22 00:00:00,18,19,113,Wednesday,April,Spring,2865
2023-10-13 00:00:00,10,11,286,Friday,October,Fall,15112
2023-10-12 00:00:00,12,13,285,Thursday,October,Fall,8411
2022-05-05 00:00:00,14,15,125,Thursday,May,Spring,6026
2020-12-22 00:00:00,16,17,357,Tuesday,December,Winter,6752
2024-07-07 00:00:00,10,11,189,Sunday,July,Summer,5126
2022-04-28 00:00:00,22,23,118,Thursday,April,Spring,5002
2022-03-19 00:00:00,21,22,78,Saturday,March,Spring,9680
2025-02-05 00:00:00,19,20,36,Wednesday,February,Winter,3259
2020-03-30 00:00:00,16,17,90,Monday,March,Spring,12305
2024-10-06 00:00:00,20,21,280,Sunday,October,Fall,8224
2025-07-18 00:00:00,23,0,199,Friday,July,Summer,3802
2021-06-22 00:00:00,13,14,173,Tuesday,June,Summer,7084
2025-03-09 00:00:00,20,21,68,Sunday,March,Spring,2682
2020-07-06 00:00:00,3,4,188,Monday,July,Summer,5654
2023-01-21 00:00:00,0,1,21,Saturday,January,Winter,5918
2025-10-20 00:00:00,3,4,293,Monday,October,Fall,11753
2021-05-09 00:00:00,14,15,129,Sunday,May,Spring,11238
2023-09-10 00:00:00,21,22,253,Sunday,September,Fall,2358
2024-08-04 00:00:00,6,7,217,Sunday,August,Summer,1962
2023-02-20 00:00:00,8,9,51,Monday,February,Winter,3465
2025-10-06 00:00:00,9,10,279,Monday,October,Fall,4871
2020-10-31 00:00:00,0,1,305,Saturday,October,Fall,1716
2022-06-02 00:00:00,3,4,153,Thursday,June,Summer,4245
2021-07-01 00:00:00,20,21,182,Thursday,July,Summer,1001
2024-10-05 00:00:00,11,12,279,Saturday,October,Fall,8795
2023-08-21 00:00:00,12,13,233,Monday,August,Summer,6981
2023-10-31 00:00:00,15,16,304,Tuesday,October,Fall,10888
2020-12-24 00:00:00,17,18,359,Thursday,December,Winter,9299
2024-10-29 00:00:00,0,1,303,Tuesday,October,Fall,2034
2020-01-20 00:00:00,6,7,20,Monday,January,Winter,5969
2022-07-27 00:00:00,2,3,208,Wednesday,July,Summer,2863
2023-09-23 00:00:00,22,23,266,Saturday,September,Fall,1134
2023-05-17 00:00:00,21,22,137,Wednesday,May,Spring,7154
2021-05-15 00:00:00,13,14,135,Saturday,May,Spring,10329
2021-10-24 00:00:00,0,1,297,Sunday,October,Fall,3903
2025-05-23 00:00:00,7,8,143,Friday,May,Spring,3940
2023-07-31 00:00:00,17,18,212,Monday,July,Summer,16164
2023-10-11 00:00:00,7,8,284,Wednesday,October,Fall,2966
2022-05-01 00:00:00,18,19,121,Sunday,May,Spring,3553
2025-07-10 00:00:00,7,8,191,Thursday,July,Summer,2663
2024-01-05 00:00:00,5,6,5,Friday,January,Winter,10179
2020-09-08 00:00:00,0,1,252,Tuesday,September,Fall,1596
2023-03-23 00:00:00,20,21,82,Thursday,March,Spring,13963
2023-04-01 00:00:00,2,3,91,Saturday,April,Spring,16591
2025-02-18 00:00:00,15,16,49,Tuesday,February,Winter,9155
2020-10-14 00:00:00,12,13,288,Wednesday,October,Fall,5761
2024-08-21 00:00:00,0,1,234,Wednesday,August,Summer,7150
2025-11-13 00:00:00,4,5,317,Thursday,November,Fall,11401
2022-09-19 00:00:00,15,16,262,Monday,September,Fall,7972
2023-07-26 00:00:00,22,23,207,Wednesday,July,Summer,2678
2021-01-14 00:00:00,7,8,14,Thursday,January,Winter,7248
2020-12-01 00:00:00,2,3,336,Tuesday,December,Winter,7535
2024-02-27 00:00:00,6,7,58,Tuesday,February,Winter,11867
2020-01-13 00:00:00,5,6,13,Monday,January,Winter,2719
2022-01-07 00:00:00,0,1,7,Friday,January,Winter,9092
2022-10-03 00:00:00,15,16,276,Monday,October,Fall,5116
2022-11-15 00:00:00,0,1,319,Tuesday,November,Fall,6758
2022-09-01 00:00:00,5,6,244,Thursday,September,Fall,2865
2021-07-27 00:00:00,2,3,208,Tuesday,July,Summer,1685
2021-07-11 00:00:00,13,14,192,Sunday,July,Summer,5042
2022-03-29 00:00:00,10,11,88,Tuesday,March,Spring,3254
2024-04-03 00:00:00,13,14,94,Wednesday,April,Spring,18128
2023-04-19 00:00:00,7,8,109,Wednesday,April,Spring,6823
2021-10-25 00:00:00,3,4,298,Monday,October,Fall,2690
2023-06-18 00:00:00,20,21,169,Sunday,June,Summer,4451
2023-02-14 00:00:00,21,22,45,Tuesday,February,Winter,4662
2025-03-23 00:00:00,22,23,82,Sunday,March,Spring,1259
2025-06-27 00:00:00,17,18,178,Friday,June,Summer,9125
2022-08-28 00:00:00,12,13,240,Sunday,August,Summer,8898
2023-07-11 00:00:00,5,6,192,Tuesday,July,Summer,1999
2020-09-09 00:00:00,8,9,253,Wednesday,September,Fall,1078
2024-06-28 00:00:00,18,19,180,Friday,June,Summer,4290
2020-07-29 00:00:00,9,10,211,Wednesday,July,Summer,2120
2023-07-09 00:00:00,16,17,190,Sunday,July,Summer,6674
2024-03-16 00:00:00,18,19,76,Saturday,March,Spring,1211
2023-05-14 00:00:00,10,11,134,Sunday,May,Spring,6013
2025-06-13 00:00:00,2,3,164,Friday,June,Summer,1801
2022-11-09 00:00:00,5,6,313,Wednesday,November,Fall,8441
2022-04-06 00:00:00,6,7,96,Wednesday,April,Spring,5141
2025-08-08 00:00:00,15,16,220,Friday,August,Summer,4706
2025-10-04 00:00:00,7,8,277,Saturday,October,Fall,17338
2020-10-25 00:00:00,2,3,299,Sunday,October,Fall,10696
2021-07-18 00:00:00,8,9,199,Sunday,July,Summer,4398
2021-08-13 00:00:00,18,19,225,Friday,August,Summer,2862
2023-11-04 00:00:00,22,23,308,Saturday,November,Fall,14865
2020-10-27 00:00:00,20,21,301,Tuesday,October,Fall,10606
2023-03-05 00:00:00,21,22,64,Sunday,March,Spring,1000
2022-11-14 00:00:00,0,1,318,Monday,November,Fall,3434
2020-09-10 00:00:00,22,23,254,Thursday,September,Fall,2229
2024-04-20 00:00:00,15,16,111,Saturday,April,Spring,8412
2021-02-15 00:00:00,11,12,46,Monday,February,Winter,12188
2024-04-24 00:00:00,11,12,115,Wednesday,April,Spring,9813
2023-03-14 00:00:00,9,10,73,Tuesday,March,Spring,17911
2022-02-08 00:00:00,16,17,39,Tuesday,February,Winter,4263
2025-01-08 00:00:00,15,16,8,Wednesday,January,Winter,12406
2023-12-04 00:00:00,2,3,338,Monday,December,Winter,13067
2025-06-29 00:00:00,21,22,180,Sunday,June,Summer,2788
2025-11-21 00:00:00,0,1,325,Friday,November,Fall,4327
2021-07-18 00:00:00,11,12,199,Sunday,July,Summer,7976
2024-12-18 00:00:00,5,6,353,Wednesday,December,Winter,13902
2024-12-28 00:00:00,11,12,363,Saturday,December,Winter,4030
2020-08-04 00:00:00,13,14,217,Tuesday,August,Summer,5530
2024-09-21 00:00:00,11,12,265,Saturday,September,Fall,7327
2020-03-25 00:00:00,2,3,85,Wednesday,March,Spring,6439
2021-05-09 00:00:00,17,18,129,Sunday,May,Spring,11507
2023-07-30 00:00:00,17,18,211,Sunday,July,Summer,12058
2022-07-04 00:00:00,13,14,185,Monday,July,Summer,5745
2021-07-05 00:00:00,9,10,186,Monday,July,Summer,4747
2023-02-13 00:00:00,13,14,44,Monday,February,Winter,6722
2020-09-27 00:00:00,5,6,271,Sunday,September,Fall,11489
2025-08-26 00:00:00,22,23,238,Tuesday,August,Summer,2770
2025-01-28 00:00:00,19,20,28,Tuesday,January,Winter,19186
2023-09-05 00:00:00,20,21,248,Tuesday,September,Fall,1711
2020-06-06 00:00:00,19,20,158,Saturday,June,Summer,7194
2023-09-21 00:00:00,0,1,264,Thursday,September,Fall,11271
2021-01-06 00:00:00,4,5,6,Wednesday,January,Winter,1309
2021-06-21 00:00:00,17,18,172,Monday,June,Summer,4642
2020-04-30 00:00:00,1,2,121,Thursday,April,Spring,6717
2024-12-05 00:00:00,6,7,340,Thursday,December,Winter,11663
2022-08-11 00:00:00,6,7,223,Thursday,August,Summer,4434
2023-04-03 00:00:00,17,18,93,Monday,April,Spring,10376
2024-10-09 00:00:00,2,3,283,Wednesday,October,Fall,11147
2021-11-05 00:00:00,14,15,309,Friday,November,Fall,3837
2020-02-19 00:00:00,15,16,50,Wednesday,February,Winter,7030
2024-03-21 00:00:00,15,16,81,Thursday,March,Spring,6064
2021-05-04 00:00:00,3,4,124,Tuesday,May,Spring,13060
2020-07-20 00:00:00,2,3,202,Monday,July,Summer,2745
2020-04-21 00:00:00,12,13,112,Tuesday,April,Spring,5274
2021-09-28 00:00:00,22,23,271,Tuesday,September,Fall,5083
2023-11-16 00:00:00,8,9,320,Thursday,November,Fall,8890
2023-11-16 00:00:00,10,11,320,Thursday,November,Fall,10601
2021-09-05 00:00:00,12,13,248,Sunday,September,Fall,4826
2024-10-30 00:00:00,10,11,304,Wednesday,October,Fall,4815
2021-10-14 00:00:00,7,8,287,Thursday,October,Fall,1998
2024-11-27 00:00:00,11,12,332,Wednesday,November,Fall,18995
2022-07-19 00:00:00,14,15,200,Tuesday,July,Summer,11456
2020-03-18 00:00:00,7,8,78,Wednesday,March,Spring,920
2020-08-02 00:00:00,20,21,215,Sunday,August,Summer,3476
2023-10-08 00:00:00,22,23,281,Sunday,October,Fall,914
2021-01-18 00:00:00,0,1,18,Monday,January,Winter,2046
2023-05-01 00:00:00,5,6,121,Monday,May,Spring,2281
2023-03-27 00:00:00,13,14,86,Monday,March,Spring,7984
2024-09-12 00:00:00,17,18,256,Thursday,September,Fall,9890
2021-06-27 00:00:00,11,12,178,Sunday,June,Summer,2797
2023-04-29 00:00:00,10,11,119,Saturday,April,Spring,3294
2020-02-14 00:00:00,20,21,45,Friday,February,Winter,5101
2020-05-28 00:00:00,20,21,149,Thursday,May,Spring,4584
2020-10-23 00:00:00,21,22,297,Friday,October,Fall,5272
2021-02-09 00:00:00,11,12,40,Tuesday,February,Winter,3261
2020-05-18 00:00:00,17,18,139,Monday,May,Spring,4683
2020-02-16 00:00:00,5,6,47,Sunday,February,Winter,11933
2021-01-17 00:00:00,5,6,17,Sunday,January,Winter,5132
2020-08-22 00:00:00,15,16,235,Saturday,August,Summer,11377
2023-12-02 00:00:00,15,16,336,Saturday,December,Winter,3287
2024-11-19 00:00:00,6,7,324,Tuesday,November,Fall,17507
2022-01-20 00:00:00,23,0,20,Thursday,January,Winter,5476
2021-08-12 00:00:00,4,5,224,Thursday,August,Summer,537
2022-04-12 00:00:00,23,0,102,Tuesday,April,Spring,2391
2024-09-20 00:00:00,1,2,264,Friday,September,Fall,6934
2020-07-24 00:00:00,6,7,206,Friday,July,Summer,1623
2023-07-31 00:00:00,8,9,212,Monday,July,Summer,10483
2021-05-07 00:00:00,15,16,127,Friday,May,Spring,5300
2022-06-19 00:00:00,15,16,170,Sunday,June,Summer,12780
2020-04-26 00:00:00,21,22,117,Sunday,April,Spring,507
2023-05-02 00:00:00,9,10,122,Tuesday,May,Spring,5328
2021-11-06 00:00:00,10,11,310,Saturday,November,Fall,4862
2022-01-11 00:00:00,9,10,11,Tuesday,January,Winter,3441
2023-05-26 00:00:00,12,13,146,Friday,May,Spring,12036
2024-09-22 00:00:00,9,10,266,Sunday,September,Fall,3944
2023-09-04 00:00:00,9,10,247,Monday,September,Fall,7654
2022-05-03 00:00:00,0,1,123,Tuesday,May,Spring,5334
2025-06-15 00:00:00,12,13,166,Sunday,June,Summer,3841
2021-12-18 00:00:00,6,7,352,Saturday,December,Winter,6087
2021-08-02 00:00:00,11,12,214,Monday,August,Summer,4320
2025-08-16 00:00:00,6,7,228,Saturday,August,Summer,7143
2025-06-29 00:00:00,14,15,180,Sunday,June,Summer,4565
2022-02-21 00:00:00,7,8,52,Monday,February,Winter,14866
2025-06-07 00:00:00,21,22,158,Saturday,June,Summer,11062
2025-04-20 00:00:00,15,16,110,Sunday,April,Spring,4558
2023-07-23 00:00:00,2,3,204,Sunday,July,Summer,9075
2025-02-21 00:00:00,15,16,52,Friday,February,Winter,15714
2022-10-19 00:00:00,19,20,292,Wednesday,October,Fall,7944
2024-01-27 00:00:00,0,1,27,Saturday,January,Winter,1873
2021-02-11 00:00:00,8,9,42,Thursday,February,Winter,6113
2023-02-13 00:00:00,21,22,44,Monday,February,Winter,2677
2024-12-06 00:00:00,8,9,341,Friday,December,Winter,13192
2023-01-29 00:00:00,5,6,29,Sunday,January,Winter,1135
2023-04-22 00:00:00,5,6,112,Saturday,April,Spring,4828
2025-02-14 00:00:00,16,17,45,Friday,February,Winter,7129
2021-10-24 00:00:00,23,0,297,Sunday,October,Fall,3283
2025-09-29 00:00:00,8,9,272,Monday,September,Fall,2578
2020-01-20 00:00:00,10,11,20,Monday,January,Winter,6095
2022-01-26 00:00:00,13,14,26,Wednesday,January,Winter,3768
2020-04-06 00:00:00,0,1,97,Monday,April,Spring,7724
2020-01-31 00:00:00,3,4,31,Friday,January,Winter,7998
2022-08-31 00:00:00,5,6,243,Wednesday,August,Summer,2234
2023-04-01 00:00:00,1,2,91,Saturday,April,Spring,16915
2022-11-01 00:00:00,15,16,305,Tuesday,November,Fall,13662
2024-07-30 00:00:00,22,23,212,Tuesday,July,Summer,2503
2025-04-08 00:00:00,19,20,98,Tuesday,April,Spring,2749
2024-09-10 00:00:00,20,21,254,Tuesday,September,Fall,11651
2020-10-31 00:00:00,9,10,305,Saturday,October,Fall,8194
2024-05-07 00:00:00,9,10,128,Tuesday,May,Spring,5090
2021-04-19 00:00:00,0,1,109,Monday,April,Spring,1780
2023-03-12 00:00:00,18,19,71,Sunday,March,Spring,9795
2023-11-19 00:00:00,9,10,323,Sunday,November,Fall,13588
2023-02-14 00:00:00,14,15,45,Tuesday,February,Winter,6281
2020-10-08 00:00:00,23,0,282,Thursday,October,Fall,3679
2024-12-04 00:00:00,18,19,339,Wednesday,December,Winter,3938
2022-08-02 00:00:00,5,6,214,Tuesday,August,Summer,1216
2021-09-05 00:00:00,2,3,248,Sunday,September,Fall,570
2024-01-03 00:00:00,20,21,3,Wednesday,January,Winter,17729
2023-06-02 00:00:00,11,12,153,Friday,June,Summer,10821
2024-12-05 00:00:00,14,15,340,Thursday,December,Winter,16998
2022-05-29 00:00:00,2,3,149,Sunday,May,Spring,6015
2023-08-03 00:00:00,17,18,215,Thursday,August,Summer,9503
2020-08-31 00:00:00,11,12,244,Monday,August,Summer,4591
2021-01-27 00:00:00,13,14,27,Wednesday,January,Winter,5439
2020-08-01 00:00:00,8,9,214,Saturday,August,Summer,2389
2021-07-13 00:00:00,5,6,194,Tuesday,July,Summer,2739
2021-12-05 00:00:00,4,5,339,Sunday,December,Winter,7154
2022-11-04 00:00:00,20,21,308,Friday,November,Fall,6038
2022-10-10 00:00:00,11,12,283,Monday,October,Fall,4346
2023-12-08 00:00:00,6,7,342,Friday,December,Winter,4441
2023-11-19 00:00:00,23,0,323,Sunday,November,Fall,12031
2024-02-19 00:00:00,22,23,50,Monday,February,Winter,4808
2024-03-11 00:00:00,18,19,71,Monday,March,Spring,6774
2022-12-02 00:00:00,21,22,336,Friday,December,Winter,6439
2024-09-15 00:00:00,13,14,259,Sunday,September,Fall,6509
2025-05-13 00:00:00,12,13,133,Tuesday,May,Spring,4040
2024-08-16 00:00:00,3,4,229,Friday,August,Summer,3495
2022-07-04 00:00:00,18,19,185,Monday,July,Summer,4726
2021-12-17 00:00:00,22,23,351,Friday,December,Winter,7175
2022-05-03 00:00:00,17,18,123,Tuesday,May,Spring,4686
2022-11-01 00:00:00,19,20,305,Tuesday,November,Fall,11571
2025-10-23 00:00:00,1,2,296,Thursday,October,Fall,18781
2020-06-02 00:00:00,7,8,154,Tuesday,June,Summer,1582
2023-07-30 00:00:00,6,7,211,Sunday,July,Summer,5034
2024-10-18 00:00:00,10,11,292,Friday,October,Fall,3726
2021-01-24 00:00:00,17,18,24,Sunday,January,Winter,7785
2024-06-07 00:00:00,18,19,159,Friday,June,Summer,3850
2022-09-17 00:00:00,6,7,260,Saturday,September,Fall,5298
2023-08-01 00:00:00,14,15,213,Tuesday,August,Summer,16261
2024-08-09 00:00:00,2,3,222,Friday,August,Summer,4379
2025-04-01 00:00:00,0,1,91,Tuesday,April,Spring,10918
2020-10-12 00:00:00,8,9,286,Monday,October,Fall,1885
2021-12-29 00:00:00,17,18,363,Wednesday,December,Winter,13972
2025-09-20 00:00:00,13,14,263,Saturday,September,Fall,14676
2023-01-20 00:00:00,11,12,20,Friday,January,Winter,5568
2025-10-16 00:00:00,3,4,289,Thursday,October,Fall,4675
2024-10-24 00:00:00,9,10,298,Thursday,October,Fall,6471
2021-11-19 00:00:00,20,21,323,Friday,November,Fall,1780
2021-12-16 00:00:00,12,13,350,Thursday,December,Winter,5603
2022-05-08 00:00:00,7,8,128,Sunday,May,Spring,3729
2024-11-18 00:00:00,8,9,323,Monday,November,Fall,8868
2024-07-22 00:00:00,3,4,204,Monday,July,Summer,3600
2021-11-10 00:00:00,9,10,314,Wednesday,November,Fall,1404
2021-04-30 00:00:00,21,22,120,Friday,April,Spring,1194
2024-11-15 00:00:00,23,0,320,Friday,November,Fall,1734
2021-06-04 00:00:00,5,6,155,Friday,June,Summer,1719
2020-03-16 00:00:00,22,23,76,Monday,March,Spring,1639
2022-01-20 00:00:00,20,21,20,Thursday,January,Winter,5362
2022-03-12 00:00:00,7,8,71,Saturday,March,Spring,6226
2025-10-29 00:00:00,18,19,302,Wednesday,October,Fall,8314
2021-09-26 00:00:00,5,6,269,Sunday,September,Fall,2237
2022-07-08 00:00:00,15,16,189,Friday,July,Summer,9095
2021-12-04 00:00:00,0,1,338,Saturday,December,Winter,9482
2023-10-13 00:00:00,23,0,286,Friday,October,Fall,14400
2023-11-18 00:00:00,22,23,322,Saturday,November,Fall,12095
2023-11-07 00:00:00,6,7,311,Tuesday,November,Fall,6851
2022-09-02 00:00:00,19,20,245,Friday,September,Fall,1443
2024-02-23 00:00:00,9,10,54,Friday,February,Winter,15039
2020-09-05 00:00:00,4,5,249,Saturday,September,Fall,2634
2025-11-01 00:00:00,6,7,305,Saturday,November,Fall,14454
2025-11-18 00:00:00,19,20,322,Tuesday,November,Fall,7882
2021-05-27 00:00:00,17,18,147,Thursday,May,Spring,3912
2021-02-11 00:00:00,15,16,42,Thursday,February,Winter,8683
2022-08-31 00:00:00,20,21,243,Wednesday,August,Summer,2951
2023-06-21 00:00:00,15,16,172,Wednesday,June,Summer,4753
2022-08-30 00:00:00,22,23,242,Tuesday,August,Summer,3271
2021-10-11 00:00:00,20,21,284,Monday,October,Fall,3153
2023-10-07 00:00:00,23,0,280,Saturday,October,Fall,3526
2020-08-27 00:00:00,23,0,240,Thursday,August,Summer,7497
2021-07-22 00:00:00,9,10,203,Thursday,July,Summer,2992
2024-08-01 00:00:00,1,2,214,Thursday,August,Summer,1611
2021-06-01 00:00:00,21,22,152,Tuesday,June,Summer,3763
2021-09-21 00:00:00,14,15,264,Tuesday,September,Fall,5163
2024-09-09 00:00:00,5,6,253,Monday,September,Fall,8521
2025-01-31 00:00:00,12,13,31,Friday,January,Winter,8937
2025-06-03 00:00:00,6,7,154,Tuesday,June,Summer,2426
2021-06-25 00:00:00,12,13,176,Friday,June,Summer,5768
2022-06-18 00:00:00,7,8,169,Saturday,June,Summer,2323
2023-02-26 00:00:00,18,19,57,Sunday,February,Winter,15728
2022-03-11 00:00:00,21,22,70,Friday,March,Spring,10519
2022-06-01 00:00:00,17,18,152,Wednesday,June,Summer,5214
2022-06-19 00:00:00,7,8,170,Sunday,June,Summer,6948
2022-09-08 00:00:00,10,11,251,Thursday,September,Fall,8695
2022-08-02 00:00:00,1,2,214,Tuesday,August,Summer,1310
2024-11-26 00:00:00,1,2,331,Tuesday,November,Fall,6445
2023-12-13 00:00:00,6,7,347,Wednesday,December,Winter,7828
2025-07-12 00:00:00,20,21,193,Saturday,July,Summer,3909
2022-10-16 00:00:00,18,19,289,Sunday,October,Fall,4704
2020-04-12 00:00:00,21,22,103,Sunday,April,Spring,2322
2023-12-25 00:00:00,16,17,359,Monday,December,Winter,12230
2021-06-18 00:00:00,17,18,169,Friday,June,Summer,9367
2023-10-18 00:00:00,1,2,291,Wednesday,October,Fall,10499
2022-01-12 00:00:00,11,12,12,Wednesday,January,Winter,4584
2023-04-29 00:00:00,22,23,119,Saturday,April,Spring,2714
2021-09-21 00:00:00,23,0,264,Tuesday,September,Fall,3306
2023-08-08 00:00:00,12,13,220,Tuesday,August,Summer,9733
2021-08-01 00:00:00,4,5,213,Sunday,August,Summer,2348
2020-02-10 00:00:00,21,22,41,Monday,February,Winter,12959
2020-10-31 00:00:00,4,5,305,Saturday,October,Fall,3069
2024-12-31 00:00:00,17,18,366,Tuesday,December,Winter,9036
2023-10-28 00:00:00,4,5,301,Saturday,October,Fall,11930
2025-07-19 00:00:00,1,2,200,Saturday,July,Summer,4635
2023-09-15 00:00:00,19,20,258,Friday,September,Fall,2659
2021-07-12 00:00:00,7,8,193,Monday,July,Summer,2324
2020-11-28 00:00:00,13,14,333,Saturday,November,Fall,3710
2023-01-10 00:00:00,14,15,10,Tuesday,January,Winter,15777
2021-12-13 00:00:00,1,2,347,Monday,December,Winter,1678
2021-12-23 00:00:00,13,14,357,Thursday,December,Winter,8130
2024-12-13 00:00:00,9,10,348,Friday,December,Winter,2960
2022-04-19 00:00:00,3,4,109,Tuesday,April,Spring,2818
2023-08-30 00:00:00,23,0,242,Wednesday,August,Summer,3483
2023-03-14 00:00:00,22,23,73,Tuesday,March,Spring,5023
2022-05-06 00:00:00,18,19,126,Friday,May,Spring,4837
2025-03-23 00:00:00,8,9,82,Sunday,March,Spring,5996
2022-01-16 00:00:00,3,4,16,Sunday,January,Winter,1801
2023-08-26 00:00:00,0,1,238,Saturday,August,Summer,2861
2025-04-17 00:00:00,3,4,107,Thursday,April,Spring,2565
2025-04-10 00:00:00,10,11,100,Thursday,April,Spring,10273
2021-08-23 00:00:00,21,22,235,Monday,August,Summer,5030
2023-11-21 00:00:00,15,16,325,Tuesday,November,Fall,7176
2024-08-18 00:00:00,19,20,231,Sunday,August,Summer,5352
2024-11-04 00:00:00,3,4,309,Monday,November,Fall,2776
2021-08-07 00:00:00,2,3,219,Saturday,August,Summer,3294
2022-11-27 00:00:00,15,16,331,Sunday,November,Fall,6839
2021-03-27 00:00:00,2,3,86,Saturday,March,Spring,9516
2022-03-12 00:00:00,22,23,71,Saturday,March,Spring,9748
2025-10-17 00:00:00,5,6,290,Friday,October,Fall,5096
2025-04-10 00:00:00,17,18,100,Thursday,April,Spring,10743
2022-08-21 00:00:00,0,1,233,Sunday,August,Summer,791
2021-02-11 00:00:00,6,7,42,Thursday,February,Winter,5196
2021-03-31 00:00:00,23,0,90,Wednesday,March,Spring,1435
2020-06-19 00:00:00,6,7,171,Friday,June,Summer,1906
2020-02-26 00:00:00,13,14,57,Wednesday,February,Winter,13169
2023-10-21 00:00:00,11,12,294,Saturday,October,Fall,20374
2023-11-07 00:00:00,8,9,311,Tuesday,November,Fall,8207
2025-07-29 00:00:00,0,1,210,Tuesday,July,Summer,3104
2020-02-19 00:00:00,10,11,50,Wednesday,February,Winter,7379
2023-04-03 00:00:00,13,14,93,Monday,April,Spring,11458
2021-02-25 00:00:00,19,20,56,Thursday,February,Winter,1854
2021-02-25 00:00:00,2,3,56,Thursday,February,Winter,5371
2024-09-28 00:00:00,11,12,272,Saturday,September,Fall,8533
2023-02-22 00:00:00,14,15,53,Wednesday,February,Winter,3581
2025-03-05 00:00:00,11,12,64,Wednesday,March,Spring,9526
2023-09-11 00:00:00,1,2,254,Monday,September,Fall,2249
2020-12-06 00:00:00,20,21,341,Sunday,December,Winter,1761
2025-10-03 00:00:00,14,15,276,Friday,October,Fall,11497
2022-11-28 00:00:00,4,5,332,Monday,November,Fall,4489
2020-05-03 00:00:00,22,23,124,Sunday,May,Spring,705
2021-02-19 00:00:00,13,14,50,Friday,February,Winter,8744
2020-01-16 00:00:00,16,17,16,Thursday,January,Winter,9123
2021-11-18 00:00:00,13,14,322,Thursday,November,Fall,3746
2022-12-13 00:00:00,6,7,347,Tuesday,December,Winter,6219
2021-05-26 00:00:00,12,13,146,Wednesday,May,Spring,10892
2020-05-28 00:00:00,22,23,149,Thursday,May,Spring,6074
2022-05-16 00:00:00,22,23,136,Monday,May,Spring,599
2021-02-08 00:00:00,10,11,39,Monday,February,Winter,2084
2022-08-25 00:00:00,12,13,237,Thursday,August,Summer,6443
2024-03-12 00:00:00,0,1,72,Tuesday,March,Spring,5402
2022-03-08 00:00:00,21,22,67,Tuesday,March,Spring,5703
2025-04-06 00:00:00,22,23,96,Sunday,April,Spring,10147
2023-12-01 00:00:00,21,22,335,Friday,December,Winter,5091
2024-02-01 00:00:00,13,14,32,Thursday,February,Winter,3991
2021-03-19 00:00:00,5,6,78,Friday,March,Spring,5515
2020-11-22 00:00:00,2,3,327,Sunday,November,Fall,2036
2023-01-29 00:00:00,6,7,29,Sunday,January,Winter,1089
2020-02-03 00:00:00,23,0,34,Monday,February,Winter,10296
2025-08-22 00:00:00,22,23,234,Friday,August,Summer,3100
2023-12-30 00:00:00,21,22,364,Saturday,December,Winter,14946
2020-06-14 00:00:00,6,7,166,Sunday,June,Summer,2981
2025-05-20 00:00:00,11,12,140,Tuesday,May,Spring,7909
2021-05-27 00:00:00,19,20,147,Thursday,May,Spring,1951
2024-11-28 00:00:00,12,13,333,Thursday,November,Fall,5112
2025-06-12 00:00:00,20,21,163,Thursday,June,Summer,2592
2021-12-02 00:00:00,4,5,336,Thursday,December,Winter,6595
2023-04-06 00:00:00,1,2,96,Thursday,April,Spring,1240
2022-08-29 00:00:00,21,22,241,Monday,August,Summer,5149
2024-04-22 00:00:00,2,3,113,Monday,April,Spring,7693
2022-04-07 00:00:00,21,22,97,Thursday,April,Spring,13300
2020-08-17 00:00:00,8,9,230,Monday,August,Summer,2329
2020-04-08 00:00:00,0,1,99,Wednesday,April,Spring,3294
2022-06-27 00:00:00,2,3,178,Monday,June,Summer,1132
2022-11-08 00:00:00,13,14,312,Tuesday,November,Fall,13921
2024-07-27 00:00:00,1,2,209,Saturday,July,Summer,418
2025-08-05 00:00:00,16,17,217,Tuesday,August,Summer,7613
2020-05-01 00:00:00,10,11,122,Friday,May,Spring,8012
2022-06-22 00:00:00,5,6,173,Wednesday,June,Summer,3322
2020-01-10 00:00:00,0,1,10,Friday,January,Winter,9719
2024-02-26 00:00:00,3,4,57,Monday,February,Winter,9462
2023-08-03 00:00:00,18,19,215,Thursday,August,Summer,7651
2020-11-06 00:00:00,0,1,311,Friday,November,Fall,7462
2025-05-12 00:00:00,18,19,132,Monday,May,Spring,4886
2023-02-04 00:00:00,6,7,35,Saturday,February,Winter,2724
2021-09-08 00:00:00,16,17,251,Wednesday,September,Fall,5846
2023-02-16 00:00:00,19,20,47,Thursday,February,Winter,7525
2022-05-12 00:00:00,8,9,132,Thursday,May,Spring,1922
2025-11-12 00:00:00,0,1,316,Wednesday,November,Fall,13071
2020-07-07 00:00:00,11,12,189,Tuesday,July,Summer,4694
2021-03-18 00:00:00,13,14,77,Thursday,March,Spring,6015
2020-08-02 00:00:00,7,8,215,Sunday,August,Summer,2829
2020-01-28 00:00:00,8,9,28,Tuesday,January,Winter,12847
2023-10-06 00:00:00,0,1,279,Friday,October,Fall,1366
2024-06-27 00:00:00,10,11,179,Thursday,June,Summer,5860
2024-08-30 00:00:00,12,13,243,Friday,August,Summer,8694
2025-11-22 00:00:00,5,6,326,Saturday,November,Fall,4673
2024-01-08 00:00:00,13,14,8,Monday,January,Winter,11588
2025-08-10 00:00:00,12,13,222,Sunday,August,Summer,4763
2024-04-30 00:00:00,10,11,121,Tuesday,April,Spring,6800
2024-09-05 00:00:00,12,13,249,Thursday,September,Fall,7713
2024-06-18 00:00:00,5,6,170,Tuesday,June,Summer,2850
2020-08-11 00:00:00,22,23,224,Tuesday,August,Summer,1326
2024-11-18 00:00:00,4,5,323,Monday,November,Fall,9025
2025-03-03 00:00:00,21,22,62,Monday,March,Spring,4149
2020-06-16 00:00:00,9,10,168,Tuesday,June,Summer,2228
2023-11-05 00:00:00,11,12,309,Sunday,November,Fall,19077
2020-07-10 00:00:00,9,10,192,Friday,July,Summer,4371
2023-10-29 00:00:00,18,19,302,Sunday,October,Fall,12320
2020-06-25 00:00:00,1,2,177,Thursday,June,Summer,3877
2023-11-27 00:00:00,2,3,331,Monday,November,Fall,7464
2023-09-10 00:00:00,22,23,253,Sunday,September,Fall,2837
2024-03-25 00:00:00,22,23,85,Monday,March,Spring,8875
2021-11-11 00:00:00,2,3,315,Thursday,November,Fall,1151
2020-09-21 00:00:00,10,11,265,Monday,September,Fall,1691
2021-01-17 00:00:00,21,22,17,Sunday,January,Winter,2503
2024-06-16 00:00:00,20,21,168,Sunday,June,Summer,3886
2020-05-25 00:00:00,5,6,146,Monday,May,Spring,2382
2025-09-30 00:00:00,6,7,273,Tuesday,September,Fall,1558
2025-02-19 00:00:00,6,7,50,Wednesday,February,Winter,8798
2022-11-18 00:00:00,22,23,322,Friday,November,Fall,3150
2021-01-04 00:00:00,10,11,4,Monday,January,Winter,2038
2022-06-04 00:00:00,13,14,155,Saturday,June,Summer,5744
2021-12-14 00:00:00,10,11,348,Tuesday,December,Winter,2182
2025-06-14 00:00:00,2,3,165,Saturday,June,Summer,5142
2024-07-11 00:00:00,8,9,193,Thursday,July,Summer,2417
2025-03-31 00:00:00,13,14,90,Monday,March,Spring,12362
2025-01-06 00:00:00,6,7,6,Monday,January,Winter,18722
2021-12-16 00:00:00,8,9,350,Thursday,December,Winter,2732
2021-06-12 00:00:00,22,23,163,Saturday,June,Summer,2432
2020-07-09 00:00:00,17,18,191,Thursday,July,Summer,6646
2022-02-18 00:00:00,18,19,49,Friday,February,Winter,13238
2021-02-13 00:00:00,14,15,44,Saturday,February,Winter,9991
2021-12-16 00:00:00,7,8,350,Thursday,December,Winter,2497
2024-12-15 00:00:00,8,9,350,Sunday,December,Winter,6048
2021-07-10 00:00:00,10,11,191,Saturday,July,Summer,3276
2025-11-29 00:00:00,18,19,333,Saturday,November,Fall,10196
2021-02-10 00:00:00,21,22,41,Wednesday,February,Winter,4420
2024-07-29 00:00:00,12,13,211,Monday,July,Summer,10129
2023-01-20 00:00:00,9,10,20,Friday,January,Winter,3401
2022-09-10 00:00:00,16,17,253,Saturday,September,Fall,7701
2022-12-23 00:00:00,16,17,357,Friday,December,Winter,15011
2023-12-09 00:00:00,4,5,343,Saturday,December,Winter,9880
2023-03-19 00:00:00,16,17,78,Sunday,March,Spring,6813
2020-11-30 00:00:00,4,5,335,Monday,November,Fall,1329
2021-05-24 00:00:00,4,5,144,Monday,May,Spring,8666
2022-01-27 00:00:00,9,10,27,Thursday,January,Winter,5055
2022-10-19 00:00:00,0,1,292,Wednesday,October,Fall,5532
2023-01-17 00:00:00,19,20,17,Tuesday,January,Winter,4973
2025-10-13 00:00:00,18,19,286,Monday,October,Fall,7387
2025-05-01 00:00:00,12,13,121,Thursday,May,Spring,5191
2020-07-02 00:00:00,21,22,184,Thursday,July,Summer,3656
2022-05-14 00:00:00,11,12,134,Saturday,May,Spring,5901
2024-09-04 00:00:00,1,2,248,Wednesday,September,Fall,1022
2021-05-16 00:00:00,3,4,136,Sunday,May,Spring,4872
2022-02-24 00:00:00,9,10,55,Thursday,February,Winter,9070
2025-11-06 00:00:00,3,4,310,Thursday,November,Fall,8939
2023-01-28 00:00:00,17,18,28,Saturday,January,Winter,3752
2023-04-05 00:00:00,1,2,95,Wednesday,April,Spring,2623
2024-03-08 00:00:00,18,19,68,Friday,March,Spring,9798
2022-09-09 00:00:00,5,6,252,Friday,September,Fall,8652
2025-06-23 00:00:00,11,12,174,Monday,June,Summer,7643
2024-03-04 00:00:00,2,3,64,Monday,March,Spring,3900
2025-02-21 00:00:00,8,9,52,Friday,February,Winter,13537
2023-10-31 00:00:00,10,11,304,Tuesday,October,Fall,9320
2024-08-11 00:00:00,2,3,224,Sunday,August,Summer,3520
2023-12-12 00:00:00,14,15,346,Tuesday,December,Winter,11858
2021-01-18 00:00:00,6,7,18,Monday,January,Winter,2493
2024-08-03 00:00:00,4,5,216,Saturday,August,Summer,3502
2025-05-17 00:00:00,9,10,137,Saturday,May,Spring,6696
2021-11-14 00:00:00,18,19,318,Sunday,November,Fall,4424
2023-06-20 00:00:00,4,5,171,Tuesday,June,Summer,3307
2022-03-21 00:00:00,7,8,80,Monday,March,Spring,4387
2020-04-19 00:00:00,13,14,110,Sunday,April,Spring,3115
2024-07-06 00:00:00,4,5,188,Saturday,July,Summer,8305
2023-05-14 00:00:00,23,0,134,Sunday,May,Spring,4043
2022-12-19 00:00:00,2,3,353,Monday,December,Winter,12288
2020-09-23 00:00:00,14,15,267,Wednesday,September,Fall,8545
2024-04-20 00:00:00,4,5,111,Saturday,April,Spring,6904
2020-07-21 00:00:00,21,22,203,Tuesday,July,Summer,4406
2020-04-25 00:00:00,3,4,116,Saturday,April,Spring,1779
2023-06-10 00:00:00,4,5,161,Saturday,June,Summer,2713
2024-02-11 00:00:00,17,18,42,Sunday,February,Winter,12006
2022-07-06 00:00:00,12,13,187,Wednesday,July,Summer,7683
2022-02-05 00:00:00,19,20,36,Saturday,February,Winter,9947
2020-05-28 00:00:00,23,0,149,Thursday,May,Spring,6736
2025-09-17 00:00:00,2,3,260,Wednesday,September,Fall,2575
2025-08-08 00:00:00,8,9,220,Friday,August,Summer,3228
2020-03-09 00:00:00,22,23,69,Monday,March,Spring,8872
2024-03-11 00:00:00,21,22,71,Monday,March,Spring,6066
2025-05-14 00:00:00,17,18,134,Wednesday,May,Spring,7679
2020-02-04 00:00:00,1,2,35,Tuesday,February,Winter,10533
2020-08-11 00:00:00,18,19,224,Tuesday,August,Summer,2040
2023-10-13 00:00:00,17,18,286,Friday,October,Fall,15965
2022-06-16 00:00:00,19,20,167,Thursday,June,Summer,1895
2020-12-08 00:00:00,8,9,343,Tuesday,December,Winter,2188
2021-03-29 00:00:00,14,15,88,Monday,March,Spring,5986
2025-06-15 00:00:00,9,10,166,Sunday,June,Summer,3778
2024-01-20 00:00:00,12,13,20,Saturday,January,Winter,6835
2025-02-17 00:00:00,23,0,48,Monday,February,Winter,3993
2021-12-03 00:00:00,7,8,337,Friday,December,Winter,6171
2023-05-30 00:00:00,8,9,150,Tuesday,May,Spring,9640
2020-02-03 00:00:00,15,16,34,Monday,February,Winter,8538
2025-01-22 00:00:00,12,13,22,Wednesday,January,Winter,6417
2021-12-27 00:00:00,21,22,361,Monday,December,Winter,12569
2020-11-08 00:00:00,11,12,313,Sunday,November,Fall,3996
2023-09-20 00:00:00,21,22,263,Wednesday,September,Fall,10365
2024-03-11 00:00:00,17,18,71,Monday,March,Spring,8030
2024-07-16 00:00:00,9,10,198,Tuesday,July,Summer,11662
2025-03-26 00:00:00,19,20,85,Wednesday,March,Spring,3745
2023-02-18 00:00:00,1,2,49,Saturday,February,Winter,5595
2024-07-18 00:00:00,16,17,200,Thursday,July,Summer,7212
2020-05-08 00:00:00,4,5,129,Friday,May,Spring,2082
2023-09-18 00:00:00,16,17,261,Monday,September,Fall,14252
2023-08-10 00:00:00,12,13,222,Thursday,August,Summer,7330
2020-09-07 00:00:00,19,20,251,Monday,September,Fall,2004
2020-10-03 00:00:00,16,17,277,Saturday,October,Fall,6727
2021-05-26 00:00:00,2,3,146,Wednesday,May,Spring,5529
2022-01-23 00:00:00,4,5,23,Sunday,January,Winter,1749
2022-06-14 00:00:00,9,10,165,Tuesday,June,Summer,4214
2021-01-20 00:00:00,9,10,20,Wednesday,January,Winter,12999
2025-04-01 00:00:00,6,7,91,Tuesday,April,Spring,10967
2020-02-15 00:00:00,12,13,46,Saturday,February,Winter,11448
2022-03-24 00:00:00,10,11,83,Thursday,March,Spring,5742
2025-09-05 00:00:00,1,2,248,Friday,September,Fall,4105
2023-01-12 00:00:00,12,13,12,Thursday,January,Winter,18306
2022-11-06 00:00:00,19,20,310,Sunday,November,Fall,11005
2022-03-08 00:00:00,17,18,67,Tuesday,March,Spring,3785
2020-12-24 00:00:00,22,23,359,Thursday,December,Winter,7846
2020-09-10 00:00:00,15,16,254,Thursday,September,Fall,2992
2024-04-28 00:00:00,1,2,119,Sunday,April,Spring,10254
2020-05-09 00:00:00,0,1,130,Saturday,May,Spring,2676
2020-12-03 00:00:00,12,13,338,Thursday,December,Winter,9711
2024-07-20 00:00:00,0,1,202,Saturday,July,Summer,1818
2021-08-10 00:00:00,0,1,222,Tuesday,August,Summer,1225
2024-04-25 00:00:00,14,15,116,Thursday,April,Spring,7534
2021-10-12 00:00:00,19,20,285,Tuesday,October,Fall,3353
2020-06-13 00:00:00,11,12,165,Saturday,June,Summer,4955
2023-07-31 00:00:00,7,8,212,Monday,July,Summer,9176
2020-02-07 00:00:00,15,16,38,Friday,February,Winter,5046
2025-04-08 00:00:00,3,4,98,Tuesday,April,Spring,2900
2022-10-29 00:00:00,16,17,302,Saturday,October,Fall,6799
2020-03-17 00:00:00,13,14,77,Tuesday,March,Spring,2613
2025-07-16 00:00:00,19,20,197,Wednesday,July,Summer,7811
2025-11-09 00:00:00,21,22,313,Sunday,November,Fall,5570
2021-08-15 00:00:00,18,19,227,Sunday,August,Summer,8013
2020-08-31 00:00:00,8,9,244,Monday,August,Summer,2550
2020-02-10 00:00:00,7,8,41,Monday,February,Winter,11091
2022-03-20 00:00:00,3,4,79,Sunday,March,Spring,5262
2022-02-16 00:00:00,6,7,47,Wednesday,February,Winter,14791
2022-10-17 00:00:00,22,23,290,Monday,October,Fall,1822
2025-03-28 00:00:00,2,3,87,Friday,March,Spring,2114
2020-06-07 00:00:00,1,2,159,Sunday,June,Summer,3654
2020-08-17 00:00:00,5,6,230,Monday,August,Summer,1922
2025-04-22 00:00:00,8,9,112,Tuesday,April,Spring,2305
2021-09-06 00:00:00,3,4,249,Monday,September,Fall,1319
2024-09-04 00:00:00,0,1,248,Wednesday,September,Fall,1181
2025-01-20 00:00:00,20,21,20,Monday,January,Winter,1179
2020-07-13 00:00:00,13,14,195,Monday,July,Summer,4705
2021-06-03 00:00:00,15,16,154,Thursday,June,Summer,3805
2025-04-09 00:00:00,8,9,99,Wednesday,April,Spring,5564
2024-07-25 00:00:00,15,16,207,Thursday,July,Summer,9796
2020-09-13 00:00:00,21,22,257,Sunday,September,Fall,1634
2024-07-18 00:00:00,3,4,200,Thursday,July,Summer,2282
2024-06-16 00:00:00,11,12,168,Sunday,June,Summer,7228
2025-01-15 00:00:00,7,8,15,Wednesday,January,Winter,2998
2023-04-12 00:00:00,10,11,102,Wednesday,April,Spring,11551
2023-09-30 00:00:00,15,16,273,Saturday,September,Fall,6238
2025-10-31 00:00:00,12,13,304,Friday,October,Fall,13978
2025-02-20 00:00:00,15,16,51,Thursday,February,Winter,10442
2021-12-07 00:00:00,4,5,341,Tuesday,December,Winter,5875
2021-12-19 00:00:00,2,3,353,Sunday,December,Winter,3858
2021-09-11 00:00:00,6,7,254,Saturday,September,Fall,1304
2022-07-13 00:00:00,3,4,194,Wednesday,July,Summer,1284
2025-07-26 00:00:00,1,2,207,Saturday,July,Summer,2898
2025-05-06 00:00:00,13,14,126,Tuesday,May,Spring,15086
2022-12-20 00:00:00,7,8,354,Tuesday,December,Winter,13290
2020-08-28 00:00:00,23,0,241,Friday,August,Summer,2992
2023-01-20 00:00:00,7,8,20,Friday,January,Winter,2459
2024-02-19 00:00:00,20,21,50,Monday,February,Winter,5970
2021-06-26 00:00:00,13,14,177,Saturday,June,Summer,4853
2024-05-29 00:00:00,15,16,150,Wednesday,May,Spring,11061
2021-06-13 00:00:00,2,3,164,Sunday,June,Summer,3335
2024-08-26 00:00:00,2,3,239,Monday,August,Summer,2474
2021-06-10 00:00:00,20,21,161,Thursday,June,Summer,1433
2020-09-12 00:00:00,21,22,256,Saturday,September,Fall,1498
2022-02-14 00:00:00,2,3,45,Monday,February,Winter,13708
2022-07-14 00:00:00,15,16,195,Thursday,July,Summer,9365
2022-09-01 00:00:00,2,3,244,Thursday,September,Fall,3710
2023-07-25 00:00:00,8,9,206,Tuesday,July,Summer,6136
2025-06-27 00:00:00,15,16,178,Friday,June,Summer,11359
2024-05-26 00:00:00,3,4,147,Sunday,May,Spring,4941
2022-04-04 00:00:00,0,1,94,Monday,April,Spring,1493
2021-10-24 00:00:00,3,4,297,Sunday,October,Fall,4122
2021-11-11 00:00:00,21,22,315,Thursday,November,Fall,870
2020-12-15 00:00:00,3,4,350,Tuesday,December,Winter,4872
2022-01-08 00:00:00,17,18,8,Saturday,January,Winter,15073
2020-07-23 00:00:00,22,23,205,Thursday,July,Summer,1571
2020-07-18 00:00:00,22,23,200,Saturday,July,Summer,1461
2021-12-12 00:00:00,16,17,346,Sunday,December,Winter,2570
2022-04-05 00:00:00,9,10,95,Tuesday,April,Spring,6905
2023-07-17 00:00:00,5,6,198,Monday,July,Summer,2324
2020-04-20 00:00:00,7,8,111,Monday,April,Spring,5618
2021-01-18 00:00:00,7,8,18,Monday,January,Winter,2566
2021-08-24 00:00:00,18,19,236,Tuesday,August,Summer,11067
2021-01-28 00:00:00,8,9,28,Thursday,January,Winter,13948
2020-02-27 00:00:00,21,22,58,Thursday,February,Winter,7033
2025-05-04 00:00:00,15,16,124,Sunday,May,Spring,7299
2020-09-01 00:00:00,9,10,245,Tuesday,September,Fall,2103
2024-11-11 00:00:00,7,8,316,Monday,November,Fall,3528
2021-10-24 00:00:00,11,12,297,Sunday,October,Fall,6109
2022-11-11 00:00:00,5,6,315,Friday,November,Fall,3169
2020-01-08 00:00:00,1,2,8,Wednesday,January,Winter,5852
2021-01-13 00:00:00,4,5,13,Wednesday,January,Winter,3236
2021-08-10 00:00:00,14,15,222,Tuesday,August,Summer,5787
2025-04-02 00:00:00,2,3,92,Wednesday,April,Spring,15114
2021-03-01 00:00:00,17,18,60,Monday,March,Spring,3239
2022-11-30 00:00:00,9,10,334,Wednesday,November,Fall,2060
2020-01-14 00:00:00,18,19,14,Tuesday,January,Winter,12733
2020-10-12 00:00:00,10,11,286,Monday,October,Fall,3235
2024-03-29 00:00:00,20,21,89,Friday,March,Spring,5982
2025-10-12 00:00:00,15,16,285,Sunday,October,Fall,11438
2020-12-21 00:00:00,3,4,356,Monday,December,Winter,6804
2024-09-16 00:00:00,15,16,260,Monday,September,Fall,10670
2023-04-07 00:00:00,12,13,97,Friday,April,Spring,7303
2024-07-21 00:00:00,16,17,203,Sunday,July,Summer,8390
2024-10-31 00:00:00,13,14,305,Thursday,October,Fall,4724
2020-02-21 00:00:00,13,14,52,Friday,February,Winter,8359
2021-09-01 00:00:00,19,20,244,Wednesday,September,Fall,6601
2024-03-10 00:00:00,20,21,70,Sunday,March,Spring,1487
2020-08-12 00:00:00,16,17,225,Wednesday,August,Summer,3514
2023-08-26 00:00:00,4,5,238,Saturday,August,Summer,3719
2022-03-02 00:00:00,9,10,61,Wednesday,March,Spring,3208
2022-01-03 00:00:00,8,9,3,Monday,January,Winter,9363
2025-02-13 00:00:00,11,12,44,Thursday,February,Winter,4235
2024-04-10 00:00:00,8,9,101,Wednesday,April,Spring,3966
2021-03-22 00:00:00,19,20,81,Monday,March,Spring,2676
2025-01-10 00:00:00,10,11,10,Friday,January,Winter,5399
2023-10-06 00:00:00,15,16,279,Friday,October,Fall,6868
2024-04-29 00:00:00,15,16,120,Monday,April,Spring,7027
2024-07-13 00:00:00,5,6,195,Saturday,July,Summer,896
2021-11-14 00:00:00,15,16,318,Sunday,November,Fall,4245
2023-12-10 00:00:00,10,11,344,Sunday,December,Winter,14883
2022-06-13 00:00:00,19,20,164,Monday,June,Summer,2895
2024-09-21 00:00:00,7,8,265,Saturday,September,Fall,3743
2025-07-09 00:00:00,2,3,190,Wednesday,July,Summer,1777
2024-08-18 00:00:00,13,14,231,Sunday,August,Summer,10781
2023-02-03 00:00:00,7,8,34,Friday,February,Winter,6517
2021-12-12 00:00:00,17,18,346,Sunday,December,Winter,2137
2021-05-10 00:00:00,1,2,130,Monday,May,Spring,7851
2022-06-24 00:00:00,20,21,175,Friday,June,Summer,6156
2020-03-17 00:00:00,3,4,77,Tuesday,March,Spring,1308
2024-07-24 00:00:00,8,9,206,Wednesday,July,Summer,2606
2023-10-27 00:00:00,3,4,300,Friday,October,Fall,8707
2025-08-17 00:00:00,10,11,229,Sunday,August,Summer,9267
2020-09-17 00:00:00,16,17,261,Thursday,September,Fall,8119
2025-09-30 00:00:00,5,6,273,Tuesday,September,Fall,1392
2024-10-03 00:00:00,7,8,277,Thursday,October,Fall,7039
2021-03-28 00:00:00,7,8,87,Sunday,March,Spring,3564
2025-07-17 00:00:00,23,0,198,Thursday,July,Summer,1610
2022-02-26 00:00:00,10,11,57,Saturday,February,Winter,7670
2025-07-03 00:00:00,15,16,184,Thursday,July,Summer,9564
2025-03-07 00:00:00,18,19,66,Friday,March,Spring,5888
2024-08-08 00:00:00,4,5,221,Thursday,August,Summer,1215
2023-09-23 00:00:00,8,9,266,Saturday,September,Fall,3488
2021-04-28 00:00:00,11,12,118,Wednesday,April,Spring,2519
2022-09-10 00:00:00,14,15,253,Saturday,September,Fall,8766
2025-03-31 00:00:00,8,9,90,Monday,March,Spring,5433
2024-07-16 00:00:00,4,5,198,Tuesday,July,Summer,8021
2025-08-20 00:00:00,11,12,232,Wednesday,August,Summer,7286
2023-01-06 00:00:00,13,14,6,Friday,January,Winter,8675
2023-08-17 00:00:00,20,21,229,Thursday,August,Summer,1803
2024-03-15 00:00:00,5,6,75,Friday,March,Spring,9919
2020-12-04 00:00:00,0,1,339,Friday,December,Winter,12195
2021-12-21 00:00:00,4,5,355,Tuesday,December,Winter,2850
2024-06-09 00:00:00,22,23,161,Sunday,June,Summer,5084
2022-06-14 00:00:00,8,9,165,Tuesday,June,Summer,3413
2023-08-27 00:00:00,6,7,239,Sunday,August,Summer,2812
2025-01-06 00:00:00,12,13,6,Monday,January,Winter,18898
2020-03-06 00:00:00,20,21,66,Friday,March,Spring,4508
2021-12-30 00:00:00,12,13,364,Thursday,December,Winter,9277
2022-12-06 00:00:00,6,7,340,Tuesday,December,Winter,1632
2024-06-21 00:00:00,1,2,173,Friday,June,Summer,1325
2025-02-01 00:00:00,21,22,32,Saturday,February,Winter,4191
2020-07-14 00:00:00,18,19,196,Tuesday,July,Summer,4409
2020-07-01 00:00:00,19,20,183,Wednesday,July,Summer,5201
2023-03-21 00:00:00,22,23,80,Tuesday,March,Spring,8110
2025-04-14 00:00:00,8,9,104,Monday,April,Spring,2139
2022-02-27 00:00:00,12,13,58,Sunday,February,Winter,10044
2020-11-05 00:00:00,13,14,310,Thursday,November,Fall,6887
2020-03-10 00:00:00,5,6,70,Tuesday,March,Spring,12041
2025-06-01 00:00:00,17,18,152,Sunday,June,Summer,3175
2025-01-26 00:00:00,2,3,26,Sunday,January,Winter,9972
2020-04-30 00:00:00,13,14,121,Thursday,April,Spring,11987
2024-12-14 00:00:00,2,3,349,Saturday,December,Winter,1157
2025-04-15 00:00:00,15,16,105,Tuesday,April,Spring,7968
2020-10-30 00:00:00,2,3,304,Friday,October,Fall,7489
2021-02-08 00:00:00,0,1,39,Monday,February,Winter,1406
2022-03-09 00:00:00,4,5,68,Wednesday,March,Spring,3581
2022-02-22 00:00:00,15,16,53,Tuesday,February,Winter,14388
2024-01-16 00:00:00,19,20,16,Tuesday,January,Winter,3128
2023-11-30 00:00:00,11,12,334,Thursday,November,Fall,2419
2022-01-21 00:00:00,14,15,21,Friday,January,Winter,6986
2022-10-13 00:00:00,2,3,286,Thursday,October,Fall,1361
2022-06-17 00:00:00,23,0,168,Friday,June,Summer,1592
2024-11-17 00:00:00,6,7,322,Sunday,November,Fall,3941
2020-07-18 00:00:00,2,3,200,Saturday,July,Summer,1339
2024-09-25 00:00:00,8,9,269,Wednesday,September,Fall,5967
2022-03-29 00:00:00,5,6,88,Tuesday,March,Spring,2891
2020-06-17 00:00:00,19,20,169,Wednesday,June,Summer,2095
2024-06-29 00:00:00,18,19,181,Saturday,June,Summer,6554
2020-10-30 00:00:00,10,11,304,Friday,October,Fall,7419
2021-02-19 00:00:00,19,20,50,Friday,February,Winter,7404
2024-01-01 00:00:00,4,5,1,Monday,January,Winter,8838
2022-12-27 00:00:00,6,7,361,Tuesday,December,Winter,4019
2021-11-01 00:00:00,10,11,305,Monday,November,Fall,10079
2020-08-28 00:00:00,21,22,241,Friday,August,Summer,3247
2020-08-27 00:00:00,19,20,240,Thursday,August,Summer,6475
2022-10-05 00:00:00,20,21,278,Wednesday,October,Fall,7845
2020-02-06 00:00:00,4,5,37,Thursday,February,Winter,2972
2024-02-09 00:00:00,11,12,40,Friday,February,Winter,13564
2024-05-17 00:00:00,23,0,138,Friday,May,Spring,679
2021-04-08 00:00:00,10,11,98,Thursday,April,Spring,3570
2025-11-04 00:00:00,1,2,308,Tuesday,November,Fall,8203
2022-11-18 00:00:00,6,7,322,Friday,November,Fall,7697
2020-03-24 00:00:00,6,7,84,Tuesday,March,Spring,5924
2020-02-24 00:00:00,3,4,55,Monday,February,Winter,3562
2020-09-09 00:00:00,0,1,253,Wednesday,September,Fall,935
2025-08-03 00:00:00,12,13,215,Sunday,August,Summer,6177
2023-01-24 00:00:00,18,19,24,Tuesday,January,Winter,2989
2020-10-31 00:00:00,3,4,305,Saturday,October,Fall,2492
2024-08-14 00:00:00,14,15,227,Wednesday,August,Summer,6071
2024-04-27 00:00:00,15,16,118,Saturday,April,Spring,11873
2024-04-26 00:00:00,23,0,117,Friday,April,Spring,4435
2020-05-11 00:00:00,1,2,132,Monday,May,Spring,9243
2022-07-02 00:00:00,6,7,183,Saturday,July,Summer,1275
2023-11-02 00:00:00,15,16,306,Thursday,November,Fall,15875
2021-08-15 00:00:00,16,17,227,Sunday,August,Summer,8032
2020-07-10 00:00:00,16,17,192,Friday,July,Summer,5447
2020-02-18 00:00:00,9,10,49,Tuesday,February,Winter,8247
2025-01-17 00:00:00,2,3,17,Friday,January,Winter,2010
2025-09-29 00:00:00,14,15,272,Monday,September,Fall,9018
2025-02-10 00:00:00,3,4,41,Monday,February,Winter,3590
2024-11-02 00:00:00,0,1,307,Saturday,November,Fall,1203
2023-01-07 00:00:00,20,21,7,Saturday,January,Winter,14522
2022-12-30 00:00:00,7,8,364,Friday,December,Winter,13456
2020-02-29 00:00:00,23,0,60,Saturday,February,Winter,11760
2021-03-17 00:00:00,20,21,76,Wednesday,March,Spring,5952
2025-04-15 00:00:00,20,21,105,Tuesday,April,Spring,9714
2023-06-20 00:00:00,20,21,171,Tuesday,June,Summer,1917
2021-02-20 00:00:00,17,18,51,Saturday,February,Winter,12274
2022-05-25 00:00:00,19,20,145,Wednesday,May,Spring,8041
2021-12-27 00:00:00,8,9,361,Monday,December,Winter,7212
2024-10-20 00:00:00,1,2,294,Sunday,October,Fall,3018
2025-05-14 00:00:00,21,22,134,Wednesday,May,Spring,6080
2022-02-20 00:00:00,12,13,51,Sunday,February,Winter,17314
2021-04-18 00:00:00,1,2,108,Sunday,April,Spring,4779
2024-01-30 00:00:00,0,1,30,Tuesday,January,Winter,8113
2021-02-07 00:00:00,1,2,38,Sunday,February,Winter,5123
2025-10-31 00:00:00,6,7,304,Friday,October,Fall,9628
2025-07-03 00:00:00,7,8,184,Thursday,July,Summer,4571
2022-05-26 00:00:00,21,22,146,Thursday,May,Spring,4299
2024-04-09 00:00:00,5,6,100,Tuesday,April,Spring,9097
2020-08-13 00:00:00,14,15,226,Thursday,August,Summer,4931
2024-10-31 00:00:00,19,20,305,Thursday,October,Fall,1060
2025-04-25 00:00:00,14,15,115,Friday,April,Spring,10245
2024-12-11 00:00:00,13,14,346,Wednesday,December,Winter,7435
2022-05-20 00:00:00,7,8,140,Friday,May,Spring,3605
2020-05-31 00:00:00,11,12,152,Sunday,May,Spring,8533
2024-12-21 00:00:00,7,8,356,Saturday,December,Winter,7750
2022-11-01 00:00:00,9,10,305,Tuesday,November,Fall,11756
2022-06-12 00:00:00,3,4,163,Sunday,June,Summer,3211
2022-01-03 00:00:00,18,19,3,Monday,January,Winter,7791
2025-08-13 00:00:00,18,19,225,Wednesday,August,Summer,3943
2021-07-06 00:00:00,5,6,187,Tuesday,July,Summer,9578
2025-10-12 00:00:00,13,14,285,Sunday,October,Fall,12629
2024-06-07 00:00:00,21,22,159,Friday,June,Summer,1472
2022-12-09 00:00:00,12,13,343,Friday,December,Winter,3667
2021-03-15 00:00:00,20,21,74,Monday,March,Spring,5856
2023-02-08 00:00:00,13,14,39,Wednesday,February,Winter,6888
2022-07-09 00:00:00,10,11,190,Saturday,July,Summer,5963
2025-03-02 00:00:00,15,16,61,Sunday,March,Spring,9877
2023-07-16 00:00:00,6,7,197,Sunday,July,Summer,5414
2022-01-06 00:00:00,9,10,6,Thursday,January,Winter,2549
2022-08-29 00:00:00,9,10,241,Monday,August,Summer,4856
2025-04-21 00:00:00,2,3,111,Monday,April,Spring,4052
2025-08-14 00:00:00,2,3,226,Thursday,August,Summer,2821
2023-11-02 00:00:00,17,18,306,Thursday,November,Fall,15676
2024-05-02 00:00:00,10,11,123,Thursday,May,Spring,9667
2023-08-03 00:00:00,10,11,215,Thursday,August,Summer,12494
2020-03-05 00:00:00,0,1,65,Thursday,March,Spring,5038
2024-01-06 00:00:00,19,20,6,Saturday,January,Winter,8024
2022-05-19 00:00:00,6,7,139,Thursday,May,Spring,3839
2024-01-28 00:00:00,8,9,28,Sunday,January,Winter,9911
2021-01-23 00:00:00,9,10,23,Saturday,January,Winter,6788
2024-01-05 00:00:00,3,4,5,Friday,January,Winter,11144
2020-03-29 00:00:00,17,18,89,Sunday,March,Spring,13938
2020-11-13 00:00:00,14,15,318,Friday,November,Fall,5605
2025-08-30 00:00:00,4,5,242,Saturday,August,Summer,4869
2022-08-17 00:00:00,19,20,229,Wednesday,August,Summer,2033
2022-05-31 00:00:00,8,9,151,Tuesday,May,Spring,1676
2022-10-18 00:00:00,9,10,291,Tuesday,October,Fall,3002
2020-12-03 00:00:00,8,9,338,Thursday,December,Winter,5211
2022-01-11 00:00:00,13,14,11,Tuesday,January,Winter,5143
2022-02-24 00:00:00,3,4,55,Thursday,February,Winter,4329
2021-09-02 00:00:00,9,10,245,Thursday,September,Fall,5745
2020-09-10 00:00:00,0,1,254,Thursday,September,Fall,1794
2022-05-02 00:00:00,11,12,122,Monday,May,Spring,6127
2025-03-08 00:00:00,5,6,67,Saturday,March,Spring,10697
2024-10-16 00:00:00,1,2,290,Wednesday,October,Fall,11010
2025-07-17 00:00:00,20,21,198,Thursday,July,Summer,1801
2023-12-01 00:00:00,10,11,335,Friday,December,Winter,3234
2023-11-12 00:00:00,14,15,316,Sunday,November,Fall,9888
2023-09-03 00:00:00,18,19,246,Sunday,September,Fall,6935
2022-01-17 00:00:00,15,16,17,Monday,January,Winter,2716
2023-04-26 00:00:00,8,9,116,Wednesday,April,Spring,2693
2021-04-01 00:00:00,17,18,91,Thursday,April,Spring,6463
2023-05-28 00:00:00,9,10,148,Sunday,May,Spring,5108
2022-03-27 00:00:00,14,15,86,Sunday,March,Spring,6871
2025-04-13 00:00:00,2,3,103,Sunday,April,Spring,9132
2021-10-18 00:00:00,21,22,291,Monday,October,Fall,4845
2022-09-09 00:00:00,22,23,252,Friday,September,Fall,5803
2025-11-14 00:00:00,6,7,318,Friday,November,Fall,12793
2020-02-27 00:00:00,3,4,58,Thursday,February,Winter,5876
2020-07-07 00:00:00,13,14,189,Tuesday,July,Summer,5278
2023-12-18 00:00:00,15,16,352,Monday,December,Winter,3980
2023-09-28 00:00:00,1,2,271,Thursday,September,Fall,4548
2024-06-28 00:00:00,7,8,180,Friday,June,Summer,2990
2020-10-20 00:00:00,5,6,294,Tuesday,October,Fall,9659
2021-04-27 00:00:00,3,4,117,Tuesday,April,Spring,4738
2024-04-06 00:00:00,15,16,97,Saturday,April,Spring,8363
2021-04-28 00:00:00,16,17,118,Wednesday,April,Spring,4670
2025-10-02 00:00:00,17,18,275,Thursday,October,Fall,4982
2020-09-14 00:00:00,14,15,258,Monday,September,Fall,5167
2023-06-24 00:00:00,6,7,175,Saturday,June,Summer,2771
2020-10-21 00:00:00,11,12,295,Wednesday,October,Fall,15183
2025-08-01 00:00:00,17,18,213,Friday,August,Summer,11333
2022-02-23 00:00:00,23,0,54,Wednesday,February,Winter,3212
2021-07-24 00:00:00,12,13,205,Saturday,July,Summer,5662
2023-12-10 00:00:00,4,5,344,Sunday,December,Winter,14688
2020-04-19 00:00:00,5,6,110,Sunday,April,Spring,2422
2021-04-24 00:00:00,3,4,114,Saturday,April,Spring,7172
2020-04-21 00:00:00,9,10,112,Tuesday,April,Spring,5012
2023-10-12 00:00:00,16,17,285,Thursday,October,Fall,8100
2025-11-16 00:00:00,2,3,320,Sunday,November,Fall,2155
2022-01-07 00:00:00,13,14,7,Friday,January,Winter,12803
2023-11-16 00:00:00,5,6,320,Thursday,November,Fall,4723
2020-06-18 00:00:00,1,2,170,Thursday,June,Summer,1643
2024-08-03 00:00:00,6,7,216,Saturday,August,Summer,2972
2024-06-24 00:00:00,8,9,176,Monday,June,Summer,4072
2023-05-18 00:00:00,16,17,138,Thursday,May,Spring,9570
2020-04-24 00:00:00,17,18,115,Friday,April,Spring,3015
2024-09-19 00:00:00,23,0,263,Thursday,September,Fall,8303
2021-12-18 00:00:00,18,19,352,Saturday,December,Winter,6095
2024-08-09 00:00:00,8,9,222,Friday,August,Summer,6545
2025-01-31 00:00:00,14,15,31,Friday,January,Winter,9041
2021-03-28 00:00:00,15,16,87,Sunday,March,Spring,6562
2024-06-08 00:00:00,20,21,160,Saturday,June,Summer,3640
2024-10-16 00:00:00,19,20,290,Wednesday,October,Fall,10396
2020-03-03 00:00:00,13,14,63,Tuesday,March,Spring,2627
2024-11-21 00:00:00,22,23,326,Thursday,November,Fall,6234
2020-12-06 00:00:00,7,8,341,Sunday,December,Winter,2388
2022-04-21 00:00:00,13,14,111,Thursday,April,Spring,7316
2023-09-01 00:00:00,13,14,244,Friday,September,Fall,9763
2023-01-29 00:00:00,13,14,29,Sunday,January,Winter,4709
2022-04-27 00:00:00,13,14,117,Wednesday,April,Spring,9899
2023-12-06 00:00:00,12,13,340,Wednesday,December,Winter,4011
2023-02-11 00:00:00,4,5,42,Saturday,February,Winter,1810
2021-05-23 00:00:00,19,20,143,Sunday,May,Spring,7087
2023-01-13 00:00:00,13,14,13,Friday,January,Winter,17620
2020-10-21 00:00:00,8,9,295,Wednesday,October,Fall,12602
2021-11-11 00:00:00,9,10,315,Thursday,November,Fall,2291
2023-02-28 00:00:00,21,22,59,Tuesday,February,Winter,6877
2023-03-10 00:00:00,12,13,69,Friday,March,Spring,20267
2021-11-15 00:00:00,1,2,319,Monday,November,Fall,3350
2022-08-27 00:00:00,13,14,239,Saturday,August,Summer,7247
2025-09-26 00:00:00,19,20,269,Friday,September,Fall,408
2025-10-18 00:00:00,11,12,291,Saturday,October,Fall,10166
2022-09-04 00:00:00,6,7,247,Sunday,September,Fall,2242
2020-05-14 00:00:00,22,23,135,Thursday,May,Spring,8480
2021-11-20 00:00:00,21,22,324,Saturday,November,Fall,256
2022-03-19 00:00:00,2,3,78,Saturday,March,Spring,11653
2023-07-27 00:00:00,19,20,208,Thursday,July,Summer,7081
2022-09-29 00:00:00,16,17,272,Thursday,September,Fall,3391
2020-10-30 00:00:00,20,21,304,Friday,October,Fall,2316
2020-01-18 00:00:00,17,18,18,Saturday,January,Winter,1821
2023-11-18 00:00:00,8,9,322,Saturday,November,Fall,10478
2025-04-28 00:00:00,19,20,118,Monday,April,Spring,4874
2022-08-25 00:00:00,1,2,237,Thursday,August,Summer,2568
2020-01-29 00:00:00,10,11,29,Wednesday,January,Winter,8131
2024-02-28 00:00:00,4,5,59,Wednesday,February,Winter,2938
2021-08-14 00:00:00,7,8,226,Saturday,August,Summer,1499
2025-02-01 00:00:00,4,5,32,Saturday,February,Winter,3300
2025-01-08 00:00:00,17,18,8,Wednesday,January,Winter,15551
2020-07-19 00:00:00,5,6,201,Sunday,July,Summer,717
2024-04-15 00:00:00,1,2,106,Monday,April,Spring,2526
2020-10-07 00:00:00,3,4,281,Wednesday,October,Fall,8655
2021-05-13 00:00:00,9,10,133,Thursday,May,Spring,6445
2024-08-21 00:00:00,6,7,234,Wednesday,August,Summer,3751
2023-01-09 00:00:00,11,12,9,Monday,January,Winter,16471
2021-07-12 00:00:00,12,13,193,Monday,July,Summer,4206
2021-07-17 00:00:00,3,4,198,Saturday,July,Summer,2660
2021-02-08 00:00:00,14,15,39,Monday,February,Winter,2189
2024-12-21 00:00:00,17,18,356,Saturday,December,Winter,17785
2023-08-11 00:00:00,18,19,223,Friday,August,Summer,4743
2025-10-26 00:00:00,4,5,299,Sunday,October,Fall,9938
2020-10-17 00:00:00,19,20,291,Saturday,October,Fall,554
2025-11-11 00:00:00,6,7,315,Tuesday,November,Fall,7784
2021-04-25 00:00:00,4,5,115,Sunday,April,Spring,8220
2022-08-13 00:00:00,22,23,225,Saturday,August,Summer,3130
2023-10-23 00:00:00,5,6,296,Monday,October,Fall,5937
2021-06-08 00:00:00,0,1,159,Tuesday,June,Summer,1392
2021-02-07 00:00:00,14,15,38,Sunday,February,Winter,6165
2025-05-12 00:00:00,16,17,132,Monday,May,Spring,4127
2024-01-20 00:00:00,1,2,20,Saturday,January,Winter,3446
2022-04-05 00:00:00,15,16,95,Tuesday,April,Spring,10520
2023-06-09 00:00:00,14,15,160,Friday,June,Summer,7100
2025-04-05 00:00:00,23,0,95,Saturday,April,Spring,9012
2025-11-22 00:00:00,14,15,326,Saturday,November,Fall,12287
2025-07-22 00:00:00,17,18,203,Tuesday,July,Summer,11630
2022-11-05 00:00:00,2,3,309,Saturday,November,Fall,3089
2021-09-17 00:00:00,3,4,260,Friday,September,Fall,696
2020-10-13 00:00:00,14,15,287,Tuesday,October,Fall,6661
2025-04-08 00:00:00,21,22,98,Tuesday,April,Spring,4246
2025-03-08 00:00:00,8,9,67,Saturday,March,Spring,12302
2025-10-14 00:00:00,3,4,287,Tuesday,October,Fall,6169
2022-12-07 00:00:00,3,4,341,Wednesday,December,Winter,2533
2020-05-29 00:00:00,8,9,150,Friday,May,Spring,4079
2021-10-04 00:00:00,11,12,277,Monday,October,Fall,6850
2024-12-15 00:00:00,11,12,350,Sunday,December,Winter,9368
2025-04-26 00:00:00,3,4,116,Saturday,April,Spring,5053
2020-08-19 00:00:00,23,0,232,Wednesday,August,Summer,4393
2022-01-17 00:00:00,21,22,17,Monday,January,Winter,1708
2021-07-02 00:00:00,6,7,183,Friday,July,Summer,434
2024-04-09 00:00:00,19,20,100,Tuesday,April,Spring,12447
2022-11-10 00:00:00,23,0,314,Thursday,November,Fall,3646
2023-02-12 00:00:00,19,20,43,Sunday,February,Winter,3488
2022-07-13 00:00:00,18,19,194,Wednesday,July,Summer,4749
2025-04-24 00:00:00,13,14,114,Thursday,April,Spring,9198
2021-12-20 00:00:00,17,18,354,Monday,December,Winter,3168
2024-05-29 00:00:00,7,8,150,Wednesday,May,Spring,6284
2024-02-03 00:00:00,23,0,34,Saturday,February,Winter,5376
2021-09-01 00:00:00,18,19,244,Wednesday,September,Fall,7759
2023-08-19 00:00:00,22,23,231,Saturday,August,Summer,1054
2022-09-22 00:00:00,0,1,265,Thursday,September,Fall,2751
2020-01-18 00:00:00,14,15,18,Saturday,January,Winter,2528
2021-04-08 00:00:00,0,1,98,Thursday,April,Spring,851
2023-10-05 00:00:00,9,10,278,Thursday,October,Fall,3037
2022-08-31 00:00:00,3,4,243,Wednesday,August,Summer,2669
2022-03-12 00:00:00,18,19,71,Saturday,March,Spring,8732
2022-07-20 00:00:00,23,0,201,Wednesday,July,Summer,1815
2023-04-29 00:00:00,19,20,119,Saturday,April,Spring,2892
2022-07-30 00:00:00,2,3,211,Saturday,July,Summer,1439
2021-05-13 00:00:00,22,23,133,Thursday,May,Spring,2605
2021-10-16 00:00:00,21,22,289,Saturday,October,Fall,1291
2020-10-15 00:00:00,7,8,289,Thursday,October,Fall,3910
2023-06-06 00:00:00,12,13,157,Tuesday,June,Summer,8646
2025-08-08 00:00:00,5,6,220,Friday,August,Summer,1437
2025-07-26 00:00:00,10,11,207,Saturday,July,Summer,7998
2022-02-20 00:00:00,2,3,51,Sunday,February,Winter,11206
2025-11-28 00:00:00,2,3,332,Friday,November,Fall,8628
2021-06-28 00:00:00,13,14,179,Monday,June,Summer,3922
2021-09-19 00:00:00,3,4,262,Sunday,September,Fall,3519
2023-09-28 00:00:00,19,20,271,Thursday,September,Fall,2552
2024-05-13 00:00:00,14,15,134,Monday,May,Spring,6831
2021-05-18 00:00:00,2,3,138,Tuesday,May,Spring,5406
2024-08-01 00:00:00,16,17,214,Thursday,August,Summer,8661
2024-09-12 00:00:00,2,3,256,Thursday,September,Fall,4472
2022-02-05 00:00:00,0,1,36,Saturday,February,Winter,5210
2021-08-15 00:00:00,7,8,227,Sunday,August,Summer,1301
2025-07-31 00:00:00,6,7,212,Thursday,July,Summer,2301
2021-01-27 00:00:00,16,17,27,Wednesday,January,Winter,4041
2022-11-09 00:00:00,4,5,313,Wednesday,November,Fall,8537
2020-12-22 00:00:00,2,3,357,Tuesday,December,Winter,12189
2023-12-08 00:00:00,0,1,342,Friday,December,Winter,7878
2021-11-10 00:00:00,15,16,314,Wednesday,November,Fall,1760
2021-05-11 00:00:00,10,11,131,Tuesday,May,Spring,4076
2022-02-15 00:00:00,14,15,46,Tuesday,February,Winter,13683
2020-04-08 00:00:00,7,8,99,Wednesday,April,Spring,2012
2021-04-10 00:00:00,0,1,100,Saturday,April,Spring,4391
2021-06-07 00:00:00,2,3,158,Monday,June,Summer,1350
2021-05-13 00:00:00,0,1,133,Thursday,May,Spring,4479
2021-03-08 00:00:00,20,21,67,Monday,March,Spring,2882
2020-11-06 00:00:00,8,9,311,Friday,November,Fall,6743
2025-03-16 00:00:00,0,1,75,Sunday,March,Spring,10187
2020-09-26 00:00:00,13,14,270,Saturday,September,Fall,12730
2025-11-23 00:00:00,12,13,327,Sunday,November,Fall,15669
2023-03-24 00:00:00,17,18,83,Friday,March,Spring,15698
2022-01-22 00:00:00,12,13,22,Saturday,January,Winter,5027
2022-02-08 00:00:00,22,23,39,Tuesday,February,Winter,2415
2024-04-27 00:00:00,0,1,118,Saturday,April,Spring,4743
2024-01-24 00:00:00,7,8,24,Wednesday,January,Winter,16218
2022-09-20 00:00:00,19,20,263,Tuesday,September,Fall,2499
2024-07-19 00:00:00,16,17,201,Friday,July,Summer,7392
2025-11-13 00:00:00,8,9,317,Thursday,November,Fall,10392
2022-02-13 00:00:00,14,15,44,Sunday,February,Winter,16782
2022-01-22 00:00:00,0,1,22,Saturday,January,Winter,3190
2024-12-19 00:00:00,10,11,354,Thursday,December,Winter,17216
2020-01-18 00:00:00,9,10,18,Saturday,January,Winter,3050
2025-02-06 00:00:00,13,14,37,Thursday,February,Winter,13224
2021-03-08 00:00:00,13,14,67,Monday,March,Spring,4523
2020-01-20 00:00:00,22,23,20,Monday,January,Winter,4934
2020-08-29 00:00:00,1,2,242,Saturday,August,Summer,3457
2024-09-17 00:00:00,15,16,261,Tuesday,September,Fall,17409
2023-05-15 00:00:00,19,20,135,Monday,May,Spring,9747
2023-04-26 00:00:00,14,15,116,Wednesday,April,Spring,4918
2022-08-07 00:00:00,2,3,219,Sunday,August,Summer,7089
2021-11-18 00:00:00,3,4,322,Thursday,November,Fall,1529
2022-07-28 00:00:00,15,16,209,Thursday,July,Summer,5339
2024-09-29 00:00:00,4,5,273,Sunday,September,Fall,3181
2025-07-27 00:00:00,8,9,208,Sunday,July,Summer,3635
2022-12-07 00:00:00,17,18,341,Wednesday,December,Winter,1713
2022-06-04 00:00:00,0,1,155,Saturday,June,Summer,3214
2022-04-11 00:00:00,18,19,101,Monday,April,Spring,7879
2025-07-18 00:00:00,10,11,199,Friday,July,Summer,6389
2025-10-28 00:00:00,4,5,301,Tuesday,October,Fall,11636
2024-01-15 00:00:00,12,13,15,Monday,January,Winter,6809
2021-03-07 00:00:00,13,14,66,Sunday,March,Spring,3169
2024-01-10 00:00:00,19,20,10,Wednesday,January,Winter,3793
2024-05-08 00:00:00,0,1,129,Wednesday,May,Spring,6559
2024-09-28 00:00:00,4,5,272,Saturday,September,Fall,6407
2021-05-25 00:00:00,6,7,145,Tuesday,May,Spring,9546
2021-08-02 00:00:00,6,7,214,Monday,August,Summer,1153
2025-06-13 00:00:00,4,5,164,Friday,June,Summer,2021
2022-06-10 00:00:00,13,14,161,Friday,June,Summer,8508
2025-01-10 00:00:00,14,15,10,Friday,January,Winter,4286
2023-07-20 00:00:00,12,13,201,Thursday,July,Summer,6951
2020-02-28 00:00:00,13,14,59,Friday,February,Winter,11014
2024-06-18 00:00:00,12,13,170,Tuesday,June,Summer,7785
2024-01-31 00:00:00,20,21,31,Wednesday,January,Winter,6085
2023-01-27 00:00:00,23,0,27,Friday,January,Winter,6094
2020-08-15 00:00:00,11,12,228,Saturday,August,Summer,3086
2022-10-04 00:00:00,4,5,277,Tuesday,October,Fall,988
2024-01-29 00:00:00,23,0,29,Monday,January,Winter,8472
2022-04-12 00:00:00,6,7,102,Tuesday,April,Spring,7935
2022-01-11 00:00:00,23,0,11,Tuesday,January,Winter,2090
2025-05-11 00:00:00,16,17,131,Sunday,May,Spring,4808
2023-10-14 00:00:00,4,5,287,Saturday,October,Fall,10187
2021-10-01 00:00:00,23,0,274,Friday,October,Fall,3707
2024-10-04 00:00:00,22,23,278,Friday,October,Fall,2835
2024-12-31 00:00:00,11,12,366,Tuesday,December,Winter,7306
2020-03-23 00:00:00,16,17,83,Monday,March,Spring,7482
2022-02-25 00:00:00,2,3,56,Friday,February,Winter,7548
2022-02-11 00:00:00,16,17,42,Friday,February,Winter,3615
2025-07-01 00:00:00,13,14,182,Tuesday,July,Summer,9839
2021-09-10 00:00:00,3,4,253,Friday,September,Fall,2131
2024-11-20 00:00:00,9,10,325,Wednesday,November,Fall,6181
2021-09-13 00:00:00,3,4,256,Monday,September,Fall,2426
2025-02-14 00:00:00,11,12,45,Friday,February,Winter,9119
2023-09-30 00:00:00,2,3,273,Saturday,September,Fall,547
2020-07-03 00:00:00,13,14,185,Friday,July,Summer,6832
2022-12-16 00:00:00,4,5,350,Friday,December,Winter,5658
2025-06-29 00:00:00,12,13,180,Sunday,June,Summer,4495
2025-03-21 00:00:00,6,7,80,Friday,March,Spring,10695
2023-09-22 00:00:00,15,16,265,Friday,September,Fall,13602
2024-01-26 00:00:00,22,23,26,Friday,January,Winter,2003
2023-05-29 00:00:00,23,0,149,Monday,May,Spring,10422
2024-01-18 00:00:00,19,20,18,Thursday,January,Winter,4652
2023-08-17 00:00:00,21,22,229,Thursday,August,Summer,2474
2021-02-18 00:00:00,13,14,49,Thursday,February,Winter,11280
2025-11-28 00:00:00,16,17,332,Friday,November,Fall,7122
2025-06-05 00:00:00,11,12,156,Thursday,June,Summer,9135
2025-07-05 00:00:00,19,20,186,Saturday,July,Summer,7083
2023-08-30 00:00:00,20,21,242,Wednesday,August,Summer,4070
2020-01-24 00:00:00,14,15,24,Friday,January,Winter,1733
2021-01-30 00:00:00,11,12,30,Saturday,January,Winter,8960
2021-01-26 00:00:00,10,11,26,Tuesday,January,Winter,5086
2020-07-22 00:00:00,22,23,204,Wednesday,July,Summer,2730
2025-09-10 00:00:00,10,11,253,Wednesday,September,Fall,8381
2021-05-20 00:00:00,11,12,140,Thursday,May,Spring,7459
2020-08-30 00:00:00,16,17,243,Sunday,August,Summer,6972
2021-04-30 00:00:00,4,5,120,Friday,April,Spring,1497
2024-07-20 00:00:00,2,3,202,Saturday,July,Summer,1366
2024-06-25 00:00:00,2,3,177,Tuesday,June,Summer,4860
2020-06-16 00:00:00,3,4,168,Tuesday,June,Summer,1572
2025-03-20 00:00:00,22,23,79,Thursday,March,Spring,7815
2021-10-08 00:00:00,7,8,281,Friday,October,Fall,3732
2023-03-11 00:00:00,20,21,70,Saturday,March,Spring,4561
2022-01-09 00:00:00,5,6,9,Sunday,January,Winter,11382
2023-12-15 00:00:00,10,11,349,Friday,December,Winter,2984
2023-12-02 00:00:00,20,21,336,Saturday,December,Winter,2993
2020-04-12 00:00:00,14,15,103,Sunday,April,Spring,4478
2021-01-16 00:00:00,6,7,16,Saturday,January,Winter,2609
2020-11-07 00:00:00,5,6,312,Saturday,November,Fall,6495
2025-01-16 00:00:00,7,8,16,Thursday,January,Winter,5370
2023-12-11 00:00:00,5,6,345,Monday,December,Winter,13313
2025-03-26 00:00:00,0,1,85,Wednesday,March,Spring,2924
2025-03-09 00:00:00,14,15,68,Sunday,March,Spring,6097
2021-01-31 00:00:00,11,12,31,Sunday,January,Winter,3917
2023-01-18 00:00:00,12,13,18,Wednesday,January,Winter,5795
2022-08-11 00:00:00,22,23,223,Thursday,August,Summer,5915
2020-10-17 00:00:00,5,6,291,Saturday,October,Fall,823
2023-11-06 00:00:00,15,16,310,Monday,November,Fall,11710
2020-01-31 00:00:00,15,16,31,Friday,January,Winter,7383
2022-11-22 00:00:00,2,3,326,Tuesday,November,Fall,12118
2020-01-14 00:00:00,21,22,14,Tuesday,January,Winter,12686
2024-06-05 00:00:00,22,23,157,Wednesday,June,Summer,1825
2020-05-24 00:00:00,17,18,145,Sunday,May,Spring,4591
2025-10-17 00:00:00,8,9,290,Friday,October,Fall,5063
2023-12-01 00:00:00,18,19,335,Friday,December,Winter,5670
2023-11-30 00:00:00,9,10,334,Thursday,November,Fall,2294
2023-05-28 00:00:00,21,22,148,Sunday,May,Spring,8135
2025-08-06 00:00:00,18,19,218,Wednesday,August,Summer,4823
2022-09-03 00:00:00,3,4,246,Saturday,September,Fall,1584
2024-05-12 00:00:00,21,22,133,Sunday,May,Spring,2710
2022-08-25 00:00:00,2,3,237,Thursday,August,Summer,2157
2024-07-09 00:00:00,19,20,191,Tuesday,July,Summer,5041
2023-10-28 00:00:00,13,14,301,Saturday,October,Fall,17291
2021-12-26 00:00:00,23,0,360,Sunday,December,Winter,3943
2023-04-26 00:00:00,19,20,116,Wednesday,April,Spring,1227
2020-08-12 00:00:00,23,0,225,Wednesday,August,Summer,2887
2024-06-08 00:00:00,7,8,160,Saturday,June,Summer,2653
2020-10-30 00:00:00,1,2,304,Friday,October,Fall,7672
2024-04-10 00:00:00,13,14,101,Wednesday,April,Spring,9317
2020-01-22 00:00:00,4,5,22,Wednesday,January,Winter,3220
2025-06-26 00:00:00,19,20,177,Thursday,June,Summer,9162
2023-09-25 00:00:00,6,7,268,Monday,September,Fall,2754
2021-10-02 00:00:00,8,9,275,Saturday,October,Fall,4880
2021-05-21 00:00:00,21,22,141,Friday,May,Spring,11117
2021-05-21 00:00:00,4,5,141,Friday,May,Spring,9502
2020-06-07 00:00:00,21,22,159,Sunday,June,Summer,1627
2023-09-06 00:00:00,18,19,249,Wednesday,September,Fall,2948
2023-04-27 00:00:00,3,4,117,Thursday,April,Spring,1219
2020-03-14 00:00:00,13,14,74,Saturday,March,Spring,7209
2024-02-27 00:00:00,19,20,58,Tuesday,February,Winter,6228
2020-09-19 00:00:00,13,14,263,Saturday,September,Fall,4468
2022-04-01 00:00:00,16,17,91,Friday,April,Spring,15285
2023-03-16 00:00:00,2,3,75,Thursday,March,Spring,6637
2025-09-22 00:00:00,16,17,265,Monday,September,Fall,8440
2020-11-24 00:00:00,19,20,329,Tuesday,November,Fall,6160
2020-11-10 00:00:00,8,9,315,Tuesday,November,Fall,672
2023-12-05 00:00:00,23,0,339,Tuesday,December,Winter,4052
2023-04-21 00:00:00,23,0,111,Friday,April,Spring,3321
2021-02-26 00:00:00,22,23,57,Friday,February,Winter,5705
2025-01-16 00:00:00,11,12,16,Thursday,January,Winter,7756
2022-11-29 00:00:00,6,7,333,Tuesday,November,Fall,1649
2024-12-01 00:00:00,13,14,336,Sunday,December,Winter,10231
2022-05-01 00:00:00,2,3,121,Sunday,May,Spring,3175
2021-05-13 00:00:00,5,6,133,Thursday,May,Spring,5102
2023-07-31 00:00:00,14,15,212,Monday,July,Summer,18635
2024-10-25 00:00:00,14,15,299,Friday,October,Fall,5922
2022-09-25 00:00:00,14,15,268,Sunday,September,Fall,6087
2025-03-25 00:00:00,14,15,84,Tuesday,March,Spring,7289
2021-01-05 00:00:00,18,19,5,Tuesday,January,Winter,1973
2021-09-25 00:00:00,0,1,268,Saturday,September,Fall,1010
2023-06-27 00:00:00,8,9,178,Tuesday,June,Summer,3093
2021-09-12 00:00:00,6,7,255,Sunday,September,Fall,797
2024-09-13 00:00:00,7,8,257,Friday,September,Fall,4812
2023-07-14 00:00:00,3,4,195,Friday,July,Summer,547
2024-12-22 00:00:00,3,4,357,Sunday,December,Winter,18787
2024-12-22 00:00:00,23,0,357,Sunday,December,Winter,16227
2020-10-18 00:00:00,11,12,292,Sunday,October,Fall,3259
2021-05-04 00:00:00,8,9,124,Tuesday,May,Spring,13750
2021-07-24 00:00:00,4,5,205,Saturday,July,Summer,4791
2021-03-18 00:00:00,14,15,77,Thursday,March,Spring,5839
2025-07-08 00:00:00,8,9,189,Tuesday,July,Summer,6696
2025-04-30 00:00:00,11,12,120,Wednesday,April,Spring,9156
2021-07-27 00:00:00,21,22,208,Tuesday,July,Summer,3168
2020-06-11 00:00:00,17,18,163,Thursday,June,Summer,5028
2024-07-18 00:00:00,12,13,200,Thursday,July,Summer,8281
2025-01-01 00:00:00,21,22,1,Wednesday,January,Winter,14963
2023-05-16 00:00:00,4,5,136,Tuesday,May,Spring,7536
2025-11-16 00:00:00,23,0,320,Sunday,November,Fall,5090
2023-05-02 00:00:00,3,4,122,Tuesday,May,Spring,3235
2022-10-29 00:00:00,14,15,302,Saturday,October,Fall,8339
2021-05-12 00:00:00,9,10,132,Wednesday,May,Spring,2820
2023-12-08 00:00:00,9,10,342,Friday,December,Winter,4446
2022-01-02 00:00:00,0,1,2,Sunday,January,Winter,5445
2025-01-06 00:00:00,16,17,6,Monday,January,Winter,17822
2022-05-22 00:00:00,0,1,142,Sunday,May,Spring,2793
2022-06-15 00:00:00,1,2,166,Wednesday,June,Summer,4126
2023-04-06 00:00:00,14,15,96,Thursday,April,Spring,11427
2024-09-15 00:00:00,0,1,259,Sunday,September,Fall,3840
2023-04-08 00:00:00,5,6,98,Saturday,April,Spring,3512
2021-03-26 00:00:00,0,1,85,Friday,March,Spring,2924
2020-01-04 00:00:00,4,5,4,Saturday,January,Winter,3266
2025-08-25 00:00:00,7,8,237,Monday,August,Summer,2945
2020-05-18 00:00:00,10,11,139,Monday,May,Spring,4062
2024-11-18 00:00:00,1,2,323,Monday,November,Fall,8644
2025-03-15 00:00:00,3,4,74,Saturday,March,Spring,10081
2023-07-10 00:00:00,6,7,191,Monday,July,Summer,749
2024-09-07 00:00:00,22,23,251,Saturday,September,Fall,3605
2022-07-02 00:00:00,15,16,183,Saturday,July,Summer,6897
2020-03-14 00:00:00,19,20,74,Saturday,March,Spring,3134
2020-04-23 00:00:00,19,20,114,Thursday,April,Spring,824
2025-01-29 00:00:00,8,9,29,Wednesday,January,Winter,13112
2024-01-26 00:00:00,7,8,26,Friday,January,Winter,12588
2025-08-12 00:00:00,23,0,224,Tuesday,August,Summer,1049
2020-03-20 00:00:00,14,15,80,Friday,March,Spring,7648
2022-12-11 00:00:00,8,9,345,Sunday,December,Winter,2254
2021-10-13 00:00:00,11,12,286,Wednesday,October,Fall,4854
2024-11-05 00:00:00,5,6,310,Tuesday,November,Fall,1674
2024-09-18 00:00:00,17,18,262,Wednesday,September,Fall,14521
2020-01-10 00:00:00,20,21,10,Friday,January,Winter,1558
2023-06-16 00:00:00,2,3,167,Friday,June,Summer,2330
2023-06-15 00:00:00,15,16,166,Thursday,June,Summer,7754
2022-08-08 00:00:00,3,4,220,Monday,August,Summer,6072
2022-07-30 00:00:00,5,6,211,Saturday,July,Summer,902
2020-10-08 00:00:00,19,20,282,Thursday,October,Fall,7127
2020-09-30 00:00:00,9,10,274,Wednesday,September,Fall,2517
2022-11-09 00:00:00,0,1,313,Wednesday,November,Fall,9942
2020-05-23 00:00:00,9,10,144,Saturday,May,Spring,4797
2023-04-19 00:00:00,1,2,109,Wednesday,April,Spring,7997
2020-09-21 00:00:00,18,19,265,Monday,September,Fall,888
2023-04-20 00:00:00,17,18,110,Thursday,April,Spring,7921
2021-07-07 00:00:00,18,19,188,Wednesday,July,Summer,3466
2023-01-08 00:00:00,16,17,8,Sunday,January,Winter,11145
2025-03-03 00:00:00,17,18,62,Monday,March,Spring,2963
2024-06-29 00:00:00,1,2,181,Saturday,June,Summer,4092
2021-03-10 00:00:00,5,6,69,Wednesday,March,Spring,2969
2020-12-02 00:00:00,11,12,337,Wednesday,December,Winter,3015
2022-12-16 00:00:00,1,2,350,Friday,December,Winter,6354
2021-01-15 00:00:00,19,20,15,Friday,January,Winter,2717
2022-12-02 00:00:00,11,12,336,Friday,December,Winter,2745
2024-12-16 00:00:00,19,20,351,Monday,December,Winter,3164
2020-10-14 00:00:00,0,1,288,Wednesday,October,Fall,2018
2021-08-29 00:00:00,16,17,241,Sunday,August,Summer,7543
2024-11-22 00:00:00,13,14,327,Friday,November,Fall,16386
2023-03-23 00:00:00,8,9,82,Thursday,March,Spring,12237
2023-05-13 00:00:00,23,0,133,Saturday,May,Spring,5812
2022-02-25 00:00:00,18,19,56,Friday,February,Winter,3550
2020-10-17 00:00:00,20,21,291,Saturday,October,Fall,625
2024-02-04 00:00:00,14,15,35,Sunday,February,Winter,10856
2025-05-14 00:00:00,13,14,134,Wednesday,May,Spring,4558
2022-10-04 00:00:00,12,13,277,Tuesday,October,Fall,5982
2020-10-18 00:00:00,14,15,292,Sunday,October,Fall,3881
2020-05-31 00:00:00,0,1,152,Sunday,May,Spring,5688
2021-04-19 00:00:00,15,16,109,Monday,April,Spring,4504
2021-08-11 00:00:00,0,1,223,Wednesday,August,Summer,647
2023-02-17 00:00:00,0,1,48,Friday,February,Winter,7540
2023-10-06 00:00:00,9,10,279,Friday,October,Fall,3802
2021-04-06 00:00:00,20,21,96,Tuesday,April,Spring,5819
2023-05-02 00:00:00,8,9,122,Tuesday,May,Spring,3648
2025-09-08 00:00:00,3,4,251,Monday,September,Fall,2384
2020-04-04 00:00:00,8,9,95,Saturday,April,Spring,2989
2023-03-13 00:00:00,14,15,72,Monday,March,Spring,18710
2020-06-08 00:00:00,21,22,160,Monday,June,Summer,3865
2025-04-16 00:00:00,1,2,106,Wednesday,April,Spring,5633
2025-03-19 00:00:00,15,16,78,Wednesday,March,Spring,11296
2022-12-29 00:00:00,12,13,363,Thursday,December,Winter,13942
2024-03-16 00:00:00,11,12,76,Saturday,March,Spring,7993
2023-01-29 00:00:00,10,11,29,Sunday,January,Winter,2890
2021-06-30 00:00:00,6,7,181,Wednesday,June,Summer,2095
2024-08-06 00:00:00,7,8,219,Tuesday,August,Summer,1463
2020-03-08 00:00:00,7,8,68,Sunday,March,Spring,9809
2024-08-31 00:00:00,12,13,244,Saturday,August,Summer,8353
2023-04-20 00:00:00,8,9,110,Thursday,April,Spring,7599
2020-10-29 00:00:00,17,18,303,Thursday,October,Fall,6611
2025-01-21 00:00:00,22,23,21,Tuesday,January,Winter,6958
2023-02-17 00:00:00,20,21,48,Friday,February,Winter,7175
2024-10-21 00:00:00,6,7,295,Monday,October,Fall,3853
2020-08-24 00:00:00,4,5,237,Monday,August,Summer,1813
2024-05-25 00:00:00,15,16,146,Saturday,May,Spring,7169
2020-09-22 00:00:00,20,21,266,Tuesday,September,Fall,1549
2023-02-05 00:00:00,14,15,36,Sunday,February,Winter,13787
2024-02-17 00:00:00,5,6,48,Saturday,February,Winter,2438
2025-01-20 00:00:00,10,11,20,Monday,January,Winter,2887
2021-06-12 00:00:00,19,20,163,Saturday,June,Summer,2973
2025-09-09 00:00:00,0,1,252,Tuesday,September,Fall,2454
2025-03-25 00:00:00,23,0,84,Tuesday,March,Spring,3267
2021-04-17 00:00:00,18,19,107,Saturday,April,Spring,7013
2023-08-22 00:00:00,21,22,234,Tuesday,August,Summer,2173
2023-05-18 00:00:00,22,23,138,Thursday,May,Spring,6054
2024-04-11 00:00:00,21,22,102,Thursday,April,Spring,1174
2023-10-09 00:00:00,1,2,282,Monday,October,Fall,1159
2020-01-10 00:00:00,6,7,10,Friday,January,Winter,7579
2022-10-18 00:00:00,11,12,291,Tuesday,October,Fall,5088
2022-01-04 00:00:00,14,15,4,Tuesday,January,Winter,5941
2021-04-22 00:00:00,12,13,112,Thursday,April,Spring,8368
2021-08-04 00:00:00,16,17,216,Wednesday,August,Summer,3531
2024-06-16 00:00:00,0,1,168,Sunday,June,Summer,8152
2020-02-25 00:00:00,13,14,56,Tuesday,February,Winter,12118
2024-06-14 00:00:00,5,6,166,Friday,June,Summer,7031
2020-07-21 00:00:00,14,15,203,Tuesday,July,Summer,5891
2025-03-13 00:00:00,17,18,72,Thursday,March,Spring,3662
2021-03-11 00:00:00,11,12,70,Thursday,March,Spring,15750
2022-10-10 00:00:00,13,14,283,Monday,October,Fall,5312
2022-10-20 00:00:00,5,6,293,Thursday,October,Fall,5478
2024-08-05 00:00:00,12,13,218,Monday,August,Summer,8358
2021-07-12 00:00:00,0,1,193,Monday,July,Summer,2435
2024-01-12 00:00:00,14,15,12,Friday,January,Winter,6694
2023-03-18 00:00:00,6,7,77,Saturday,March,Spring,7054
2020-05-13 00:00:00,14,15,134,Wednesday,May,Spring,7957
2023-09-30 00:00:00,16,17,273,Saturday,September,Fall,5200
2025-02-05 00:00:00,17,18,36,Wednesday,February,Winter,2583
2023-09-19 00:00:00,14,15,262,Tuesday,September,Fall,10341
2024-02-02 00:00:00,0,1,33,Friday,February,Winter,2260
2021-11-17 00:00:00,5,6,321,Wednesday,November,Fall,1957
2023-10-01 00:00:00,13,14,274,Sunday,October,Fall,4581
2021-06-24 00:00:00,18,19,175,Thursday,June,Summer,3658
2022-07-27 00:00:00,11,12,208,Wednesday,July,Summer,6815
2024-04-12 00:00:00,21,22,103,Friday,April,Spring,939
2020-08-22 00:00:00,12,13,235,Saturday,August,Summer,11094
2022-11-12 00:00:00,5,6,316,Saturday,November,Fall,3769
2022-07-21 00:00:00,20,21,202,Thursday,July,Summer,1574
2023-09-08 00:00:00,21,22,251,Friday,September,Fall,1554
2024-05-31 00:00:00,10,11,152,Friday,May,Spring,10050
2020-01-19 00:00:00,4,5,19,Sunday,January,Winter,4998
2021-06-25 00:00:00,7,8,176,Friday,June,Summer,1787
2020-02-07 00:00:00,3,4,38,Friday,February,Winter,5494
2021-03-15 00:00:00,18,19,74,Monday,March,Spring,7372
2025-05-13 00:00:00,15,16,133,Tuesday,May,Spring,3863
2022-04-27 00:00:00,9,10,117,Wednesday,April,Spring,5614
2021-06-18 00:00:00,11,12,169,Friday,June,Summer,6927
2024-03-15 00:00:00,18,19,75,Friday,March,Spring,11274
2024-12-29 00:00:00,19,20,364,Sunday,December,Winter,541
2023-12-24 00:00:00,20,21,358,Sunday,December,Winter,10213
2022-06-28 00:00:00,18,19,179,Tuesday,June,Summer,4992
2023-09-05 00:00:00,8,9,248,Tuesday,September,Fall,6596
2022-09-01 00:00:00,9,10,244,Thursday,September,Fall,3556
2022-08-16 00:00:00,22,23,228,Tuesday,August,Summer,1494
2024-04-23 00:00:00,6,7,114,Tuesday,April,Spring,4518
2022-03-19 00:00:00,9,10,78,Saturday,March,Spring,10970
2024-04-22 00:00:00,3,4,113,Monday,April,Spring,7378
2025-09-30 00:00:00,18,19,273,Tuesday,September,Fall,3305
2022-10-04 00:00:00,0,1,277,Tuesday,October,Fall,1565
2024-08-28 00:00:00,8,9,241,Wednesday,August,Summer,4269
2025-03-11 00:00:00,1,2,70,Tuesday,March,Spring,1454
2023-07-19 00:00:00,11,12,200,Wednesday,July,Summer,8862
2023-01-28 00:00:00,8,9,28,Saturday,January,Winter,5921
2022-06-14 00:00:00,2,3,165,Tuesday,June,Summer,4735
2020-08-16 00:00:00,3,4,229,Sunday,August,Summer,1256
2023-04-18 00:00:00,5,6,108,Tuesday,April,Spring,6470
2020-08-30 00:00:00,2,3,243,Sunday,August,Summer,2802
2025-06-03 00:00:00,21,22,154,Tuesday,June,Summer,4656
2024-06-13 00:00:00,19,20,165,Thursday,June,Summer,5847
2022-08-26 00:00:00,23,0,238,Friday,August,Summer,3321
2020-05-05 00:00:00,23,0,126,Tuesday,May,Spring,2773
2020-04-27 00:00:00,13,14,118,Monday,April,Spring,3089
2020-04-28 00:00:00,6,7,119,Tuesday,April,Spring,3698
2022-09-13 00:00:00,18,19,256,Tuesday,September,Fall,3807
2025-11-20 00:00:00,15,16,324,Thursday,November,Fall,5905
2025-03-14 00:00:00,8,9,73,Friday,March,Spring,3380
2021-10-13 00:00:00,16,17,286,Wednesday,October,Fall,4842
2024-08-07 00:00:00,4,5,220,Wednesday,August,Summer,1433
2021-12-24 00:00:00,23,0,358,Friday,December,Winter,3052
2020-06-21 00:00:00,5,6,173,Sunday,June,Summer,2554
2023-07-31 00:00:00,23,0,212,Monday,July,Summer,10874
2020-02-07 00:00:00,14,15,38,Friday,February,Winter,5386
2025-02-03 00:00:00,11,12,34,Monday,February,Winter,5983
2020-06-24 00:00:00,18,19,176,Wednesday,June,Summer,4258
2023-02-02 00:00:00,20,21,33,Thursday,February,Winter,6733
2023-01-23 00:00:00,16,17,23,Monday,January,Winter,8749
2023-12-14 00:00:00,17,18,348,Thursday,December,Winter,3583
2025-09-21 00:00:00,5,6,264,Sunday,September,Fall,4374
2021-03-15 00:00:00,11,12,74,Monday,March,Spring,10812
2020-11-22 00:00:00,20,21,327,Sunday,November,Fall,925
2020-02-22 00:00:00,19,20,53,Saturday,February,Winter,8470
2025-06-17 00:00:00,23,0,168,Tuesday,June,Summer,3347
2022-08-05 00:00:00,5,6,217,Friday,August,Summer,2607
2020-10-14 00:00:00,17,18,288,Wednesday,October,Fall,6263
2025-02-26 00:00:00,12,13,57,Wednesday,February,Winter,15050
2025-06-21 00:00:00,0,1,172,Saturday,June,Summer,4743
2020-06-05 00:00:00,13,14,157,Friday,June,Summer,14060
2020-10-27 00:00:00,18,19,301,Tuesday,October,Fall,11411
2020-06-04 00:00:00,17,18,156,Thursday,June,Summer,5749
2024-09-04 00:00:00,3,4,248,Wednesday,September,Fall,798
2021-01-19 00:00:00,10,11,19,Tuesday,January,Winter,12386
2025-10-23 00:00:00,4,5,296,Thursday,October,Fall,11928
2025-03-30 00:00:00,9,10,89,Sunday,March,Spring,6357
2020-04-06 00:00:00,15,16,97,Monday,April,Spring,5353
2023-03-31 00:00:00,14,15,90,Friday,March,Spring,21589
2020-03-31 00:00:00,5,6,91,Tuesday,March,Spring,6377
2020-05-23 00:00:00,3,4,144,Saturday,May,Spring,1673
2022-02-11 00:00:00,6,7,42,Friday,February,Winter,3510
2025-01-23 00:00:00,21,22,23,Thursday,January,Winter,16773
2021-11-09 00:00:00,11,12,313,Tuesday,November,Fall,4387
2025-10-26 00:00:00,0,1,299,Sunday,October,Fall,10464
2024-12-09 00:00:00,0,1,344,Monday,December,Winter,14088
2024-06-10 00:00:00,1,2,162,Monday,June,Summer,5131
2020-04-10 00:00:00,9,10,101,Friday,April,Spring,3344
2021-10-31 00:00:00,1,2,304,Sunday,October,Fall,4378
2020-11-20 00:00:00,12,13,325,Friday,November,Fall,4045
2025-09-25 00:00:00,11,12,268,Thursday,September,Fall,6701
2021-12-12 00:00:00,13,14,346,Sunday,December,Winter,5288
2022-01-13 00:00:00,19,20,13,Thursday,January,Winter,3069
2025-01-12 00:00:00,23,0,12,Sunday,January,Winter,4835
2023-12-06 00:00:00,22,23,340,Wednesday,December,Winter,2647
2021-01-16 00:00:00,2,3,16,Saturday,January,Winter,1799
2020-01-03 00:00:00,6,7,3,Friday,January,Winter,8817
2025-09-01 00:00:00,21,22,244,Monday,September,Fall,5057
2021-10-18 00:00:00,11,12,291,Monday,October,Fall,5076
2022-05-07 00:00:00,23,0,127,Saturday,May,Spring,4532
2022-06-16 00:00:00,14,15,167,Thursday,June,Summer,6428
2022-10-23 00:00:00,23,0,296,Sunday,October,Fall,13466
2024-07-08 00:00:00,17,18,190,Monday,July,Summer,7115
2022-03-23 00:00:00,7,8,82,Wednesday,March,Spring,3526
2024-09-23 00:00:00,14,15,267,Monday,September,Fall,9458
2020-12-26 00:00:00,21,22,361,Saturday,December,Winter,11446
2023-05-12 00:00:00,7,8,132,Friday,May,Spring,3360
2021-09-06 00:00:00,0,1,249,Monday,September,Fall,1817
2024-01-19 00:00:00,10,11,19,Friday,January,Winter,3115
2020-04-13 00:00:00,15,16,104,Monday,April,Spring,11013
2021-02-10 00:00:00,23,0,41,Wednesday,February,Winter,3960
2020-02-04 00:00:00,19,20,35,Tuesday,February,Winter,8718
2020-12-11 00:00:00,15,16,346,Friday,December,Winter,6300
2022-12-22 00:00:00,8,9,356,Thursday,December,Winter,12425
2020-01-04 00:00:00,20,21,4,Saturday,January,Winter,2808
2024-08-02 00:00:00,2,3,215,Friday,August,Summer,1432
2020-05-29 00:00:00,20,21,150,Friday,May,Spring,4294
2021-05-04 00:00:00,19,20,124,Tuesday,May,Spring,10640
2021-04-14 00:00:00,0,1,104,Wednesday,April,Spring,4370
2022-03-15 00:00:00,8,9,74,Tuesday,March,Spring,4813
2023-11-07 00:00:00,0,1,311,Tuesday,November,Fall,7909
2020-02-28 00:00:00,5,6,59,Friday,February,Winter,2660
2023-07-15 00:00:00,16,17,196,Saturday,July,Summer,10085
2025-08-12 00:00:00,9,10,224,Tuesday,August,Summer,6220
2022-06-16 00:00:00,5,6,167,Thursday,June,Summer,1497
2025-02-03 00:00:00,17,18,34,Monday,February,Winter,1611
2023-11-16 00:00:00,4,5,320,Thursday,November,Fall,3875
2025-03-06 00:00:00,3,4,65,Thursday,March,Spring,7274
2021-03-26 00:00:00,23,0,85,Friday,March,Spring,9140
2025-11-21 00:00:00,11,12,325,Friday,November,Fall,8584
2020-03-27 00:00:00,10,11,87,Friday,March,Spring,4295
2023-10-13 00:00:00,7,8,286,Friday,October,Fall,12357
2022-10-14 00:00:00,23,0,287,Friday,October,Fall,6926
2022-11-13 00:00:00,11,12,317,Sunday,November,Fall,4217
2020-05-14 00:00:00,10,11,135,Thursday,May,Spring,10073
2024-06-19 00:00:00,11,12,171,Wednesday,June,Summer,9445
2022-01-05 00:00:00,11,12,5,Wednesday,January,Winter,7302
2021-07-28 00:00:00,8,9,209,Wednesday,July,Summer,3851
2023-07-15 00:00:00,17,18,196,Saturday,July,Summer,14187
2024-10-26 00:00:00,10,11,300,Saturday,October,Fall,2823
2023-03-06 00:00:00,13,14,65,Monday,March,Spring,6220
2020-12-04 00:00:00,19,20,339,Friday,December,Winter,4944
2020-08-25 00:00:00,10,11,238,Tuesday,August,Summer,8081
2024-09-02 00:00:00,22,23,246,Monday,September,Fall,641
2023-08-10 00:00:00,4,5,222,Thursday,August,Summer,2594
2025-08-07 00:00:00,5,6,219,Thursday,August,Summer,1015
2021-04-01 00:00:00,23,0,91,Thursday,April,Spring,7740
2024-02-20 00:00:00,16,17,51,Tuesday,February,Winter,6371
2024-02-22 00:00:00,21,22,53,Thursday,February,Winter,16997
2023-02-14 00:00:00,10,11,45,Tuesday,February,Winter,5994
2020-06-20 00:00:00,19,20,172,Saturday,June,Summer,2174
2025-05-25 00:00:00,20,21,145,Sunday,May,Spring,9778
2024-02-11 00:00:00,15,16,42,Sunday,February,Winter,15331
2024-09-09 00:00:00,6,7,253,Monday,September,Fall,8239
2020-08-08 00:00:00,19,20,221,Saturday,August,Summer,1256
2025-04-09 00:00:00,2,3,99,Wednesday,April,Spring,4689
2021-04-06 00:00:00,21,22,96,Tuesday,April,Spring,4806
2025-02-14 00:00:00,2,3,45,Friday,February,Winter,4219
2021-09-12 00:00:00,11,12,255,Sunday,September,Fall,4404
2021-04-10 00:00:00,10,11,100,Saturday,April,Spring,5953
2025-08-01 00:00:00,11,12,213,Friday,August,Summer,9032
2023-04-19 00:00:00,16,17,109,Wednesday,April,Spring,10069
2024-01-21 00:00:00,8,9,21,Sunday,January,Winter,12404
2024-04-06 00:00:00,9,10,97,Saturday,April,Spring,16321
2021-04-29 00:00:00,2,3,119,Thursday,April,Spring,2471
2020-12-02 00:00:00,7,8,337,Wednesday,December,Winter,3088
2021-11-28 00:00:00,0,1,332,Sunday,November,Fall,8670
2023-03-11 00:00:00,18,19,70,Saturday,March,Spring,3908
2024-06-04 00:00:00,13,14,156,Tuesday,June,Summer,8950
2022-04-17 00:00:00,0,1,107,Sunday,April,Spring,7886
2025-05-06 00:00:00,0,1,126,Tuesday,May,Spring,10727
2024-09-12 00:00:00,3,4,256,Thursday,September,Fall,4188
2020-12-26 00:00:00,23,0,361,Saturday,December,Winter,12204
2022-05-06 00:00:00,15,16,126,Friday,May,Spring,6472
2023-11-24 00:00:00,19,20,328,Friday,November,Fall,10477
2025-01-17 00:00:00,17,18,17,Friday,January,Winter,861
2022-07-28 00:00:00,8,9,209,Thursday,July,Summer,2500
2023-10-15 00:00:00,8,9,288,Sunday,October,Fall,3908
2021-03-17 00:00:00,12,13,76,Wednesday,March,Spring,11247
2025-10-03 00:00:00,10,11,276,Friday,October,Fall,7978
2020-06-04 00:00:00,2,3,156,Thursday,June,Summer,2830
2025-07-29 00:00:00,3,4,210,Tuesday,July,Summer,2839
2024-03-28 00:00:00,20,21,88,Thursday,March,Spring,15521
2022-04-04 00:00:00,14,15,94,Monday,April,Spring,15076
2020-10-15 00:00:00,10,11,289,Thursday,October,Fall,5196
2020-05-30 00:00:00,15,16,151,Saturday,May,Spring,6710
2020-04-01 00:00:00,8,9,92,Wednesday,April,Spring,4222
2023-10-18 00:00:00,22,23,291,Wednesday,October,Fall,12351
2020-06-07 00:00:00,3,4,159,Sunday,June,Summer,2766
2025-10-10 00:00:00,7,8,283,Friday,October,Fall,2536
2024-12-18 00:00:00,3,4,353,Wednesday,December,Winter,13116
2023-03-07 00:00:00,8,9,66,Tuesday,March,Spring,7061
2021-05-20 00:00:00,22,23,140,Thursday,May,Spring,9069
2022-04-08 00:00:00,11,12,98,Friday,April,Spring,9083
2021-04-06 00:00:00,0,1,96,Tuesday,April,Spring,4549
2020-12-06 00:00:00,21,22,341,Sunday,December,Winter,1662
2023-06-10 00:00:00,20,21,161,Saturday,June,Summer,1747
2023-05-23 00:00:00,3,4,143,Tuesday,May,Spring,4394
2024-04-13 00:00:00,11,12,104,Saturday,April,Spring,4281
2023-10-01 00:00:00,16,17,274,Sunday,October,Fall,5635
2021-11-29 00:00:00,14,15,333,Monday,November,Fall,4402
2022-05-22 00:00:00,14,15,142,Sunday,May,Spring,5753
2023-01-09 00:00:00,3,4,9,Monday,January,Winter,15487
2025-07-18 00:00:00,19,20,199,Friday,July,Summer,3617
2022-10-10 00:00:00,16,17,283,Monday,October,Fall,4363
2022-04-22 00:00:00,10,11,112,Friday,April,Spring,5407
2025-04-26 00:00:00,7,8,116,Saturday,April,Spring,4323
2021-11-18 00:00:00,15,16,322,Thursday,November,Fall,2705
2022-04-23 00:00:00,12,13,113,Saturday,April,Spring,7590
2022-05-21 00:00:00,16,17,141,Saturday,May,Spring,5160
2025-10-03 00:00:00,2,3,276,Friday,October,Fall,5560
2023-08-28 00:00:00,13,14,240,Monday,August,Summer,7961
2020-01-28 00:00:00,16,17,28,Tuesday,January,Winter,11897
2020-05-23 00:00:00,8,9,144,Saturday,May,Spring,4079
2020-07-29 00:00:00,14,15,211,Wednesday,July,Summer,3995
2024-08-04 00:00:00,12,13,217,Sunday,August,Summer,7542
2021-09-29 00:00:00,18,19,272,Wednesday,September,Fall,6196
2024-08-29 00:00:00,9,10,242,Thursday,August,Summer,4187
2022-07-22 00:00:00,20,21,203,Friday,July,Summer,2407
2021-05-10 00:00:00,19,20,130,Monday,May,Spring,3236
2024-05-21 00:00:00,0,1,142,Tuesday,May,Spring,2868
2024-09-06 00:00:00,11,12,250,Friday,September,Fall,5349
2023-03-16 00:00:00,8,9,75,Thursday,March,Spring,9438
2023-07-13 00:00:00,10,11,194,Thursday,July,Summer,6890
2024-11-15 00:00:00,8,9,320,Friday,November,Fall,2684
2020-07-12 00:00:00,0,1,194,Sunday,July,Summer,4962
2021-04-06 00:00:00,2,3,96,Tuesday,April,Spring,5120
2025-09-24 00:00:00,12,13,267,Wednesday,September,Fall,10716
2022-11-18 00:00:00,21,22,322,Friday,November,Fall,3230
2020-04-16 00:00:00,22,23,107,Thursday,April,Spring,1773
2022-04-05 00:00:00,23,0,95,Tuesday,April,Spring,6029
2025-08-22 00:00:00,21,22,234,Friday,August,Summer,2688
2022-02-25 00:00:00,14,15,56,Friday,February,Winter,9622
2023-05-19 00:00:00,19,20,139,Friday,May,Spring,6972
2022-09-04 00:00:00,4,5,247,Sunday,September,Fall,2059
2025-01-14 00:00:00,16,17,14,Tuesday,January,Winter,2442
2020-03-10 00:00:00,21,22,70,Tuesday,March,Spring,11187
2021-12-13 00:00:00,21,22,347,Monday,December,Winter,1571
2021-02-08 00:00:00,19,20,39,Monday,February,Winter,2059
2020-09-16 00:00:00,18,19,260,Wednesday,September,Fall,4646
2020-09-07 00:00:00,10,11,251,Monday,September,Fall,3920
2024-10-12 00:00:00,20,21,286,Saturday,October,Fall,7029
2023-09-30 00:00:00,21,22,273,Saturday,September,Fall,906
2022-11-08 00:00:00,7,8,312,Tuesday,November,Fall,13656
2024-10-16 00:00:00,15,16,290,Wednesday,October,Fall,12056
2022-03-21 00:00:00,17,18,80,Monday,March,Spring,4620
2025-09-17 00:00:00,10,11,260,Wednesday,September,Fall,8661
2020-09-22 00:00:00,8,9,266,Tuesday,September,Fall,585
2023-12-05 00:00:00,22,23,339,Tuesday,December,Winter,4751
2023-02-23 00:00:00,3,4,54,Thursday,February,Winter,1074
2020-09-18 00:00:00,4,5,262,Friday,September,Fall,6154
2023-08-12 00:00:00,6,7,224,Saturday,August,Summer,1480
2024-08-28 00:00:00,18,19,241,Wednesday,August,Summer,5763
2022-06-01 00:00:00,14,15,152,Wednesday,June,Summer,6895
2024-09-28 00:00:00,21,22,272,Saturday,September,Fall,914
2020-02-11 00:00:00,1,2,42,Tuesday,February,Winter,12649
2021-07-29 00:00:00,7,8,210,Thursday,July,Summer,3667
2023-12-13 00:00:00,18,19,347,Wednesday,December,Winter,7837
2023-05-24 00:00:00,20,21,144,Wednesday,May,Spring,7497
2021-02-18 00:00:00,17,18,49,Thursday,February,Winter,9311
2025-03-05 00:00:00,9,10,64,Wednesday,March,Spring,7212
2025-02-27 00:00:00,18,19,58,Thursday,February,Winter,4003
2023-07-28 00:00:00,9,10,209,Friday,July,Summer,5928
2022-06-18 00:00:00,16,17,169,Saturday,June,Summer,7668
2022-03-26 00:00:00,23,0,85,Saturday,March,Spring,8557
2023-08-12 00:00:00,0,1,224,Saturday,August,Summer,1275
2023-11-09 00:00:00,22,23,313,Thursday,November,Fall,12712
2024-03-24 00:00:00,14,15,84,Sunday,March,Spring,16599
2021-12-08 00:00:00,14,15,342,Wednesday,December,Winter,5921
2024-12-14 00:00:00,3,4,349,Saturday,December,Winter,1442
2022-09-19 00:00:00,10,11,262,Monday,September,Fall,5655
2022-08-28 00:00:00,2,3,240,Sunday,August,Summer,3812
2024-06-28 00:00:00,5,6,180,Friday,June,Summer,3186
2022-12-22 00:00:00,7,8,356,Thursday,December,Winter,12902
2022-06-16 00:00:00,18,19,167,Thursday,June,Summer,3081
2022-09-29 00:00:00,14,15,272,Thursday,September,Fall,4330
2023-10-19 00:00:00,1,2,292,Thursday,October,Fall,10798
2023-12-31 00:00:00,11,12,365,Sunday,December,Winter,18515
2025-09-14 00:00:00,11,12,257,Sunday,September,Fall,9392
2021-10-30 00:00:00,11,12,303,Saturday,October,Fall,9349
2021-01-01 00:00:00,19,20,1,Friday,January,Winter,1425
2022-05-02 00:00:00,8,9,122,Monday,May,Spring,2702
2023-10-28 00:00:00,17,18,301,Saturday,October,Fall,14258
2021-08-03 00:00:00,17,18,215,Tuesday,August,Summer,3270
2022-07-10 00:00:00,3,4,191,Sunday,July,Summer,4839
2025-04-28 00:00:00,9,10,118,Monday,April,Spring,5404
2025-01-05 00:00:00,6,7,5,Sunday,January,Winter,15783
2020-01-31 00:00:00,18,19,31,Friday,January,Winter,7282
2023-08-09 00:00:00,14,15,221,Wednesday,August,Summer,7734
2022-12-12 00:00:00,14,15,346,Monday,December,Winter,3435
2025-06-09 00:00:00,4,5,160,Monday,June,Summer,1873
2020-04-16 00:00:00,23,0,107,Thursday,April,Spring,2013
2021-12-07 00:00:00,13,14,341,Tuesday,December,Winter,12158
2025-03-08 00:00:00,16,17,67,Saturday,March,Spring,13555
2023-06-08 00:00:00,17,18,159,Thursday,June,Summer,6122
2021-05-22 00:00:00,4,5,142,Saturday,May,Spring,9312
2025-06-29 00:00:00,3,4,180,Sunday,June,Summer,3072
2022-11-29 00:00:00,22,23,333,Tuesday,November,Fall,1071
2025-07-23 00:00:00,8,9,204,Wednesday,July,Summer,2689
2024-08-26 00:00:00,15,16,239,Monday,August,Summer,9509
2024-08-09 00:00:00,16,17,222,Friday,August,Summer,11780
2022-05-16 00:00:00,15,16,136,Monday,May,Spring,6963
2021-03-01 00:00:00,7,8,60,Monday,March,Spring,4589
2025-03-10 00:00:00,23,0,69,Monday,March,Spring,1370
2022-10-11 00:00:00,5,6,284,Tuesday,October,Fall,2707
2024-09-27 00:00:00,8,9,271,Friday,September,Fall,15369
2022-04-02 00:00:00,17,18,92,Saturday,April,Spring,10976
2024-10-12 00:00:00,23,0,286,Saturday,October,Fall,8290
2023-11-28 00:00:00,15,16,332,Tuesday,November,Fall,2821
2025-06-12 00:00:00,6,7,163,Thursday,June,Summer,6947
2020-07-01 00:00:00,2,3,183,Wednesday,July,Summer,3252
2022-01-20 00:00:00,13,14,20,Thursday,January,Winter,6533
2022-10-05 00:00:00,14,15,278,Wednesday,October,Fall,15673
2022-01-21 00:00:00,3,4,21,Friday,January,Winter,5070
2023-08-11 00:00:00,10,11,223,Friday,August,Summer,5430
2023-09-04 00:00:00,8,9,247,Monday,September,Fall,7729
2025-05-25 00:00:00,7,8,145,Sunday,May,Spring,9310
2020-12-11 00:00:00,4,5,346,Friday,December,Winter,7890
2023-07-07 00:00:00,2,3,188,Friday,July,Summer,3866
2023-06-14 00:00:00,7,8,165,Wednesday,June,Summer,3207
2020-10-02 00:00:00,18,19,276,Friday,October,Fall,3073
2020-12-31 00:00:00,9,10,366,Thursday,December,Winter,4838
2025-08-08 00:00:00,16,17,220,Friday,August,Summer,8376
2022-01-02 00:00:00,13,14,2,Sunday,January,Winter,12811
2023-02-28 00:00:00,3,4,59,Tuesday,February,Winter,8930
2021-09-27 00:00:00,10,11,270,Monday,September,Fall,8562
2023-09-18 00:00:00,15,16,261,Monday,September,Fall,14776
2025-01-27 00:00:00,0,1,27,Monday,January,Winter,18951
2021-12-11 00:00:00,2,3,345,Saturday,December,Winter,8663
2021-05-03 00:00:00,0,1,123,Monday,May,Spring,781
2023-01-15 00:00:00,22,23,15,Sunday,January,Winter,14417
2022-07-20 00:00:00,7,8,201,Wednesday,July,Summer,2309
2020-05-01 00:00:00,14,15,122,Friday,May,Spring,8815
2024-09-28 00:00:00,13,14,272,Saturday,September,Fall,8736
2025-11-09 00:00:00,6,7,313,Sunday,November,Fall,2347
2023-01-18 00:00:00,20,21,18,Wednesday,January,Winter,5086
2021-04-16 00:00:00,3,4,106,Friday,April,Spring,5432
2020-07-10 00:00:00,5,6,192,Friday,July,Summer,3206
2024-03-07 00:00:00,10,11,67,Thursday,March,Spring,10254
2023-12-27 00:00:00,19,20,361,Wednesday,December,Winter,16623
2021-02-28 00:00:00,16,17,59,Sunday,February,Winter,7579
2025-03-22 00:00:00,13,14,81,Saturday,March,Spring,9746
2020-05-26 00:00:00,9,10,147,Tuesday,May,Spring,3767
2023-06-13 00:00:00,7,8,164,Tuesday,June,Summer,3243
2020-04-07 00:00:00,6,7,98,Tuesday,April,Spring,2169
2025-09-09 00:00:00,12,13,252,Tuesday,September,Fall,8511
2024-12-01 00:00:00,14,15,336,Sunday,December,Winter,9481
2020-11-21 00:00:00,16,17,326,Saturday,November,Fall,2632
2025-03-09 00:00:00,23,0,68,Sunday,March,Spring,2161
2023-02-01 00:00:00,12,13,32,Wednesday,February,Winter,11188
2025-03-16 00:00:00,12,13,75,Sunday,March,Spring,12574
2022-08-16 00:00:00,23,0,228,Tuesday,August,Summer,1489
2024-07-24 00:00:00,18,19,206,Wednesday,July,Summer,4907
2021-10-08 00:00:00,1,2,281,Friday,October,Fall,3528
2021-09-01 00:00:00,22,23,244,Wednesday,September,Fall,6966
2021-04-06 00:00:00,19,20,96,Tuesday,April,Spring,7552
2021-06-24 00:00:00,9,10,175,Thursday,June,Summer,3148
2020-09-03 00:00:00,18,19,247,Thursday,September,Fall,3529
2023-06-04 00:00:00,18,19,155,Sunday,June,Summer,7588
2025-02-06 00:00:00,14,15,37,Thursday,February,Winter,13367
2023-04-02 00:00:00,14,15,92,Sunday,April,Spring,12201
2022-01-03 00:00:00,14,15,3,Monday,January,Winter,11791
2023-09-20 00:00:00,18,19,263,Wednesday,September,Fall,10294
2025-07-30 00:00:00,7,8,211,Wednesday,July,Summer,1698
2025-11-03 00:00:00,0,1,307,Monday,November,Fall,7546
2024-04-06 00:00:00,21,22,97,Saturday,April,Spring,9351
2021-07-10 00:00:00,2,3,191,Saturday,July,Summer,345
2023-07-01 00:00:00,0,1,182,Saturday,July,Summer,7413
2023-08-27 00:00:00,12,13,239,Sunday,August,Summer,8873
2022-07-18 00:00:00,7,8,199,Monday,July,Summer,3978
2021-06-07 00:00:00,11,12,158,Monday,June,Summer,4355
2020-03-11 00:00:00,20,21,71,Wednesday,March,Spring,10029
2024-05-12 00:00:00,16,17,133,Sunday,May,Spring,3703
2020-01-10 00:00:00,9,10,10,Friday,January,Winter,6776
2021-12-21 00:00:00,11,12,355,Tuesday,December,Winter,3572
2022-04-23 00:00:00,5,6,113,Saturday,April,Spring,6090
2020-10-03 00:00:00,7,8,277,Saturday,October,Fall,3331
2020-02-02 00:00:00,4,5,33,Sunday,February,Winter,7968
2020-04-13 00:00:00,18,19,104,Monday,April,Spring,11443
2022-02-18 00:00:00,2,3,49,Friday,February,Winter,8034
2021-07-23 00:00:00,0,1,204,Friday,July,Summer,4087
2021-11-26 00:00:00,20,21,330,Friday,November,Fall,10635
2023-10-23 00:00:00,21,22,296,Monday,October,Fall,4301
2023-08-09 00:00:00,2,3,221,Wednesday,August,Summer,3277
2024-02-15 00:00:00,23,0,46,Thursday,February,Winter,10820
2025-06-07 00:00:00,7,8,158,Saturday,June,Summer,7646
2024-03-04 00:00:00,15,16,64,Monday,March,Spring,7130
2025-05-15 00:00:00,11,12,135,Thursday,May,Spring,6848
2022-02-13 00:00:00,20,21,44,Sunday,February,Winter,15083
2025-06-21 00:00:00,11,12,172,Saturday,June,Summer,9347
2022-03-09 00:00:00,9,10,68,Wednesday,March,Spring,6074
2023-12-13 00:00:00,12,13,347,Wednesday,December,Winter,7647
2021-09-12 00:00:00,8,9,255,Sunday,September,Fall,1451
2022-08-15 00:00:00,8,9,227,Monday,August,Summer,3458
2025-11-29 00:00:00,3,4,333,Saturday,November,Fall,6318
2022-06-24 00:00:00,10,11,175,Friday,June,Summer,5472
2020-01-10 00:00:00,23,0,10,Friday,January,Winter,1537
2021-11-23 00:00:00,3,4,327,Tuesday,November,Fall,8484
2020-04-05 00:00:00,12,13,96,Sunday,April,Spring,8392
2021-02-03 00:00:00,18,19,34,Wednesday,February,Winter,10639
2020-10-29 00:00:00,7,8,303,Thursday,October,Fall,7293
2020-11-11 00:00:00,19,20,316,Wednesday,November,Fall,5774
2022-02-13 00:00:00,6,7,44,Sunday,February,Winter,9347
2023-11-15 00:00:00,18,19,319,Wednesday,November,Fall,4867
2021-01-14 00:00:00,12,13,14,Thursday,January,Winter,10297
2021-07-20 00:00:00,18,19,201,Tuesday,July,Summer,4128
2021-05-22 00:00:00,8,9,142,Saturday,May,Spring,11778
2023-09-09 00:00:00,18,19,252,Saturday,September,Fall,2748
2023-11-19 00:00:00,17,18,323,Sunday,November,Fall,12597
2024-08-19 00:00:00,22,23,232,Monday,August,Summer,2712
2025-04-01 00:00:00,18,19,91,Tuesday,April,Spring,19436
2025-03-02 00:00:00,23,0,61,Sunday,March,Spring,4887
2022-01-17 00:00:00,7,8,17,Monday,January,Winter,1452
2021-10-18 00:00:00,9,10,291,Monday,October,Fall,3701
2021-08-12 00:00:00,13,14,224,Thursday,August,Summer,4221
2022-03-27 00:00:00,23,0,86,Sunday,March,Spring,2329
2025-11-17 00:00:00,7,8,321,Monday,November,Fall,8218
2025-10-31 00:00:00,11,12,304,Friday,October,Fall,13615
2021-08-04 00:00:00,18,19,216,Wednesday,August,Summer,2904
2022-10-30 00:00:00,21,22,303,Sunday,October,Fall,2253
2024-07-30 00:00:00,8,9,212,Tuesday,July,Summer,2686
2023-11-26 00:00:00,5,6,330,Sunday,November,Fall,2384
2023-10-17 00:00:00,0,1,290,Tuesday,October,Fall,8478
2025-09-15 00:00:00,4,5,258,Monday,September,Fall,9643
2024-08-18 00:00:00,17,18,231,Sunday,August,Summer,8367
2025-08-23 00:00:00,1,2,235,Saturday,August,Summer,2481
2020-09-05 00:00:00,17,18,249,Saturday,September,Fall,4696
2023-04-17 00:00:00,3,4,107,Monday,April,Spring,3385
2022-11-05 00:00:00,3,4,309,Saturday,November,Fall,2791
2022-05-29 00:00:00,20,21,149,Sunday,May,Spring,4128
2021-01-12 00:00:00,12,13,12,Tuesday,January,Winter,12490
2021-02-13 00:00:00,8,9,44,Saturday,February,Winter,7990
2024-06-25 00:00:00,0,1,177,Tuesday,June,Summer,5463
2021-09-11 00:00:00,13,14,254,Saturday,September,Fall,5588
2022-08-15 00:00:00,19,20,227,Monday,August,Summer,3225
2023-02-10 00:00:00,8,9,41,Friday,February,Winter,1541
2020-03-08 00:00:00,3,4,68,Sunday,March,Spring,8612
2025-05-10 00:00:00,23,0,130,Saturday,May,Spring,8375
2022-05-16 00:00:00,4,5,136,Monday,May,Spring,4773
2020-10-29 00:00:00,1,2,303,Thursday,October,Fall,10215
2022-11-12 00:00:00,1,2,316,Saturday,November,Fall,4317
2024-07-02 00:00:00,19,20,184,Tuesday,July,Summer,5455
2022-03-21 00:00:00,0,1,80,Monday,March,Spring,3992
2024-09-23 00:00:00,18,19,267,Monday,September,Fall,6406
2021-09-09 00:00:00,7,8,252,Thursday,September,Fall,1856
2021-06-13 00:00:00,6,7,164,Sunday,June,Summer,2413
2020-12-11 00:00:00,14,15,346,Friday,December,Winter,6645
2022-05-18 00:00:00,10,11,138,Wednesday,May,Spring,4887
2021-11-28 00:00:00,16,17,332,Sunday,November,Fall,7293
2023-11-18 00:00:00,13,14,322,Saturday,November,Fall,15251
2022-08-07 00:00:00,13,14,219,Sunday,August,Summer,10953
2025-10-31 00:00:00,10,11,304,Friday,October,Fall,13356
2022-08-20 00:00:00,3,4,232,Saturday,August,Summer,2442
2025-07-28 00:00:00,23,0,209,Monday,July,Summer,2989
2020-11-25 00:00:00,8,9,330,Wednesday,November,Fall,6232
2020-03-02 00:00:00,16,17,62,Monday,March,Spring,9004
2025-06-19 00:00:00,17,18,170,Thursday,June,Summer,9997
2020-06-16 00:00:00,10,11,168,Tuesday,June,Summer,2847
2022-05-05 00:00:00,18,19,125,Thursday,May,Spring,4773
2022-01-24 00:00:00,5,6,24,Monday,January,Winter,3152
2022-04-10 00:00:00,4,5,100,Sunday,April,Spring,1159
2022-06-25 00:00:00,9,10,176,Saturday,June,Summer,3517
2024-01-04 00:00:00,3,4,4,Thursday,January,Winter,14378
2022-11-04 00:00:00,18,19,308,Friday,November,Fall,6204
2022-09-11 00:00:00,9,10,254,Sunday,September,Fall,3065
2025-02-03 00:00:00,15,16,34,Monday,February,Winter,5030
2020-12-23 00:00:00,4,5,358,Wednesday,December,Winter,6510
2025-11-16 00:00:00,9,10,320,Sunday,November,Fall,3904
2024-01-27 00:00:00,7,8,27,Saturday,January,Winter,3182
2022-07-25 00:00:00,20,21,206,Monday,July,Summer,8397
2020-06-20 00:00:00,23,0,172,Saturday,June,Summer,1426
2024-01-16 00:00:00,14,15,16,Tuesday,January,Winter,2836
2020-03-18 00:00:00,5,6,78,Wednesday,March,Spring,912
2020-03-10 00:00:00,6,7,70,Tuesday,March,Spring,11868
2020-06-10 00:00:00,3,4,162,Wednesday,June,Summer,1641
2020-02-02 00:00:00,22,23,33,Sunday,February,Winter,7810
2022-12-16 00:00:00,20,21,350,Friday,December,Winter,3067
2024-04-29 00:00:00,2,3,120,Monday,April,Spring,1955
2020-03-31 00:00:00,3,4,91,Tuesday,March,Spring,6413
2024-02-14 00:00:00,5,6,45,Wednesday,February,Winter,8443
2024-05-30 00:00:00,13,14,151,Thursday,May,Spring,11121
2022-10-29 00:00:00,2,3,302,Saturday,October,Fall,4725
2025-10-01 00:00:00,8,9,274,Wednesday,October,Fall,2697
2022-09-17 00:00:00,22,23,260,Saturday,September,Fall,3752
2022-06-20 00:00:00,19,20,171,Monday,June,Summer,5153
2020-10-17 00:00:00,0,1,291,Saturday,October,Fall,1180
2025-01-23 00:00:00,7,8,23,Thursday,January,Winter,5575
2022-05-26 00:00:00,22,23,146,Thursday,May,Spring,4395
2020-06-07 00:00:00,7,8,159,Sunday,June,Summer,1900
2025-03-16 00:00:00,20,21,75,Sunday,March,Spring,5953
2020-09-28 00:00:00,14,15,272,Monday,September,Fall,6422
2025-05-13 00:00:00,14,15,133,Tuesday,May,Spring,3975
2024-10-06 00:00:00,15,16,280,Sunday,October,Fall,10529
2021-05-26 00:00:00,16,17,146,Wednesday,May,Spring,9676
2023-05-06 00:00:00,20,21,126,Saturday,May,Spring,1401
2020-10-10 00:00:00,18,19,284,Saturday,October,Fall,4564
2022-06-18 00:00:00,12,13,169,Saturday,June,Summer,7191
2023-07-18 00:00:00,0,1,199,Tuesday,July,Summer,1191
2021-03-15 00:00:00,21,22,74,Monday,March,Spring,5328
2024-11-15 00:00:00,18,19,320,Friday,November,Fall,1582
2020-02-23 00:00:00,6,7,54,Sunday,February,Winter,10947
2024-10-14 00:00:00,21,22,288,Monday,October,Fall,731
2024-01-19 00:00:00,14,15,19,Friday,January,Winter,4288
2021-12-03 00:00:00,1,2,337,Friday,December,Winter,2552
2020-02-20 00:00:00,6,7,51,Thursday,February,Winter,6755
2020-09-24 00:00:00,12,13,268,Thursday,September,Fall,9152
2022-01-08 00:00:00,16,17,8,Saturday,January,Winter,15253
2021-07-19 00:00:00,5,6,200,Monday,July,Summer,4541
2021-06-01 00:00:00,15,16,152,Tuesday,June,Summer,6304
2021-04-10 00:00:00,5,6,100,Saturday,April,Spring,3562
2021-01-12 00:00:00,9,10,12,Tuesday,January,Winter,13078
2023-06-17 00:00:00,4,5,168,Saturday,June,Summer,893
2024-03-14 00:00:00,12,13,74,Thursday,March,Spring,9953
2020-07-30 00:00:00,18,19,212,Thursday,July,Summer,2588
2023-12-07 00:00:00,19,20,341,Thursday,December,Winter,11616
2020-12-05 00:00:00,14,15,340,Saturday,December,Winter,6382
2022-06-16 00:00:00,12,13,167,Thursday,June,Summer,6807
2020-09-06 00:00:00,19,20,250,Sunday,September,Fall,2002
2025-01-17 00:00:00,1,2,17,Friday,January,Winter,2337
2024-07-27 00:00:00,4,5,209,Saturday,July,Summer,484
2025-04-23 00:00:00,7,8,113,Wednesday,April,Spring,9282
2021-07-02 00:00:00,21,22,183,Friday,July,Summer,761
2022-05-30 00:00:00,0,1,150,Monday,May,Spring,4567
2020-09-19 00:00:00,10,11,263,Saturday,September,Fall,3546
2022-04-12 00:00:00,5,6,102,Tuesday,April,Spring,7992
2025-03-10 00:00:00,18,19,69,Monday,March,Spring,749
2020-10-10 00:00:00,14,15,284,Saturday,October,Fall,7237
2024-11-13 00:00:00,5,6,318,Wednesday,November,Fall,6598
2020-02-27 00:00:00,22,23,58,Thursday,February,Winter,6021
2025-01-21 00:00:00,21,22,21,Tuesday,January,Winter,7036
2025-03-08 00:00:00,15,16,67,Saturday,March,Spring,14806
2023-10-15 00:00:00,21,22,288,Sunday,October,Fall,5164
2021-08-08 00:00:00,7,8,220,Sunday,August,Summer,4708
2020-04-03 00:00:00,9,10,94,Friday,April,Spring,2778
2021-04-11 00:00:00,10,11,101,Sunday,April,Spring,7157
2020-07-05 00:00:00,13,14,187,Sunday,July,Summer,11252
2025-10-27 00:00:00,22,23,300,Monday,October,Fall,8513
2023-12-01 00:00:00,22,23,335,Friday,December,Winter,4845
2021-11-09 00:00:00,13,14,313,Tuesday,November,Fall,4642
2020-01-25 00:00:00,18,19,25,Saturday,January,Winter,1541
2022-07-01 00:00:00,17,18,182,Friday,July,Summer,5623
2023-04-01 00:00:00,12,13,91,Saturday,April,Spring,17592
2024-02-17 00:00:00,8,9,48,Saturday,February,Winter,2567
2021-03-18 00:00:00,0,1,77,Thursday,March,Spring,4446
2020-11-26 00:00:00,0,1,331,Thursday,November,Fall,3078
2025-03-16 00:00:00,2,3,75,Sunday,March,Spring,9153
2020-12-29 00:00:00,10,11,364,Tuesday,December,Winter,4715
2022-02-14 00:00:00,15,16,45,Monday,February,Winter,8457
2021-10-10 00:00:00,10,11,283,Sunday,October,Fall,3224
2022-12-28 00:00:00,22,23,362,Wednesday,December,Winter,16048
2025-02-01 00:00:00,17,18,32,Saturday,February,Winter,2067
2024-05-15 00:00:00,23,0,136,Wednesday,May,Spring,1891
2021-04-25 00:00:00,12,13,115,Sunday,April,Spring,10647
2021-09-11 00:00:00,9,10,254,Saturday,September,Fall,2694
2021-06-08 00:00:00,13,14,159,Tuesday,June,Summer,4944
2024-05-10 00:00:00,13,14,131,Friday,May,Spring,11358
2023-03-17 00:00:00,3,4,76,Friday,March,Spring,6971
2020-04-30 00:00:00,12,13,121,Thursday,April,Spring,10827
2022-07-02 00:00:00,7,8,183,Saturday,July,Summer,1821
2022-07-19 00:00:00,12,13,200,Tuesday,July,Summer,10151
2022-05-16 00:00:00,10,11,136,Monday,May,Spring,7588
2023-01-31 00:00:00,21,22,31,Tuesday,January,Winter,6119
2021-04-05 00:00:00,18,19,95,Monday,April,Spring,9721
2021-06-15 00:00:00,14,15,166,Tuesday,June,Summer,4881
2022-10-13 00:00:00,19,20,286,Thursday,October,Fall,3752
2024-08-09 00:00:00,17,18,222,Friday,August,Summer,11115
2020-12-14 00:00:00,23,0,349,Monday,December,Winter,6175
2020-07-17 00:00:00,8,9,199,Friday,July,Summer,2074
2022-05-17 00:00:00,14,15,137,Tuesday,May,Spring,7524
2024-03-16 00:00:00,5,6,76,Saturday,March,Spring,6169
2023-09-01 00:00:00,11,12,244,Friday,September,Fall,10057
2021-05-06 00:00:00,9,10,126,Thursday,May,Spring,4709
2020-04-03 00:00:00,15,16,94,Friday,April,Spring,4672
2025-03-22 00:00:00,2,3,81,Saturday,March,Spring,9814
2024-05-19 00:00:00,8,9,140,Sunday,May,Spring,2111
2024-04-05 00:00:00,22,23,96,Friday,April,Spring,8341
2024-06-17 00:00:00,18,19,169,Monday,June,Summer,4536
2020-01-13 00:00:00,23,0,13,Monday,January,Winter,12067
2023-04-09 00:00:00,4,5,99,Sunday,April,Spring,3277
2025-07-13 00:00:00,11,12,194,Sunday,July,Summer,8642
2020-10-21 00:00:00,1,2,295,Wednesday,October,Fall,8525
2021-09-02 00:00:00,21,22,245,Thursday,September,Fall,5182
2024-08-09 00:00:00,14,15,222,Friday,August,Summer,7776
2023-11-04 00:00:00,21,22,308,Saturday,November,Fall,15364
2020-12-10 00:00:00,23,0,345,Thursday,December,Winter,7155
2021-03-26 00:00:00,4,5,85,Friday,March,Spring,3310
2023-05-05 00:00:00,8,9,125,Friday,May,Spring,3564
2022-07-29 00:00:00,22,23,210,Friday,July,Summer,2221
2022-11-07 00:00:00,9,10,311,Monday,November,Fall,13020
2024-02-24 00:00:00,5,6,55,Saturday,February,Winter,7647
2022-08-11 00:00:00,18,19,223,Thursday,August,Summer,5645
2023-07-06 00:00:00,2,3,187,Thursday,July,Summer,1216
2021-02-10 00:00:00,0,1,41,Wednesday,February,Winter,8028
2023-12-16 00:00:00,0,1,350,Saturday,December,Winter,2079
2024-12-25 00:00:00,7,8,360,Wednesday,December,Winter,1456
2024-09-14 00:00:00,18,19,258,Saturday,September,Fall,5204
2025-04-10 00:00:00,15,16,100,Thursday,April,Spring,7062
2021-11-04 00:00:00,10,11,308,Thursday,November,Fall,4756
2023-01-22 00:00:00,18,19,22,Sunday,January,Winter,3778
2025-03-02 00:00:00,4,5,61,Sunday,March,Spring,9188
2023-01-25 00:00:00,14,15,25,Wednesday,January,Winter,2569
2020-09-10 00:00:00,20,21,254,Thursday,September,Fall,1520
2025-07-27 00:00:00,10,11,208,Sunday,July,Summer,6833
2025-01-10 00:00:00,22,23,10,Friday,January,Winter,2750
2023-11-24 00:00:00,0,1,328,Friday,November,Fall,8408
2020-04-06 00:00:00,22,23,97,Monday,April,Spring,966
2024-07-22 00:00:00,9,10,204,Monday,July,Summer,6427
2021-03-12 00:00:00,10,11,71,Friday,March,Spring,13843
2020-10-07 00:00:00,11,12,281,Wednesday,October,Fall,7758
2022-01-06 00:00:00,22,23,6,Thursday,January,Winter,8061
2024-10-08 00:00:00,21,22,282,Tuesday,October,Fall,13480
2022-03-21 00:00:00,1,2,80,Monday,March,Spring,3843
2022-11-11 00:00:00,20,21,315,Friday,November,Fall,4636
2022-09-06 00:00:00,9,10,249,Tuesday,September,Fall,3950
2024-08-17 00:00:00,17,18,230,Saturday,August,Summer,4697
2022-09-18 00:00:00,4,5,261,Sunday,September,Fall,2468
2024-11-07 00:00:00,23,0,312,Thursday,November,Fall,3132
2020-03-18 00:00:00,9,10,78,Wednesday,March,Spring,2451
2021-03-22 00:00:00,17,18,81,Monday,March,Spring,4096
2020-10-11 00:00:00,9,10,285,Sunday,October,Fall,3648
2022-07-12 00:00:00,8,9,193,Tuesday,July,Summer,2983
2021-11-20 00:00:00,19,20,324,Saturday,November,Fall,236
2024-10-21 00:00:00,17,18,295,Monday,October,Fall,5157
2025-07-20 00:00:00,10,11,201,Sunday,July,Summer,8828
2021-08-26 00:00:00,1,2,238,Thursday,August,Summer,3657
2023-08-19 00:00:00,14,15,231,Saturday,August,Summer,8401
2020-04-06 00:00:00,19,20,97,Monday,April,Spring,1385
2021-12-16 00:00:00,10,11,350,Thursday,December,Winter,4476
2023-02-16 00:00:00,17,18,47,Thursday,February,Winter,7058
2022-08-24 00:00:00,1,2,236,Wednesday,August,Summer,761
2022-12-24 00:00:00,12,13,358,Saturday,December,Winter,6293
2020-11-17 00:00:00,3,4,322,Tuesday,November,Fall,4521
2025-05-07 00:00:00,11,12,127,Wednesday,May,Spring,11797
2020-05-07 00:00:00,5,6,128,Thursday,May,Spring,2084
2023-11-14 00:00:00,7,8,318,Tuesday,November,Fall,11741
2022-11-05 00:00:00,14,15,309,Saturday,November,Fall,7136
2023-02-22 00:00:00,7,8,53,Wednesday,February,Winter,3325
2020-07-26 00:00:00,8,9,208,Sunday,July,Summer,3846
2025-04-01 00:00:00,4,5,91,Tuesday,April,Spring,10679
2020-09-02 00:00:00,12,13,246,Wednesday,September,Fall,4398
2021-05-06 00:00:00,16,17,126,Thursday,May,Spring,8681
2023-12-29 00:00:00,14,15,363,Friday,December,Winter,15215
2024-04-15 00:00:00,18,19,106,Monday,April,Spring,17967
2023-02-18 00:00:00,20,21,49,Saturday,February,Winter,7421
2020-11-13 00:00:00,11,12,318,Friday,November,Fall,7388
2021-01-19 00:00:00,20,21,19,Tuesday,January,Winter,11476
2023-08-11 00:00:00,9,10,223,Friday,August,Summer,4059
2020-09-13 00:00:00,16,17,257,Sunday,September,Fall,3213
2024-11-27 00:00:00,17,18,332,Wednesday,November,Fall,12902
2020-10-23 00:00:00,13,14,297,Friday,October,Fall,4235
2023-06-15 00:00:00,4,5,166,Thursday,June,Summer,2308
2025-08-27 00:00:00,21,22,239,Wednesday,August,Summer,1556
2025-06-24 00:00:00,3,4,175,Tuesday,June,Summer,2498
2021-12-25 00:00:00,23,0,359,Saturday,December,Winter,1551
2024-11-30 00:00:00,14,15,335,Saturday,November,Fall,4004
2025-02-20 00:00:00,18,19,51,Thursday,February,Winter,8106
2024-07-18 00:00:00,18,19,200,Thursday,July,Summer,4225
2024-08-25 00:00:00,6,7,238,Sunday,August,Summer,3859
2023-07-09 00:00:00,17,18,190,Sunday,July,Summer,5804
2023-01-20 00:00:00,0,1,20,Friday,January,Winter,1856
2022-04-21 00:00:00,8,9,111,Thursday,April,Spring,3414
2025-07-10 00:00:00,2,3,191,Thursday,July,Summer,2497
2020-08-01 00:00:00,4,5,214,Saturday,August,Summer,1790
2025-07-25 00:00:00,16,17,206,Friday,July,Summer,9149
2025-10-15 00:00:00,14,15,288,Wednesday,October,Fall,10830
2023-01-27 00:00:00,16,17,27,Friday,January,Winter,8128
2021-04-06 00:00:00,16,17,96,Tuesday,April,Spring,11811
2021-12-18 00:00:00,19,20,352,Saturday,December,Winter,6176
2024-12-30 00:00:00,7,8,365,Monday,December,Winter,737
2025-04-11 00:00:00,5,6,101,Friday,April,Spring,3498
2024-10-27 00:00:00,21,22,301,Sunday,October,Fall,354
2020-09-07 00:00:00,5,6,251,Monday,September,Fall,1634
2025-03-18 00:00:00,9,10,77,Tuesday,March,Spring,15078
2024-01-30 00:00:00,23,0,30,Tuesday,January,Winter,872
2025-09-02 00:00:00,6,7,245,Tuesday,September,Fall,6994
2021-05-25 00:00:00,16,17,145,Tuesday,May,Spring,14361
2021-06-09 00:00:00,12,13,160,Wednesday,June,Summer,5010
2022-09-02 00:00:00,15,16,245,Friday,September,Fall,4587
2022-03-11 00:00:00,15,16,70,Friday,March,Spring,13916
2021-11-11 00:00:00,6,7,315,Thursday,November,Fall,959
2020-05-19 00:00:00,2,3,140,Tuesday,May,Spring,4172
2021-08-16 00:00:00,3,4,228,Monday,August,Summer,3477
2022-09-05 00:00:00,17,18,248,Monday,September,Fall,6757
2022-06-27 00:00:00,14,15,178,Monday,June,Summer,7149
2022-12-27 00:00:00,16,17,361,Tuesday,December,Winter,5819
2023-09-09 00:00:00,7,8,252,Saturday,September,Fall,2366
2021-12-09 00:00:00,2,3,343,Thursday,December,Winter,5973
2020-06-20 00:00:00,7,8,172,Saturday,June,Summer,878
2020-04-06 00:00:00,4,5,97,Monday,April,Spring,7748
2024-10-18 00:00:00,2,3,292,Friday,October,Fall,5599
2022-08-11 00:00:00,7,8,223,Thursday,August,Summer,4509
2025-03-23 00:00:00,7,8,82,Sunday,March,Spring,5083
2020-09-01 00:00:00,23,0,245,Tuesday,September,Fall,2409
2023-03-08 00:00:00,23,0,67,Wednesday,March,Spring,15283
2021-02-06 00:00:00,1,2,37,Saturday,February,Winter,2397
2021-03-22 00:00:00,21,22,81,Monday,March,Spring,2801
2020-10-19 00:00:00,7,8,293,Monday,October,Fall,2726
2020-07-09 00:00:00,14,15,191,Thursday,July,Summer,7338
2024-04-01 00:00:00,11,12,92,Monday,April,Spring,13534
2024-04-19 00:00:00,22,23,110,Friday,April,Spring,8252
2023-12-07 00:00:00,20,21,341,Thursday,December,Winter,11086
2025-04-29 00:00:00,11,12,119,Tuesday,April,Spring,10040
2021-01-15 00:00:00,7,8,15,Friday,January,Winter,6251
2025-09-22 00:00:00,1,2,265,Monday,September,Fall,7693
2023-08-17 00:00:00,2,3,229,Thursday,August,Summer,2308
2025-06-11 00:00:00,3,4,162,Wednesday,June,Summer,2243
2023-07-12 00:00:00,1,2,193,Wednesday,July,Summer,3524
2025-01-28 00:00:00,18,19,28,Tuesday,January,Winter,18923
2020-08-14 00:00:00,7,8,227,Friday,August,Summer,2012
2025-05-18 00:00:00,4,5,138,Sunday,May,Spring,2653
2025-08-15 00:00:00,19,20,227,Friday,August,Summer,5806
2025-02-19 00:00:00,15,16,50,Wednesday,February,Winter,6522
2023-11-22 00:00:00,11,12,326,Wednesday,November,Fall,7927
2025-01-19 00:00:00,7,8,19,Sunday,January,Winter,769
2024-12-08 00:00:00,10,11,343,Sunday,December,Winter,17862
2022-02-07 00:00:00,7,8,38,Monday,February,Winter,5299
2020-03-31 00:00:00,20,21,91,Tuesday,March,Spring,7584
2023-02-20 00:00:00,12,13,51,Monday,February,Winter,7440
2024-05-09 00:00:00,12,13,130,Thursday,May,Spring,5656
2020-08-22 00:00:00,22,23,235,Saturday,August,Summer,3876
2023-04-05 00:00:00,9,10,95,Wednesday,April,Spring,4064
2020-08-14 00:00:00,10,11,227,Friday,August,Summer,3767
2023-08-12 00:00:00,19,20,224,Saturday,August,Summer,4643
2020-09-20 00:00:00,0,1,264,Sunday,September,Fall,1794
2023-12-09 00:00:00,19,20,343,Saturday,December,Winter,17844
2022-08-07 00:00:00,23,0,219,Sunday,August,Summer,7226
2020-10-05 00:00:00,17,18,279,Monday,October,Fall,10309
2022-10-18 00:00:00,18,19,291,Tuesday,October,Fall,2808
2020-06-13 00:00:00,12,13,165,Saturday,June,Summer,5469
2024-10-03 00:00:00,20,21,277,Thursday,October,Fall,5982
2025-06-05 00:00:00,16,17,156,Thursday,June,Summer,9695
2021-11-16 00:00:00,1,2,320,Tuesday,November,Fall,869
2025-02-16 00:00:00,4,5,47,Sunday,February,Winter,3812
2025-05-01 00:00:00,1,2,121,Thursday,May,Spring,6010
2025-03-25 00:00:00,22,23,84,Tuesday,March,Spring,3477
2023-10-13 00:00:00,18,19,286,Friday,October,Fall,14936
2024-11-02 00:00:00,1,2,307,Saturday,November,Fall,1474
2025-08-05 00:00:00,19,20,217,Tuesday,August,Summer,8978
2025-01-03 00:00:00,19,20,3,Friday,January,Winter,3424
2025-10-18 00:00:00,7,8,291,Saturday,October,Fall,5680
2025-11-21 00:00:00,10,11,325,Friday,November,Fall,7895
2021-03-14 00:00:00,11,12,73,Sunday,March,Spring,13005
2021-01-18 00:00:00,11,12,18,Monday,January,Winter,5336
2022-04-27 00:00:00,17,18,117,Wednesday,April,Spring,8140
2020-02-07 00:00:00,13,14,38,Friday,February,Winter,5641
2021-08-30 00:00:00,5,6,242,Monday,August,Summer,2958
2023-06-13 00:00:00,4,5,164,Tuesday,June,Summer,2835
2022-07-21 00:00:00,18,19,202,Thursday,July,Summer,3527
2025-11-06 00:00:00,9,10,310,Thursday,November,Fall,6706
2025-10-07 00:00:00,8,9,280,Tuesday,October,Fall,2045
2023-07-14 00:00:00,21,22,195,Friday,July,Summer,7604
2021-08-02 00:00:00,16,17,214,Monday,August,Summer,5176
2022-05-03 00:00:00,7,8,123,Tuesday,May,Spring,3380
2021-01-14 00:00:00,0,1,14,Thursday,January,Winter,8733
2025-10-06 00:00:00,4,5,279,Monday,October,Fall,3869
2024-04-04 00:00:00,7,8,95,Thursday,April,Spring,15683
2022-02-17 00:00:00,0,1,48,Thursday,February,Winter,15660
2021-01-14 00:00:00,18,19,14,Thursday,January,Winter,10513
2024-01-23 00:00:00,17,18,23,Tuesday,January,Winter,16343
2023-11-08 00:00:00,23,0,312,Wednesday,November,Fall,13683
2025-10-30 00:00:00,19,20,303,Thursday,October,Fall,6800
2021-06-09 00:00:00,6,7,160,Wednesday,June,Summer,828
2024-03-02 00:00:00,23,0,62,Saturday,March,Spring,3355
2020-10-14 00:00:00,7,8,288,Wednesday,October,Fall,2812
2024-08-22 00:00:00,9,10,235,Thursday,August,Summer,7785
2025-11-04 00:00:00,17,18,308,Tuesday,November,Fall,12970
2023-08-28 00:00:00,17,18,240,Monday,August,Summer,7680
2023-02-21 00:00:00,22,23,52,Tuesday,February,Winter,2757
2025-05-04 00:00:00,21,22,124,Sunday,May,Spring,11154
2023-09-19 00:00:00,18,19,262,Tuesday,September,Fall,8549
2020-03-14 00:00:00,5,6,74,Saturday,March,Spring,2707
2024-01-27 00:00:00,5,6,27,Saturday,January,Winter,2417
2024-02-19 00:00:00,1,2,50,Monday,February,Winter,5181
2021-01-10 00:00:00,19,20,10,Sunday,January,Winter,4067
2024-12-14 00:00:00,14,15,349,Saturday,December,Winter,4718
2024-01-18 00:00:00,10,11,18,Thursday,January,Winter,7575
2022-06-16 00:00:00,7,8,167,Thursday,June,Summer,2343
2024-01-23 00:00:00,22,23,23,Tuesday,January,Winter,16853
2023-08-06 00:00:00,14,15,218,Sunday,August,Summer,17628
2025-03-10 00:00:00,17,18,69,Monday,March,Spring,1879
2024-09-01 00:00:00,6,7,245,Sunday,September,Fall,3394
2022-02-26 00:00:00,23,0,57,Saturday,February,Winter,9911
2025-10-28 00:00:00,20,21,301,Tuesday,October,Fall,6432
2020-07-09 00:00:00,4,5,191,Thursday,July,Summer,1360
2022-12-24 00:00:00,10,11,358,Saturday,December,Winter,6036
2024-01-02 00:00:00,17,18,2,Tuesday,January,Winter,17429
2022-04-16 00:00:00,15,16,106,Saturday,April,Spring,11298
2023-02-15 00:00:00,4,5,46,Wednesday,February,Winter,4483
2024-02-17 00:00:00,13,14,48,Saturday,February,Winter,7320
2024-02-07 00:00:00,3,4,38,Wednesday,February,Winter,16373
2020-05-10 00:00:00,6,7,131,Sunday,May,Spring,2043
2025-02-04 00:00:00,23,0,35,Tuesday,February,Winter,3060
2024-04-18 00:00:00,19,20,109,Thursday,April,Spring,3812
2020-06-13 00:00:00,14,15,165,Saturday,June,Summer,5712
2022-07-15 00:00:00,23,0,196,Friday,July,Summer,3960
2022-02-08 00:00:00,17,18,39,Tuesday,February,Winter,2555
2020-10-28 00:00:00,0,1,302,Wednesday,October,Fall,8025
2021-07-03 00:00:00,12,13,184,Saturday,July,Summer,4146
2021-07-15 00:00:00,13,14,196,Thursday,July,Summer,9480
2022-06-03 00:00:00,9,10,154,Friday,June,Summer,3007
2023-04-19 00:00:00,20,21,109,Wednesday,April,Spring,5832
2025-04-20 00:00:00,14,15,110,Sunday,April,Spring,4724
2025-08-13 00:00:00,16,17,225,Wednesday,August,Summer,6254
2024-11-04 00:00:00,8,9,309,Monday,November,Fall,3123
2022-07-27 00:00:00,17,18,208,Wednesday,July,Summer,5742
2023-06-02 00:00:00,1,2,153,Friday,June,Summer,7448
2025-09-24 00:00:00,21,22,267,Wednesday,September,Fall,4188
2025-04-07 00:00:00,5,6,97,Monday,April,Spring,5623
2020-04-30 00:00:00,6,7,121,Thursday,April,Spring,7964
2020-02-20 00:00:00,17,18,51,Thursday,February,Winter,11692
2025-04-13 00:00:00,0,1,103,Sunday,April,Spring,8982
2022-03-09 00:00:00,8,9,68,Wednesday,March,Spring,4907
2024-10-16 00:00:00,23,0,290,Wednesday,October,Fall,9305
2021-02-17 00:00:00,23,0,48,Wednesday,February,Winter,8384
2025-02-12 00:00:00,4,5,43,Wednesday,February,Winter,2424
2024-06-17 00:00:00,14,15,169,Monday,June,Summer,8345
2022-03-16 00:00:00,6,7,75,Wednesday,March,Spring,4232
2020-09-21 00:00:00,5,6,265,Monday,September,Fall,748
2023-02-02 00:00:00,0,1,33,Thursday,February,Winter,7717
2021-09-01 00:00:00,0,1,244,Wednesday,September,Fall,6336
2022-07-03 00:00:00,9,10,184,Sunday,July,Summer,4056
2024-11-24 00:00:00,16,17,329,Sunday,November,Fall,19997
2020-02-27 00:00:00,7,8,58,Thursday,February,Winter,10405
2023-10-14 00:00:00,3,4,287,Saturday,October,Fall,11104
2022-08-08 00:00:00,13,14,220,Monday,August,Summer,10618
2025-01-15 00:00:00,10,11,15,Wednesday,January,Winter,5527
2025-06-08 00:00:00,18,19,159,Sunday,June,Summer,9165
2021-06-01 00:00:00,16,17,152,Tuesday,June,Summer,5624
2024-08-07 00:00:00,13,14,220,Wednesday,August,Summer,8258
2020-04-13 00:00:00,1,2,104,Monday,April,Spring,2806
2022-05-17 00:00:00,18,19,137,Tuesday,May,Spring,4803
2025-10-17 00:00:00,15,16,290,Friday,October,Fall,10238
2024-09-13 00:00:00,5,6,257,Friday,September,Fall,5468
2022-10-07 00:00:00,15,16,280,Friday,October,Fall,5162
2020-06-30 00:00:00,5,6,182,Tuesday,June,Summer,3408
2021-03-02 00:00:00,1,2,61,Tuesday,March,Spring,4406
2020-06-14 00:00:00,5,6,166,Sunday,June,Summer,3033
2022-11-25 00:00:00,13,14,329,Friday,November,Fall,5906
2024-12-12 00:00:00,11,12,347,Thursday,December,Winter,5532
2020-09-14 00:00:00,10,11,258,Monday,September,Fall,3928
2021-01-05 00:00:00,14,15,5,Tuesday,January,Winter,2553
2022-11-10 00:00:00,2,3,314,Thursday,November,Fall,3569
2020-06-23 00:00:00,17,18,175,Tuesday,June,Summer,5022
2021-12-14 00:00:00,1,2,348,Tuesday,December,Winter,697
2021-03-15 00:00:00,1,2,74,Monday,March,Spring,10033
2020-12-23 00:00:00,21,22,358,Wednesday,December,Winter,12383
2024-07-21 00:00:00,23,0,203,Sunday,July,Summer,5492
2023-01-03 00:00:00,20,21,3,Tuesday,January,Winter,12367
2023-02-07 00:00:00,17,18,38,Tuesday,February,Winter,4857
2024-06-02 00:00:00,2,3,154,Sunday,June,Summer,6195
2023-02-03 00:00:00,6,7,34,Friday,February,Winter,6280
2025-11-22 00:00:00,18,19,326,Saturday,November,Fall,10609
2023-02-08 00:00:00,9,10,39,Wednesday,February,Winter,6001
2023-12-28 00:00:00,22,23,362,Thursday,December,Winter,13567
2022-08-19 00:00:00,23,0,231,Friday,August,Summer,2636
2020-09-02 00:00:00,17,18,246,Wednesday,September,Fall,3171
2023-08-06 00:00:00,9,10,218,Sunday,August,Summer,14227
2020-06-09 00:00:00,19,20,161,Tuesday,June,Summer,3066
2021-08-25 00:00:00,10,11,237,Wednesday,August,Summer,6184
2022-12-05 00:00:00,5,6,339,Monday,December,Winter,745
2024-06-11 00:00:00,21,22,163,Tuesday,June,Summer,2556
2020-11-02 00:00:00,18,19,307,Monday,November,Fall,7368
2025-07-28 00:00:00,4,5,209,Monday,July,Summer,4142
2025-06-12 00:00:00,7,8,163,Thursday,June,Summer,7051
2024-01-20 00:00:00,13,14,20,Saturday,January,Winter,6955
2020-12-02 00:00:00,0,1,337,Wednesday,December,Winter,6005
2023-01-12 00:00:00,13,14,12,Thursday,January,Winter,18143
2023-12-07 00:00:00,2,3,341,Thursday,December,Winter,3871
2020-10-24 00:00:00,4,5,298,Saturday,October,Fall,6496
2021-05-26 00:00:00,14,15,146,Wednesday,May,Spring,10741
2020-04-16 00:00:00,9,10,107,Thursday,April,Spring,4412
2022-02-23 00:00:00,0,1,54,Wednesday,February,Winter,4731
2021-07-04 00:00:00,1,2,185,Sunday,July,Summer,945
2020-07-11 00:00:00,22,23,193,Saturday,July,Summer,3841
2022-09-06 00:00:00,10,11,249,Tuesday,September,Fall,5098
2021-04-08 00:00:00,9,10,98,Thursday,April,Spring,2512
2020-11-07 00:00:00,19,20,312,Saturday,November,Fall,4651
2024-09-06 00:00:00,23,0,250,Friday,September,Fall,3317
2022-05-09 00:00:00,15,16,129,Monday,May,Spring,5817
2023-10-12 00:00:00,21,22,285,Thursday,October,Fall,3414
2023-12-21 00:00:00,10,11,355,Thursday,December,Winter,18315
2020-04-15 00:00:00,11,12,106,Wednesday,April,Spring,7334
2021-07-03 00:00:00,19,20,184,Saturday,July,Summer,2491
2022-05-13 00:00:00,8,9,133,Friday,May,Spring,2490
2025-04-13 00:00:00,4,5,103,Sunday,April,Spring,9216
2020-07-30 00:00:00,7,8,212,Thursday,July,Summer,2458
2020-04-03 00:00:00,3,4,94,Friday,April,Spring,2210
2021-12-22 00:00:00,12,13,356,Wednesday,December,Winter,4599
2021-01-04 00:00:00,6,7,4,Monday,January,Winter,1576
2023-11-16 00:00:00,19,20,320,Thursday,November,Fall,10803
2024-03-14 00:00:00,11,12,74,Thursday,March,Spring,9275
2021-03-25 00:00:00,0,1,84,Thursday,March,Spring,2018
2024-05-25 00:00:00,4,5,146,Saturday,May,Spring,559
2023-12-18 00:00:00,19,20,352,Monday,December,Winter,3919
2022-06-06 00:00:00,2,3,157,Monday,June,Summer,2342
2024-07-20 00:00:00,22,23,202,Saturday,July,Summer,3228
2024-02-12 00:00:00,14,15,43,Monday,February,Winter,4159
2023-08-19 00:00:00,12,13,231,Saturday,August,Summer,7735
2025-07-27 00:00:00,15,16,208,Sunday,July,Summer,11229
2021-07-19 00:00:00,22,23,200,Monday,July,Summer,4238
2021-12-03 00:00:00,10,11,337,Friday,December,Winter,10812
2021-03-02 00:00:00,12,13,61,Tuesday,March,Spring,4176
2024-11-22 00:00:00,12,13,327,Friday,November,Fall,16368
2025-11-26 00:00:00,3,4,330,Wednesday,November,Fall,6726
2024-09-09 00:00:00,1,2,253,Monday,September,Fall,9715
2020-03-08 00:00:00,2,3,68,Sunday,March,Spring,8287
2023-07-11 00:00:00,8,9,192,Tuesday,July,Summer,3309
2022-08-19 00:00:00,22,23,231,Friday,August,Summer,2631
2020-09-05 00:00:00,11,12,249,Saturday,September,Fall,4275
2025-06-25 00:00:00,17,18,176,Wednesday,June,Summer,6948
2025-05-21 00:00:00,23,0,141,Wednesday,May,Spring,5000
2024-12-03 00:00:00,14,15,338,Tuesday,December,Winter,2679
2022-04-17 00:00:00,7,8,107,Sunday,April,Spring,5772
2020-09-10 00:00:00,18,19,254,Thursday,September,Fall,1696
2024-06-09 00:00:00,11,12,161,Sunday,June,Summer,3803
2024-05-18 00:00:00,12,13,139,Saturday,May,Spring,3094
2022-11-10 00:00:00,22,23,314,Thursday,November,Fall,4139
2022-09-27 00:00:00,5,6,270,Tuesday,September,Fall,6708
2024-05-16 00:00:00,22,23,137,Thursday,May,Spring,847
2021-10-13 00:00:00,19,20,286,Wednesday,October,Fall,1863
2022-10-19 00:00:00,16,17,292,Wednesday,October,Fall,8533
2020-01-15 00:00:00,18,19,15,Wednesday,January,Winter,5712
2024-03-15 00:00:00,13,14,75,Friday,March,Spring,18195
2020-10-06 00:00:00,2,3,280,Tuesday,October,Fall,10584
2021-07-27 00:00:00,20,21,208,Tuesday,July,Summer,3440
2025-02-19 00:00:00,21,22,50,Wednesday,February,Winter,7729
2020-10-29 00:00:00,14,15,303,Thursday,October,Fall,8306
2025-04-13 00:00:00,9,10,103,Sunday,April,Spring,8594
2022-01-22 00:00:00,15,16,22,Saturday,January,Winter,4368
2022-10-03 00:00:00,9,10,276,Monday,October,Fall,2282
2023-10-19 00:00:00,3,4,292,Thursday,October,Fall,9890
2020-09-02 00:00:00,8,9,246,Wednesday,September,Fall,1441
2022-02-01 00:00:00,18,19,32,Tuesday,February,Winter,12318
2024-07-26 00:00:00,5,6,208,Friday,July,Summer,1499
2023-02-27 00:00:00,21,22,58,Monday,February,Winter,11222
2020-02-09 00:00:00,18,19,40,Sunday,February,Winter,12401
2024-07-16 00:00:00,5,6,198,Tuesday,July,Summer,7839
2021-06-06 00:00:00,4,5,157,Sunday,June,Summer,1717
2021-05-05 00:00:00,23,0,125,Wednesday,May,Spring,3697
2020-02-17 00:00:00,12,13,48,Monday,February,Winter,11711
2021-06-20 00:00:00,3,4,171,Sunday,June,Summer,4138
2023-12-20 00:00:00,10,11,354,Wednesday,December,Winter,9444
2020-08-30 00:00:00,20,21,243,Sunday,August,Summer,4156
2021-07-26 00:00:00,16,17,207,Monday,July,Summer,7000
2022-09-09 00:00:00,16,17,252,Friday,September,Fall,14314
2023-07-28 00:00:00,1,2,209,Friday,July,Summer,4052
2025-11-27 00:00:00,14,15,331,Thursday,November,Fall,11395
2021-03-10 00:00:00,15,16,69,Wednesday,March,Spring,12784
2022-08-16 00:00:00,15,16,228,Tuesday,August,Summer,5725
2021-05-25 00:00:00,0,1,145,Tuesday,May,Spring,9649
2023-02-09 00:00:00,9,10,40,Thursday,February,Winter,2688
2020-03-19 00:00:00,15,16,79,Thursday,March,Spring,3544
2025-10-15 00:00:00,3,4,288,Wednesday,October,Fall,5298
2021-08-25 00:00:00,12,13,237,Wednesday,August,Summer,9861
2024-11-08 00:00:00,11,12,313,Friday,November,Fall,5752
2021-06-03 00:00:00,4,5,154,Thursday,June,Summer,1688
2020-02-16 00:00:00,10,11,47,Sunday,February,Winter,14158
2025-03-29 00:00:00,7,8,88,Saturday,March,Spring,9375
2021-11-24 00:00:00,14,15,328,Wednesday,November,Fall,2394
2025-11-02 00:00:00,3,4,306,Sunday,November,Fall,8264
2023-10-05 00:00:00,5,6,278,Thursday,October,Fall,1071
2021-09-09 00:00:00,19,20,252,Thursday,September,Fall,2632
2023-12-11 00:00:00,10,11,345,Monday,December,Winter,10839
2022-08-19 00:00:00,8,9,231,Friday,August,Summer,3436
2024-08-28 00:00:00,4,5,241,Wednesday,August,Summer,2065
2020-04-27 00:00:00,2,3,118,Monday,April,Spring,417
2022-03-25 00:00:00,7,8,84,Friday,March,Spring,4540
2024-04-24 00:00:00,7,8,115,Wednesday,April,Spring,4826
2021-08-01 00:00:00,9,10,213,Sunday,August,Summer,3739
2021-08-28 00:00:00,1,2,240,Saturday,August,Summer,4566
2024-12-13 00:00:00,20,21,348,Friday,December,Winter,686
2020-12-07 00:00:00,19,20,342,Monday,December,Winter,3185
2024-05-26 00:00:00,14,15,147,Sunday,May,Spring,7115
2022-06-16 00:00:00,11,12,167,Thursday,June,Summer,5985
2023-03-17 00:00:00,4,5,76,Friday,March,Spring,6670
2025-03-26 00:00:00,18,19,85,Wednesday,March,Spring,3645
2021-01-17 00:00:00,9,10,17,Sunday,January,Winter,6245
2022-03-18 00:00:00,0,1,77,Friday,March,Spring,6619
2025-11-22 00:00:00,0,1,326,Saturday,November,Fall,3067
2020-08-06 00:00:00,19,20,219,Thursday,August,Summer,1132
2021-03-10 00:00:00,4,5,69,Wednesday,March,Spring,2462
2022-11-28 00:00:00,2,3,332,Monday,November,Fall,4487
2024-06-23 00:00:00,2,3,175,Sunday,June,Summer,2516
2020-03-29 00:00:00,12,13,89,Sunday,March,Spring,15545
2025-08-05 00:00:00,23,0,217,Tuesday,August,Summer,4981
2020-12-16 00:00:00,13,14,351,Wednesday,December,Winter,7740
2023-12-31 00:00:00,20,21,365,Sunday,December,Winter,17068
2025-08-12 00:00:00,3,4,224,Tuesday,August,Summer,4431
2023-09-13 00:00:00,1,2,256,Wednesday,September,Fall,1285
2023-02-08 00:00:00,4,5,39,Wednesday,February,Winter,3397
2021-05-23 00:00:00,21,22,143,Sunday,May,Spring,7273
2025-07-31 00:00:00,21,22,212,Thursday,July,Summer,3693
2023-03-19 00:00:00,7,8,78,Sunday,March,Spring,3112
2023-02-07 00:00:00,8,9,38,Tuesday,February,Winter,8064
2021-08-08 00:00:00,9,10,220,Sunday,August,Summer,6573
2020-09-12 00:00:00,18,19,256,Saturday,September,Fall,1746
2023-12-17 00:00:00,5,6,351,Sunday,December,Winter,2111
2021-05-09 00:00:00,13,14,129,Sunday,May,Spring,10937
2021-03-24 00:00:00,22,23,83,Wednesday,March,Spring,2221
2024-05-28 00:00:00,19,20,149,Tuesday,May,Spring,7603
2025-01-06 00:00:00,1,2,6,Monday,January,Winter,18790
2024-11-16 00:00:00,4,5,321,Saturday,November,Fall,1285
2021-10-21 00:00:00,9,10,294,Thursday,October,Fall,11993
2021-05-09 00:00:00,22,23,129,Sunday,May,Spring,6320
2023-05-08 00:00:00,7,8,128,Monday,May,Spring,1709
2021-05-05 00:00:00,13,14,125,Wednesday,May,Spring,12083
2023-01-12 00:00:00,15,16,12,Thursday,January,Winter,16900
2023-08-08 00:00:00,15,16,220,Tuesday,August,Summer,9831
2024-12-09 00:00:00,15,16,344,Monday,December,Winter,13808
2021-04-25 00:00:00,3,4,115,Sunday,April,Spring,8232
2021-03-29 00:00:00,2,3,88,Monday,March,Spring,4546
2025-02-18 00:00:00,14,15,49,Tuesday,February,Winter,9825
2025-04-15 00:00:00,23,0,105,Tuesday,April,Spring,7561
2022-03-26 00:00:00,18,19,85,Saturday,March,Spring,8372
2024-09-10 00:00:00,13,14,254,Tuesday,September,Fall,16867
2022-01-06 00:00:00,2,3,6,Thursday,January,Winter,3292
2024-11-05 00:00:00,12,13,310,Tuesday,November,Fall,3849
2022-04-17 00:00:00,10,11,107,Sunday,April,Spring,7118
2022-08-16 00:00:00,2,3,228,Tuesday,August,Summer,788
2021-02-12 00:00:00,16,17,43,Friday,February,Winter,9076
2023-03-16 00:00:00,14,15,75,Thursday,March,Spring,12106
2021-07-13 00:00:00,18,19,194,Tuesday,July,Summer,7587
2022-06-19 00:00:00,9,10,170,Sunday,June,Summer,8414
2022-02-08 00:00:00,7,8,39,Tuesday,February,Winter,4617
2024-01-08 00:00:00,7,8,8,Monday,January,Winter,12237
2023-01-19 00:00:00,21,22,19,Thursday,January,Winter,1493
2025-09-24 00:00:00,6,7,267,Wednesday,September,Fall,6194
2023-07-26 00:00:00,9,10,207,Wednesday,July,Summer,4441
2022-08-09 00:00:00,10,11,221,Tuesday,August,Summer,7230
2023-12-09 00:00:00,13,14,343,Saturday,December,Winter,18217
2023-12-15 00:00:00,1,2,349,Friday,December,Winter,2695
2025-08-18 00:00:00,15,16,230,Monday,August,Summer,8406
2025-10-27 00:00:00,1,2,300,Monday,October,Fall,17402
2020-10-24 00:00:00,14,15,298,Saturday,October,Fall,13049
2024-05-31 00:00:00,7,8,152,Friday,May,Spring,6019
2023-01-27 00:00:00,8,9,27,Friday,January,Winter,8809
2023-04-05 00:00:00,14,15,95,Wednesday,April,Spring,8048
2022-09-17 00:00:00,5,6,260,Saturday,September,Fall,5089
2022-09-13 00:00:00,16,17,256,Tuesday,September,Fall,5218
2022-11-23 00:00:00,1,2,327,Wednesday,November,Fall,8016
2023-07-19 00:00:00,6,7,200,Wednesday,July,Summer,3665
2020-02-12 00:00:00,0,1,43,Wednesday,February,Winter,9249
2023-09-16 00:00:00,17,18,259,Saturday,September,Fall,4287
2025-07-22 00:00:00,9,10,203,Tuesday,July,Summer,11218
2024-01-10 00:00:00,5,6,10,Wednesday,January,Winter,2519
2021-11-30 00:00:00,22,23,334,Tuesday,November,Fall,12595
2021-04-01 00:00:00,14,15,91,Thursday,April,Spring,6136
2023-11-14 00:00:00,20,21,318,Tuesday,November,Fall,14411
2024-05-13 00:00:00,10,11,134,Monday,May,Spring,8299
2020-04-04 00:00:00,5,6,95,Saturday,April,Spring,1507
2023-12-13 00:00:00,23,0,347,Wednesday,December,Winter,8250
2020-02-14 00:00:00,18,19,45,Friday,February,Winter,3877
2023-04-18 00:00:00,9,10,108,Tuesday,April,Spring,7969
2024-06-03 00:00:00,6,7,155,Monday,June,Summer,2313
2021-02-06 00:00:00,14,15,37,Saturday,February,Winter,3721
2023-12-05 00:00:00,8,9,339,Tuesday,December,Winter,11763
2021-11-17 00:00:00,1,2,321,Wednesday,November,Fall,1735
2025-04-01 00:00:00,21,22,91,Tuesday,April,Spring,16314
2020-11-12 00:00:00,23,0,317,Thursday,November,Fall,3830
2023-03-29 00:00:00,20,21,88,Wednesday,March,Spring,10029
2025-08-18 00:00:00,1,2,230,Monday,August,Summer,6436
2023-01-16 00:00:00,18,19,16,Monday,January,Winter,10560
2023-06-25 00:00:00,12,13,176,Sunday,June,Summer,7617
2020-07-10 00:00:00,14,15,192,Friday,July,Summer,6004
2020-05-03 00:00:00,18,19,124,Sunday,May,Spring,2715
2023-07-11 00:00:00,2,3,192,Tuesday,July,Summer,1440
2025-01-19 00:00:00,23,0,19,Sunday,January,Winter,1247
2025-09-15 00:00:00,13,14,258,Monday,September,Fall,11829
2020-02-21 00:00:00,4,5,52,Friday,February,Winter,4526
2020-04-03 00:00:00,4,5,94,Friday,April,Spring,2045
2020-11-16 00:00:00,9,10,321,Monday,November,Fall,8791
2024-01-08 00:00:00,0,1,8,Monday,January,Winter,11527
2023-01-05 00:00:00,17,18,5,Thursday,January,Winter,5141
2022-02-13 00:00:00,3,4,44,Sunday,February,Winter,7754
2022-06-24 00:00:00,17,18,175,Friday,June,Summer,10605
2022-06-06 00:00:00,14,15,157,Monday,June,Summer,8772
2025-11-25 00:00:00,20,21,329,Tuesday,November,Fall,10545
2024-12-21 00:00:00,10,11,356,Saturday,December,Winter,11019
2025-07-04 00:00:00,14,15,185,Friday,July,Summer,10382
2025-04-03 00:00:00,22,23,93,Thursday,April,Spring,6607
2020-05-27 00:00:00,7,8,148,Wednesday,May,Spring,3233
2025-07-20 00:00:00,19,20,201,Sunday,July,Summer,9310
2025-08-03 00:00:00,2,3,215,Sunday,August,Summer,1880
2021-01-19 00:00:00,5,6,19,Tuesday,January,Winter,10754
2021-07-22 00:00:00,19,20,203,Thursday,July,Summer,3126
2022-11-12 00:00:00,11,12,316,Saturday,November,Fall,5451
2023-11-16 00:00:00,3,4,320,Thursday,November,Fall,3165
2020-11-25 00:00:00,17,18,330,Wednesday,November,Fall,2800
2020-03-23 00:00:00,19,20,83,Monday,March,Spring,6877
2025-07-21 00:00:00,3,4,202,Monday,July,Summer,9816
2025-09-19 00:00:00,1,2,262,Friday,September,Fall,2045
2022-06-05 00:00:00,17,18,156,Sunday,June,Summer,8606
2024-10-13 00:00:00,23,0,287,Sunday,October,Fall,3303
2023-04-08 00:00:00,10,11,98,Saturday,April,Spring,6560
2020-07-27 00:00:00,12,13,209,Monday,July,Summer,10256
2020-10-13 00:00:00,17,18,287,Tuesday,October,Fall,4407
2021-08-16 00:00:00,0,1,228,Monday,August,Summer,5226
2022-02-23 00:00:00,20,21,54,Wednesday,February,Winter,2068
2020-06-14 00:00:00,1,2,166,Sunday,June,Summer,4021
2022-02-24 00:00:00,6,7,55,Thursday,February,Winter,5440
2022-02-18 00:00:00,1,2,49,Friday,February,Winter,6858
2022-12-02 00:00:00,13,14,336,Friday,December,Winter,3589
2020-05-22 00:00:00,16,17,143,Friday,May,Spring,7240
2021-10-09 00:00:00,8,9,282,Saturday,October,Fall,2847
2021-10-13 00:00:00,0,1,286,Wednesday,October,Fall,3296
2022-04-09 00:00:00,22,23,99,Saturday,April,Spring,1982
2020-03-14 00:00:00,9,10,74,Saturday,March,Spring,5211
2025-09-11 00:00:00,17,18,254,Thursday,September,Fall,14879
2020-07-12 00:00:00,18,19,194,Sunday,July,Summer,4023
2025-10-15 00:00:00,10,11,288,Wednesday,October,Fall,6940
2025-03-17 00:00:00,16,17,76,Monday,March,Spring,14877
2020-08-07 00:00:00,21,22,220,Friday,August,Summer,1119
2020-04-13 00:00:00,5,6,104,Monday,April,Spring,4328
2020-05-31 00:00:00,23,0,152,Sunday,May,Spring,6056
2023-05-28 00:00:00,17,18,148,Sunday,May,Spring,6428
2022-08-23 00:00:00,4,5,235,Tuesday,August,Summer,1005
2020-07-30 00:00:00,17,18,212,Thursday,July,Summer,3388
2021-12-25 00:00:00,7,8,359,Saturday,December,Winter,1572
2024-11-16 00:00:00,6,7,321,Saturday,November,Fall,1374
2022-05-06 00:00:00,1,2,126,Friday,May,Spring,3436
2023-07-25 00:00:00,7,8,206,Tuesday,July,Summer,5855
2023-06-30 00:00:00,0,1,181,Friday,June,Summer,2447
2020-06-21 00:00:00,1,2,173,Sunday,June,Summer,1887
2020-03-30 00:00:00,23,0,90,Monday,March,Spring,7156
2022-11-07 00:00:00,5,6,311,Monday,November,Fall,11253
2025-08-02 00:00:00,3,4,214,Saturday,August,Summer,3930
2020-12-14 00:00:00,9,10,349,Monday,December,Winter,8267
2024-05-12 00:00:00,7,8,133,Sunday,May,Spring,4275
2020-01-12 00:00:00,22,23,12,Sunday,January,Winter,3733
2021-08-08 00:00:00,1,2,220,Sunday,August,Summer,7331
2022-05-11 00:00:00,5,6,131,Wednesday,May,Spring,3101
2023-10-01 00:00:00,21,22,274,Sunday,October,Fall,2395
2022-02-23 00:00:00,12,13,54,Wednesday,February,Winter,5805
2023-10-22 00:00:00,23,0,295,Sunday,October,Fall,3732
2024-06-14 00:00:00,12,13,166,Friday,June,Summer,12826
2025-03-04 00:00:00,15,16,63,Tuesday,March,Spring,6290
2024-06-23 00:00:00,13,14,175,Sunday,June,Summer,4302
2021-10-22 00:00:00,19,20,295,Friday,October,Fall,2834
2024-07-10 00:00:00,0,1,192,Wednesday,July,Summer,2264
2020-11-04 00:00:00,13,14,309,Wednesday,November,Fall,4014
2022-11-15 00:00:00,9,10,319,Tuesday,November,Fall,10782
2023-01-28 00:00:00,23,0,28,Saturday,January,Winter,2268
2024-04-19 00:00:00,11,12,110,Friday,April,Spring,16276
2024-07-23 00:00:00,13,14,205,Tuesday,July,Summer,14087
2023-10-06 00:00:00,20,21,279,Friday,October,Fall,1085
2022-07-07 00:00:00,15,16,188,Thursday,July,Summer,10600
2024-06-30 00:00:00,6,7,182,Sunday,June,Summer,3753
2021-05-05 00:00:00,12,13,125,Wednesday,May,Spring,11434
2022-10-09 00:00:00,13,14,282,Sunday,October,Fall,6807
2024-01-09 00:00:00,16,17,9,Tuesday,January,Winter,4360
2023-06-19 00:00:00,18,19,170,Monday,June,Summer,4195
2025-01-24 00:00:00,22,23,24,Friday,January,Winter,11288
2022-06-21 00:00:00,21,22,172,Tuesday,June,Summer,1796
2023-09-07 00:00:00,7,8,250,Thursday,September,Fall,2686
2023-06-24 00:00:00,11,12,175,Saturday,June,Summer,8244
2025-04-28 00:00:00,2,3,118,Monday,April,Spring,3071
2021-05-15 00:00:00,5,6,135,Saturday,May,Spring,4264
2023-05-25 00:00:00,2,3,145,Thursday,May,Spring,6906
2020-09-14 00:00:00,13,14,258,Monday,September,Fall,5071
2024-04-07 00:00:00,22,23,98,Sunday,April,Spring,5202
2022-06-21 00:00:00,4,5,172,Tuesday,June,Summer,3804
2025-07-04 00:00:00,3,4,185,Friday,July,Summer,5286
2021-09-21 00:00:00,19,20,264,Tuesday,September,Fall,2280
2024-03-04 00:00:00,9,10,64,Monday,March,Spring,6988
2021-07-27 00:00:00,22,23,208,Tuesday,July,Summer,3166
2025-04-09 00:00:00,1,2,99,Wednesday,April,Spring,5058
2021-07-04 00:00:00,13,14,185,Sunday,July,Summer,6911
2021-10-20 00:00:00,20,21,293,Wednesday,October,Fall,13048
2022-11-27 00:00:00,20,21,331,Sunday,November,Fall,7343
2025-03-17 00:00:00,14,15,76,Monday,March,Spring,15549
2024-03-14 00:00:00,7,8,74,Thursday,March,Spring,6363
2020-05-10 00:00:00,18,19,131,Sunday,May,Spring,4802
2020-12-27 00:00:00,6,7,362,Sunday,December,Winter,11736
2021-11-21 00:00:00,9,10,325,Sunday,November,Fall,1770
2025-11-28 00:00:00,15,16,332,Friday,November,Fall,7931
2021-12-09 00:00:00,11,12,343,Thursday,December,Winter,7038
2024-03-16 00:00:00,22,23,76,Saturday,March,Spring,2197
2020-08-05 00:00:00,16,17,218,Wednesday,August,Summer,4806
2025-04-06 00:00:00,19,20,96,Sunday,April,Spring,8524
2022-02-23 00:00:00,7,8,54,Wednesday,February,Winter,888
2020-12-22 00:00:00,7,8,357,Tuesday,December,Winter,10664
2023-06-10 00:00:00,8,9,161,Saturday,June,Summer,3002
2025-11-13 00:00:00,6,7,317,Thursday,November,Fall,10431
2022-03-16 00:00:00,2,3,75,Wednesday,March,Spring,4258
2025-09-16 00:00:00,2,3,259,Tuesday,September,Fall,11697
2020-11-21 00:00:00,23,0,326,Saturday,November,Fall,2372
2024-12-12 00:00:00,5,6,347,Thursday,December,Winter,3271
2023-06-15 00:00:00,10,11,166,Thursday,June,Summer,5298
2023-02-24 00:00:00,0,1,55,Friday,February,Winter,6635
2022-04-01 00:00:00,13,14,91,Friday,April,Spring,14543
2021-04-20 00:00:00,6,7,110,Tuesday,April,Spring,577
2024-06-17 00:00:00,21,22,169,Monday,June,Summer,1375
2021-06-29 00:00:00,8,9,180,Tuesday,June,Summer,2049
2023-05-07 00:00:00,5,6,127,Sunday,May,Spring,1473
2020-08-09 00:00:00,4,5,222,Sunday,August,Summer,1263
2024-11-09 00:00:00,6,7,314,Saturday,November,Fall,884
2024-07-03 00:00:00,15,16,185,Wednesday,July,Summer,12305
2020-02-26 00:00:00,19,20,57,Wednesday,February,Winter,6383
2025-07-08 00:00:00,10,11,189,Tuesday,July,Summer,10854
2023-12-27 00:00:00,16,17,361,Wednesday,December,Winter,13272
2025-02-08 00:00:00,22,23,39,Saturday,February,Winter,4543
2024-10-25 00:00:00,10,11,299,Friday,October,Fall,6611
2021-12-02 00:00:00,7,8,336,Thursday,December,Winter,7999
2024-05-10 00:00:00,3,4,131,Friday,May,Spring,5301
2023-01-31 00:00:00,10,11,31,Tuesday,January,Winter,6313
2024-02-28 00:00:00,9,10,59,Wednesday,February,Winter,4006
2022-10-27 00:00:00,17,18,300,Thursday,October,Fall,5638
2024-11-09 00:00:00,21,22,314,Saturday,November,Fall,622
2020-11-26 00:00:00,7,8,331,Thursday,November,Fall,2650
2022-12-12 00:00:00,16,17,346,Monday,December,Winter,3694
2022-01-08 00:00:00,3,4,8,Saturday,January,Winter,6540
2023-07-22 00:00:00,5,6,203,Saturday,July,Summer,1465
2020-12-21 00:00:00,13,14,356,Monday,December,Winter,12706
2021-02-16 00:00:00,20,21,47,Tuesday,February,Winter,9859
2020-08-18 00:00:00,22,23,231,Tuesday,August,Summer,728
2020-02-02 00:00:00,16,17,33,Sunday,February,Winter,11800
2020-04-22 00:00:00,20,21,113,Wednesday,April,Spring,2587
2020-06-05 00:00:00,7,8,157,Friday,June,Summer,5969
2024-05-23 00:00:00,11,12,144,Thursday,May,Spring,6613
2022-03-20 00:00:00,1,2,79,Sunday,March,Spring,6580
2024-05-19 00:00:00,11,12,140,Sunday,May,Spring,2794
2023-09-06 00:00:00,17,18,249,Wednesday,September,Fall,4611
2021-04-22 00:00:00,16,17,112,Thursday,April,Spring,8227
2025-07-21 00:00:00,19,20,202,Monday,July,Summer,13652
2020-10-26 00:00:00,9,10,300,Monday,October,Fall,7859
2025-09-26 00:00:00,15,16,269,Friday,September,Fall,4353
2020-07-28 00:00:00,6,7,210,Tuesday,July,Summer,3610
2024-01-16 00:00:00,4,5,16,Tuesday,January,Winter,1715
2020-10-26 00:00:00,20,21,300,Monday,October,Fall,7818
2024-03-26 00:00:00,0,1,86,Tuesday,March,Spring,8416
2023-11-28 00:00:00,8,9,332,Tuesday,November,Fall,7464
2024-11-14 00:00:00,14,15,319,Thursday,November,Fall,5909
2024-12-17 00:00:00,11,12,352,Tuesday,December,Winter,6713
2020-03-20 00:00:00,11,12,80,Friday,March,Spring,6937
2025-03-28 00:00:00,8,9,87,Friday,March,Spring,5489
2022-01-16 00:00:00,1,2,16,Sunday,January,Winter,1349
2021-08-17 00:00:00,8,9,229,Tuesday,August,Summer,2250
2025-10-22 00:00:00,12,13,295,Wednesday,October,Fall,6865
2020-01-25 00:00:00,8,9,25,Saturday,January,Winter,1579
2025-02-22 00:00:00,0,1,53,Saturday,February,Winter,11725
2023-04-10 00:00:00,10,11,100,Monday,April,Spring,7919
2021-10-20 00:00:00,14,15,293,Wednesday,October,Fall,14657
2020-01-30 00:00:00,9,10,30,Thursday,January,Winter,8402
2024-09-29 00:00:00,13,14,273,Sunday,September,Fall,6168
2020-11-15 00:00:00,12,13,320,Sunday,November,Fall,14508
2021-06-08 00:00:00,3,4,159,Tuesday,June,Summer,916
2020-12-12 00:00:00,21,22,347,Saturday,December,Winter,5943
2020-12-11 00:00:00,3,4,346,Friday,December,Winter,7153
2023-02-08 00:00:00,3,4,39,Wednesday,February,Winter,3513
2020-05-21 00:00:00,20,21,142,Thursday,May,Spring,600
2025-07-09 00:00:00,14,15,190,Wednesday,July,Summer,10461
2024-02-10 00:00:00,7,8,41,Saturday,February,Winter,4227
2023-07-07 00:00:00,16,17,188,Friday,July,Summer,8765
2020-01-03 00:00:00,13,14,3,Friday,January,Winter,9695
2020-12-06 00:00:00,22,23,341,Sunday,December,Winter,1374
2021-10-06 00:00:00,8,9,279,Wednesday,October,Fall,8548
2023-06-09 00:00:00,16,17,160,Friday,June,Summer,5753
2021-07-04 00:00:00,12,13,185,Sunday,July,Summer,6187
2021-02-19 00:00:00,5,6,50,Friday,February,Winter,4799
2021-11-24 00:00:00,5,6,328,Wednesday,November,Fall,4927
2021-12-15 00:00:00,4,5,349,Wednesday,December,Winter,1396
2025-01-25 00:00:00,16,17,25,Saturday,January,Winter,5724
2020-07-14 00:00:00,15,16,196,Tuesday,July,Summer,5718
2023-10-18 00:00:00,6,7,291,Wednesday,October,Fall,11303
2024-06-27 00:00:00,18,19,179,Thursday,June,Summer,7928
2021-04-24 00:00:00,18,19,114,Saturday,April,Spring,6916
2023-10-16 00:00:00,21,22,289,Monday,October,Fall,9973
2024-02-18 00:00:00,22,23,49,Sunday,February,Winter,6925
2020-05-08 00:00:00,8,9,129,Friday,May,Spring,3039
2024-03-12 00:00:00,7,8,72,Tuesday,March,Spring,5075
2020-03-14 00:00:00,20,21,74,Saturday,March,Spring,3300
2021-01-17 00:00:00,7,8,17,Sunday,January,Winter,5676
2022-01-03 00:00:00,13,14,3,Monday,January,Winter,12240
2020-08-07 00:00:00,5,6,220,Friday,August,Summer,2101
2023-09-26 00:00:00,11,12,269,Tuesday,September,Fall,6439
2025-07-28 00:00:00,19,20,209,Monday,July,Summer,6132
2025-07-19 00:00:00,23,0,200,Saturday,July,Summer,3954
2021-03-20 00:00:00,18,19,79,Saturday,March,Spring,4921
2021-08-25 00:00:00,5,6,237,Wednesday,August,Summer,4981
2021-05-16 00:00:00,9,10,136,Sunday,May,Spring,4884
2025-11-24 00:00:00,6,7,328,Monday,November,Fall,7424
2023-01-06 00:00:00,14,15,6,Friday,January,Winter,7958
2023-08-25 00:00:00,9,10,237,Friday,August,Summer,5505
2020-08-21 00:00:00,10,11,234,Friday,August,Summer,7837
2020-12-10 00:00:00,15,16,345,Thursday,December,Winter,2800
2022-12-24 00:00:00,22,23,358,Saturday,December,Winter,3971
2025-02-26 00:00:00,8,9,57,Wednesday,February,Winter,8242
2022-03-01 00:00:00,11,12,60,Tuesday,March,Spring,4988
2022-09-25 00:00:00,21,22,268,Sunday,September,Fall,1684
2022-11-26 00:00:00,0,1,330,Saturday,November,Fall,2624
2021-03-25 00:00:00,9,10,84,Thursday,March,Spring,3091
2025-01-18 00:00:00,7,8,18,Saturday,January,Winter,1399
2022-10-06 00:00:00,7,8,279,Thursday,October,Fall,1712
2025-05-20 00:00:00,0,1,140,Tuesday,May,Spring,6826
2020-10-05 00:00:00,16,17,279,Monday,October,Fall,10905
2020-01-31 00:00:00,21,22,31,Friday,January,Winter,8388
2021-01-10 00:00:00,15,16,10,Sunday,January,Winter,4559
2023-06-14 00:00:00,3,4,165,Wednesday,June,Summer,3197
2021-03-15 00:00:00,15,16,74,Monday,March,Spring,10846
2024-11-29 00:00:00,3,4,334,Friday,November,Fall,6487
2020-12-22 00:00:00,4,5,357,Tuesday,December,Winter,10281
2020-10-05 00:00:00,3,4,279,Monday,October,Fall,11256
2021-04-20 00:00:00,5,6,110,Tuesday,April,Spring,637
2020-08-25 00:00:00,21,22,238,Tuesday,August,Summer,9550
2023-11-24 00:00:00,18,19,328,Friday,November,Fall,10539
2025-06-20 00:00:00,5,6,171,Friday,June,Summer,5645
2024-08-31 00:00:00,15,16,244,Saturday,August,Summer,8116
2024-07-23 00:00:00,9,10,205,Tuesday,July,Summer,9773
2025-07-16 00:00:00,15,16,197,Wednesday,July,Summer,16069
2021-05-06 00:00:00,15,16,126,Thursday,May,Spring,8791
2020-10-10 00:00:00,7,8,284,Saturday,October,Fall,2346
2025-02-13 00:00:00,14,15,44,Thursday,February,Winter,4494
2025-09-29 00:00:00,23,0,272,Monday,September,Fall,2697
2021-10-27 00:00:00,3,4,300,Wednesday,October,Fall,2392
2022-06-01 00:00:00,5,6,152,Wednesday,June,Summer,1109
2020-07-24 00:00:00,4,5,206,Friday,July,Summer,1771
2020-04-29 00:00:00,22,23,120,Wednesday,April,Spring,5811
2023-03-30 00:00:00,17,18,89,Thursday,March,Spring,15694
2023-07-24 00:00:00,6,7,205,Monday,July,Summer,3944
2023-04-23 00:00:00,23,0,113,Sunday,April,Spring,9704
2022-10-12 00:00:00,1,2,285,Wednesday,October,Fall,1054
2021-03-12 00:00:00,3,4,71,Friday,March,Spring,10222
2022-07-12 00:00:00,2,3,193,Tuesday,July,Summer,3789
2020-12-22 00:00:00,23,0,357,Tuesday,December,Winter,7182
2024-02-13 00:00:00,8,9,44,Tuesday,February,Winter,5445
2024-05-03 00:00:00,20,21,124,Friday,May,Spring,2251
2022-12-05 00:00:00,11,12,339,Monday,December,Winter,3554
2023-12-18 00:00:00,12,13,352,Monday,December,Winter,5551
2021-06-10 00:00:00,6,7,161,Thursday,June,Summer,1116
2024-08-05 00:00:00,21,22,218,Monday,August,Summer,751
2021-11-24 00:00:00,1,2,328,Wednesday,November,Fall,6358
2025-08-31 00:00:00,4,5,243,Sunday,August,Summer,5964
2020-06-24 00:00:00,14,15,176,Wednesday,June,Summer,6958
2023-08-11 00:00:00,17,18,223,Friday,August,Summer,6263
2021-04-21 00:00:00,13,14,111,Wednesday,April,Spring,5395
2024-02-25 00:00:00,2,3,56,Sunday,February,Winter,8187
2024-07-22 00:00:00,2,3,204,Monday,July,Summer,4013
2022-08-06 00:00:00,9,10,218,Saturday,August,Summer,7062
2023-07-07 00:00:00,6,7,188,Friday,July,Summer,4525
2021-03-22 00:00:00,3,4,81,Monday,March,Spring,4256
2025-11-19 00:00:00,1,2,323,Wednesday,November,Fall,9964
2022-07-16 00:00:00,10,11,197,Saturday,July,Summer,6731
2022-08-03 00:00:00,22,23,215,Wednesday,August,Summer,1474
2025-05-03 00:00:00,18,19,123,Saturday,May,Spring,7626
2023-09-29 00:00:00,19,20,272,Friday,September,Fall,2198
2022-01-15 00:00:00,19,20,15,Saturday,January,Winter,651
2022-04-09 00:00:00,4,5,99,Saturday,April,Spring,4701
2022-10-09 00:00:00,22,23,282,Sunday,October,Fall,5394
2023-08-12 00:00:00,15,16,224,Saturday,August,Summer,9789
2025-07-02 00:00:00,22,23,183,Wednesday,July,Summer,5548
2023-05-16 00:00:00,23,0,136,Tuesday,May,Spring,7799
2020-07-31 00:00:00,18,19,213,Friday,July,Summer,4080
2020-04-23 00:00:00,1,2,114,Thursday,April,Spring,2669
2021-12-14 00:00:00,0,1,348,Tuesday,December,Winter,810
2020-03-11 00:00:00,12,13,71,Wednesday,March,Spring,12163
2024-07-26 00:00:00,21,22,208,Friday,July,Summer,506
2021-08-04 00:00:00,17,18,216,Wednesday,August,Summer,3345
2023-07-18 00:00:00,8,9,199,Tuesday,July,Summer,3434
2020-08-28 00:00:00,17,18,241,Friday,August,Summer,8079
2024-08-27 00:00:00,17,18,240,Tuesday,August,Summer,6209
2021-03-28 00:00:00,9,10,87,Sunday,March,Spring,5097
2023-12-16 00:00:00,21,22,350,Saturday,December,Winter,2504
2021-06-03 00:00:00,16,17,154,Thursday,June,Summer,3738
2021-10-15 00:00:00,8,9,288,Friday,October,Fall,1488
2024-10-05 00:00:00,19,20,279,Saturday,October,Fall,5905
2020-04-07 00:00:00,18,19,98,Tuesday,April,Spring,2681
2021-11-26 00:00:00,12,13,330,Friday,November,Fall,10802
2022-06-26 00:00:00,8,9,177,Sunday,June,Summer,1719
2020-03-19 00:00:00,14,15,79,Thursday,March,Spring,3939
2025-06-15 00:00:00,14,15,166,Sunday,June,Summer,4719
2022-11-17 00:00:00,17,18,321,Thursday,November,Fall,8379
2024-12-02 00:00:00,22,23,337,Monday,December,Winter,7331
2024-09-11 00:00:00,3,4,255,Wednesday,September,Fall,11638
2025-05-22 00:00:00,21,22,142,Thursday,May,Spring,4939
2024-10-16 00:00:00,3,4,290,Wednesday,October,Fall,11452
2020-12-02 00:00:00,12,13,337,Wednesday,December,Winter,2987
2025-11-06 00:00:00,19,20,310,Thursday,November,Fall,2440
2025-08-29 00:00:00,15,16,241,Friday,August,Summer,15987
2024-03-05 00:00:00,22,23,65,Tuesday,March,Spring,3012
2025-06-26 00:00:00,23,0,177,Thursday,June,Summer,3959
2023-10-20 00:00:00,8,9,293,Friday,October,Fall,4473
2025-09-21 00:00:00,17,18,264,Sunday,September,Fall,4316
2020-08-07 00:00:00,16,17,220,Friday,August,Summer,3640
2021-12-03 00:00:00,3,4,337,Friday,December,Winter,3110
2021-10-16 00:00:00,10,11,289,Saturday,October,Fall,3384
2025-08-30 00:00:00,7,8,242,Saturday,August,Summer,4396
2025-02-23 00:00:00,22,23,54,Sunday,February,Winter,11952
2020-10-20 00:00:00,16,17,294,Tuesday,October,Fall,9534
2024-12-26 00:00:00,20,21,361,Thursday,December,Winter,3449
2024-12-13 00:00:00,22,23,348,Friday,December,Winter,785
2022-07-16 00:00:00,0,1,197,Saturday,July,Summer,3960
2020-10-11 00:00:00,3,4,285,Sunday,October,Fall,3670
2024-07-26 00:00:00,15,16,208,Friday,July,Summer,7022
2023-09-29 00:00:00,6,7,272,Friday,September,Fall,8290
2023-12-20 00:00:00,13,14,354,Wednesday,December,Winter,11237
2020-07-11 00:00:00,19,20,193,Saturday,July,Summer,4072
2025-01-31 00:00:00,1,2,31,Friday,January,Winter,2272
2020-03-10 00:00:00,8,9,70,Tuesday,March,Spring,11993
2022-03-03 00:00:00,4,5,62,Thursday,March,Spring,1517
2024-03-07 00:00:00,17,18,67,Thursday,March,Spring,11067
2024-10-19 00:00:00,22,23,293,Saturday,October,Fall,3297
2020-05-21 00:00:00,13,14,142,Thursday,May,Spring,4337
2023-10-11 00:00:00,13,14,284,Wednesday,October,Fall,8576
2022-07-02 00:00:00,0,1,183,Saturday,July,Summer,754
2023-01-15 00:00:00,21,22,15,Sunday,January,Winter,14992
2022-07-19 00:00:00,3,4,200,Tuesday,July,Summer,5671
2022-10-22 00:00:00,3,4,295,Saturday,October,Fall,6189
2023-12-31 00:00:00,5,6,365,Sunday,December,Winter,17336
2022-04-04 00:00:00,3,4,94,Monday,April,Spring,2150
2022-03-02 00:00:00,1,2,61,Wednesday,March,Spring,2780
2021-09-24 00:00:00,4,5,267,Friday,September,Fall,475
2021-05-23 00:00:00,23,0,143,Sunday,May,Spring,9144
2020-09-29 00:00:00,5,6,273,Tuesday,September,Fall,1805
2024-03-09 00:00:00,7,8,69,Saturday,March,Spring,12796
2024-04-16 00:00:00,10,11,107,Tuesday,April,Spring,10158
2020-06-11 00:00:00,12,13,163,Thursday,June,Summer,4847
2022-02-01 00:00:00,0,1,32,Tuesday,February,Winter,6934
2024-08-30 00:00:00,3,4,243,Friday,August,Summer,2706
2021-06-27 00:00:00,3,4,178,Sunday,June,Summer,3872
2020-11-17 00:00:00,19,20,322,Tuesday,November,Fall,2225
2024-07-23 00:00:00,1,2,205,Tuesday,July,Summer,4890
2022-07-16 00:00:00,2,3,197,Saturday,July,Summer,3533
2025-07-08 00:00:00,20,21,189,Tuesday,July,Summer,3770
2022-10-19 00:00:00,17,18,292,Wednesday,October,Fall,7629
2020-06-16 00:00:00,20,21,168,Tuesday,June,Summer,1666
2025-01-10 00:00:00,15,16,10,Friday,January,Winter,3319
2020-09-10 00:00:00,11,12,254,Thursday,September,Fall,3052
2021-11-13 00:00:00,8,9,317,Saturday,November,Fall,5126
2025-04-22 00:00:00,13,14,112,Tuesday,April,Spring,7792
2020-05-15 00:00:00,5,6,136,Friday,May,Spring,6575
2024-03-25 00:00:00,15,16,85,Monday,March,Spring,10580
2023-01-26 00:00:00,23,0,26,Thursday,January,Winter,6312
2024-07-19 00:00:00,5,6,201,Friday,July,Summer,1335
2025-06-30 00:00:00,21,22,181,Monday,June,Summer,1192
2023-02-12 00:00:00,0,1,43,Sunday,February,Winter,3402
2022-09-27 00:00:00,6,7,270,Tuesday,September,Fall,6509
2020-07-27 00:00:00,15,16,209,Monday,July,Summer,11749
2023-07-10 00:00:00,13,14,191,Monday,July,Summer,8700
2025-01-20 00:00:00,2,3,20,Monday,January,Winter,1542
2023-03-28 00:00:00,16,17,87,Tuesday,March,Spring,9979
2021-10-04 00:00:00,8,9,277,Monday,October,Fall,5584
2024-06-09 00:00:00,1,2,161,Sunday,June,Summer,3464
2021-08-17 00:00:00,12,13,229,Tuesday,August,Summer,6878
2023-01-27 00:00:00,7,8,27,Friday,January,Winter,8252
2021-08-05 00:00:00,14,15,217,Thursday,August,Summer,8681
2025-07-21 00:00:00,23,0,202,Monday,July,Summer,7848
2025-05-27 00:00:00,17,18,147,Tuesday,May,Spring,15563
2024-02-22 00:00:00,0,1,53,Thursday,February,Winter,14343
2023-12-10 00:00:00,0,1,344,Sunday,December,Winter,16050
2021-06-18 00:00:00,1,2,169,Friday,June,Summer,3603
2025-04-25 00:00:00,10,11,115,Friday,April,Spring,7896
2021-07-05 00:00:00,0,1,186,Monday,July,Summer,2602
2021-07-07 00:00:00,23,0,188,Wednesday,July,Summer,1703
2020-12-12 00:00:00,11,12,347,Saturday,December,Winter,6348
2025-11-01 00:00:00,16,17,305,Saturday,November,Fall,9647
2024-01-22 00:00:00,20,21,22,Monday,January,Winter,14875
2025-08-28 00:00:00,16,17,240,Thursday,August,Summer,11353
2022-04-29 00:00:00,10,11,119,Friday,April,Spring,4724
2021-01-20 00:00:00,18,19,20,Wednesday,January,Winter,15051
2024-06-19 00:00:00,22,23,171,Wednesday,June,Summer,6935
2022-04-02 00:00:00,16,17,92,Saturday,April,Spring,12110
2024-08-08 00:00:00,5,6,221,Thursday,August,Summer,1189
2024-11-02 00:00:00,18,19,307,Saturday,November,Fall,3994
2021-09-06 00:00:00,15,16,249,Monday,September,Fall,5313
2020-03-28 00:00:00,19,20,88,Saturday,March,Spring,9382
2022-02-14 00:00:00,21,22,45,Monday,February,Winter,6029
2022-10-13 00:00:00,17,18,286,Thursday,October,Fall,4003
2024-07-15 00:00:00,16,17,197,Monday,July,Summer,10450
2023-04-22 00:00:00,0,1,112,Saturday,April,Spring,3755
2024-10-26 00:00:00,16,17,300,Saturday,October,Fall,2125
2025-01-25 00:00:00,11,12,25,Saturday,January,Winter,7875
2024-02-06 00:00:00,14,15,37,Tuesday,February,Winter,15869
2024-11-24 00:00:00,18,19,329,Sunday,November,Fall,19758
2022-12-04 00:00:00,2,3,338,Sunday,December,Winter,3252
2023-02-12 00:00:00,14,15,43,Sunday,February,Winter,6688
2020-01-31 00:00:00,4,5,31,Friday,January,Winter,7716
2020-11-29 00:00:00,10,11,334,Sunday,November,Fall,4788
2022-04-29 00:00:00,18,19,119,Friday,April,Spring,4816
2021-08-01 00:00:00,16,17,213,Sunday,August,Summer,6683
2020-03-15 00:00:00,0,1,75,Sunday,March,Spring,3612
2023-07-01 00:00:00,21,22,182,Saturday,July,Summer,7075
2023-03-02 00:00:00,21,22,61,Thursday,March,Spring,4877
2024-08-03 00:00:00,7,8,216,Saturday,August,Summer,3218
2024-11-19 00:00:00,20,21,324,Tuesday,November,Fall,12210
2024-01-08 00:00:00,6,7,8,Monday,January,Winter,12121
2024-12-21 00:00:00,21,22,356,Saturday,December,Winter,18922
2022-10-25 00:00:00,17,18,298,Tuesday,October,Fall,4158
2022-04-15 00:00:00,1,2,105,Friday,April,Spring,1942
2021-12-07 00:00:00,6,7,341,Tuesday,December,Winter,5150
2022-01-17 00:00:00,23,0,17,Monday,January,Winter,2215
2025-02-24 00:00:00,9,10,55,Monday,February,Winter,15311
2021-07-14 00:00:00,20,21,195,Wednesday,July,Summer,6824
2023-01-11 00:00:00,4,5,11,Wednesday,January,Winter,13408
2024-10-15 00:00:00,11,12,289,Tuesday,October,Fall,7313
2023-09-14 00:00:00,20,21,257,Thursday,September,Fall,983
2021-12-04 00:00:00,13,14,338,Saturday,December,Winter,14167
2021-05-10 00:00:00,21,22,130,Monday,May,Spring,1928
2021-07-31 00:00:00,13,14,212,Saturday,July,Summer,6027
2025-11-26 00:00:00,9,10,330,Wednesday,November,Fall,5852
2022-06-20 00:00:00,20,21,171,Monday,June,Summer,4764
2020-08-01 00:00:00,13,14,214,Saturday,August,Summer,4517
2022-09-30 00:00:00,17,18,273,Friday,September,Fall,8433
2024-06-10 00:00:00,13,14,162,Monday,June,Summer,16343
2024-09-08 00:00:00,5,6,252,Sunday,September,Fall,5635
2021-08-20 00:00:00,10,11,232,Friday,August,Summer,3653
2020-10-21 00:00:00,17,18,295,Wednesday,October,Fall,11801
2023-11-08 00:00:00,22,23,312,Wednesday,November,Fall,14010
2020-10-11 00:00:00,7,8,285,Sunday,October,Fall,3222
2023-08-04 00:00:00,11,12,216,Friday,August,Summer,7826
2021-05-15 00:00:00,16,17,135,Saturday,May,Spring,11074
2021-11-01 00:00:00,18,19,305,Monday,November,Fall,5774
2025-02-13 00:00:00,4,5,44,Thursday,February,Winter,1341
2022-02-20 00:00:00,20,21,51,Sunday,February,Winter,16004
2025-01-02 00:00:00,6,7,2,Thursday,January,Winter,7704
2023-01-23 00:00:00,4,5,23,Monday,January,Winter,4026
2022-03-15 00:00:00,0,1,74,Tuesday,March,Spring,5845
2022-12-01 00:00:00,15,16,335,Thursday,December,Winter,4324
2024-05-10 00:00:00,21,22,131,Friday,May,Spring,5155
2025-08-15 00:00:00,16,17,227,Friday,August,Summer,9881
2020-02-09 00:00:00,11,12,40,Sunday,February,Winter,15238
2024-05-21 00:00:00,21,22,142,Tuesday,May,Spring,3665
2024-05-11 00:00:00,6,7,132,Saturday,May,Spring,4326
2020-09-23 00:00:00,18,19,267,Wednesday,September,Fall,5813
2025-11-17 00:00:00,15,16,321,Monday,November,Fall,10323
2021-01-02 00:00:00,0,1,2,Saturday,January,Winter,1169
2023-08-08 00:00:00,23,0,220,Tuesday,August,Summer,2853
2023-05-18 00:00:00,19,20,138,Thursday,May,Spring,6720
2022-10-24 00:00:00,22,23,297,Monday,October,Fall,7627
2022-09-03 00:00:00,20,21,246,Saturday,September,Fall,1066
2024-11-29 00:00:00,14,15,334,Friday,November,Fall,7650
2020-04-04 00:00:00,10,11,95,Saturday,April,Spring,4136
2020-03-18 00:00:00,11,12,78,Wednesday,March,Spring,3727
2020-04-29 00:00:00,13,14,120,Wednesday,April,Spring,10092
2021-10-16 00:00:00,16,17,289,Saturday,October,Fall,3207
2021-10-06 00:00:00,17,18,279,Wednesday,October,Fall,8756
2025-02-26 00:00:00,11,12,57,Wednesday,February,Winter,13305
2021-03-01 00:00:00,13,14,60,Monday,March,Spring,5810
2022-11-24 00:00:00,3,4,328,Thursday,November,Fall,11415
2025-09-01 00:00:00,20,21,244,Monday,September,Fall,5387
2024-11-14 00:00:00,21,22,319,Thursday,November,Fall,3630
2021-03-20 00:00:00,6,7,79,Saturday,March,Spring,4488
2021-12-17 00:00:00,5,6,351,Friday,December,Winter,6817
2025-02-07 00:00:00,3,4,38,Friday,February,Winter,9958
2024-01-05 00:00:00,0,1,5,Friday,January,Winter,12301
2024-09-08 00:00:00,12,13,252,Sunday,September,Fall,11440
2020-07-27 00:00:00,8,9,209,Monday,July,Summer,3719
2023-02-17 00:00:00,13,14,48,Friday,February,Winter,13006
2024-07-22 00:00:00,5,6,204,Monday,July,Summer,3267
2024-09-07 00:00:00,12,13,251,Saturday,September,Fall,6652
2021-08-02 00:00:00,8,9,214,Monday,August,Summer,1835
2021-07-24 00:00:00,18,19,205,Saturday,July,Summer,5008
2022-06-26 00:00:00,21,22,177,Sunday,June,Summer,1353
2021-05-25 00:00:00,9,10,145,Tuesday,May,Spring,10972
2024-01-03 00:00:00,5,6,3,Wednesday,January,Winter,16091
2024-04-28 00:00:00,18,19,119,Sunday,April,Spring,4975
2022-02-10 00:00:00,3,4,41,Thursday,February,Winter,4390
2023-09-01 00:00:00,2,3,244,Friday,September,Fall,4835
2025-01-23 00:00:00,8,9,23,Thursday,January,Winter,6187
2022-08-12 00:00:00,9,10,224,Friday,August,Summer,4233
2022-06-06 00:00:00,0,1,157,Monday,June,Summer,3154
2021-04-26 00:00:00,23,0,116,Monday,April,Spring,6682
2022-08-21 00:00:00,4,5,233,Sunday,August,Summer,492
2025-07-29 00:00:00,17,18,210,Tuesday,July,Summer,9703
2020-01-14 00:00:00,1,2,14,Tuesday,January,Winter,12193
2020-11-23 00:00:00,6,7,328,Monday,November,Fall,197
2020-03-03 00:00:00,16,17,63,Tuesday,March,Spring,2913
2022-04-30 00:00:00,23,0,120,Saturday,April,Spring,4152
2025-08-28 00:00:00,3,4,240,Thursday,August,Summer,2154
2025-09-28 00:00:00,17,18,271,Sunday,September,Fall,3101
2020-04-26 00:00:00,19,20,117,Sunday,April,Spring,826
2020-04-26 00:00:00,7,8,117,Sunday,April,Spring,1234
2020-01-13 00:00:00,0,1,13,Monday,January,Winter,3124
2021-07-04 00:00:00,8,9,185,Sunday,July,Summer,1516
2022-08-20 00:00:00,16,17,232,Saturday,August,Summer,6307
2022-10-15 00:00:00,21,22,288,Saturday,October,Fall,4985
2024-11-04 00:00:00,20,21,309,Monday,November,Fall,2945
2024-05-27 00:00:00,1,2,148,Monday,May,Spring,2781
2021-05-03 00:00:00,7,8,123,Monday,May,Spring,1219
2023-06-25 00:00:00,21,22,176,Sunday,June,Summer,4990
2023-01-24 00:00:00,17,18,24,Tuesday,January,Winter,3120
2022-02-11 00:00:00,8,9,42,Friday,February,Winter,2704
2023-06-17 00:00:00,22,23,168,Saturday,June,Summer,1596
2021-09-25 00:00:00,10,11,268,Saturday,September,Fall,3100
2024-09-09 00:00:00,8,9,253,Monday,September,Fall,8509
2023-04-25 00:00:00,23,0,115,Tuesday,April,Spring,2732
2021-04-17 00:00:00,20,21,107,Saturday,April,Spring,5570
2022-08-01 00:00:00,23,0,213,Monday,August,Summer,1415
2021-07-14 00:00:00,18,19,195,Wednesday,July,Summer,7691
2025-10-14 00:00:00,10,11,287,Tuesday,October,Fall,8624
2020-02-21 00:00:00,14,15,52,Friday,February,Winter,8633
2024-10-24 00:00:00,11,12,298,Thursday,October,Fall,7285
2022-07-17 00:00:00,2,3,198,Sunday,July,Summer,6218
2022-08-15 00:00:00,12,13,227,Monday,August,Summer,7754
2020-08-23 00:00:00,7,8,236,Sunday,August,Summer,4453
2020-08-01 00:00:00,6,7,214,Saturday,August,Summer,1772
2025-07-03 00:00:00,3,4,184,Thursday,July,Summer,5681
2022-05-02 00:00:00,0,1,122,Monday,May,Spring,3281
2020-10-11 00:00:00,0,1,285,Sunday,October,Fall,4013
2021-05-15 00:00:00,10,11,135,Saturday,May,Spring,7542
2024-08-19 00:00:00,10,11,232,Monday,August,Summer,6872
2025-10-21 00:00:00,5,6,294,Tuesday,October,Fall,12221
2023-06-25 00:00:00,11,12,176,Sunday,June,Summer,7269
2024-09-15 00:00:00,17,18,259,Sunday,September,Fall,7756
2024-07-19 00:00:00,6,7,201,Friday,July,Summer,1367
2022-06-20 00:00:00,11,12,171,Monday,June,Summer,6635
2020-11-24 00:00:00,2,3,329,Tuesday,November,Fall,1825
2022-03-20 00:00:00,4,5,79,Sunday,March,Spring,4944
2020-05-26 00:00:00,15,16,147,Tuesday,May,Spring,7491
2025-09-09 00:00:00,20,21,252,Tuesday,September,Fall,2139
2020-01-23 00:00:00,4,5,23,Thursday,January,Winter,5821
2022-07-22 00:00:00,4,5,203,Friday,July,Summer,3155
2023-02-22 00:00:00,6,7,53,Wednesday,February,Winter,2969
2023-05-04 00:00:00,18,19,124,Thursday,May,Spring,7974
2022-03-29 00:00:00,15,16,88,Tuesday,March,Spring,3886
2025-01-24 00:00:00,13,14,24,Friday,January,Winter,19431
2025-03-17 00:00:00,21,22,76,Monday,March,Spring,11797
2024-11-04 00:00:00,4,5,309,Monday,November,Fall,2853
2023-01-11 00:00:00,10,11,11,Wednesday,January,Winter,10073
2022-06-21 00:00:00,15,16,172,Tuesday,June,Summer,4791
2020-07-02 00:00:00,18,19,184,Thursday,July,Summer,6452
2024-05-12 00:00:00,14,15,133,Sunday,May,Spring,4059
2021-03-11 00:00:00,6,7,70,Thursday,March,Spring,14266
2020-09-23 00:00:00,13,14,267,Wednesday,September,Fall,8641
2024-04-30 00:00:00,21,22,121,Tuesday,April,Spring,3124
2023-09-16 00:00:00,22,23,259,Saturday,September,Fall,2367
2025-05-04 00:00:00,19,20,124,Sunday,May,Spring,11985
2022-04-08 00:00:00,18,19,98,Friday,April,Spring,10607
2023-12-23 00:00:00,16,17,357,Saturday,December,Winter,14470
2025-08-11 00:00:00,22,23,223,Monday,August,Summer,5924
2021-07-16 00:00:00,17,18,197,Friday,July,Summer,7525
2020-02-11 00:00:00,7,8,42,Tuesday,February,Winter,11753
2024-11-09 00:00:00,1,2,314,Saturday,November,Fall,1782
2022-09-27 00:00:00,18,19,270,Tuesday,September,Fall,9228
2024-09-01 00:00:00,8,9,245,Sunday,September,Fall,4830
2020-11-01 00:00:00,7,8,306,Sunday,November,Fall,9246
2025-01-09 00:00:00,7,8,9,Thursday,January,Winter,14188
2024-12-31 00:00:00,1,2,366,Tuesday,December,Winter,2303
2025-01-06 00:00:00,0,1,6,Monday,January,Winter,18763
2024-01-30 00:00:00,14,15,30,Tuesday,January,Winter,7283
2021-04-18 00:00:00,20,21,108,Sunday,April,Spring,2015
2021-04-24 00:00:00,15,16,114,Saturday,April,Spring,8651
2021-10-27 00:00:00,19,20,300,Wednesday,October,Fall,2324
2020-07-02 00:00:00,0,1,184,Thursday,July,Summer,2474
2024-01-07 00:00:00,4,5,7,Sunday,January,Winter,7340
2024-01-18 00:00:00,14,15,18,Thursday,January,Winter,6969
2023-09-09 00:00:00,1,2,252,Saturday,September,Fall,1650
2025-03-17 00:00:00,10,11,76,Monday,March,Spring,11786
2024-10-20 00:00:00,7,8,294,Sunday,October,Fall,6846
2021-09-11 00:00:00,16,17,254,Saturday,September,Fall,4615
2024-03-12 00:00:00,15,16,72,Tuesday,March,Spring,12222
2020-08-06 00:00:00,16,17,219,Thursday,August,Summer,3605
2022-01-15 00:00:00,1,2,15,Saturday,January,Winter,847
2022-04-18 00:00:00,17,18,108,Monday,April,Spring,4269
2020-01-13 00:00:00,6,7,13,Monday,January,Winter,2987
2021-03-16 00:00:00,11,12,75,Tuesday,March,Spring,5314
2022-06-15 00:00:00,6,7,166,Wednesday,June,Summer,2328
2023-09-30 00:00:00,12,13,273,Saturday,September,Fall,6508
2024-10-29 00:00:00,21,22,303,Tuesday,October,Fall,685
2025-09-04 00:00:00,20,21,247,Thursday,September,Fall,6150
2023-08-21 00:00:00,15,16,233,Monday,August,Summer,6576
2020-04-19 00:00:00,14,15,110,Sunday,April,Spring,2914
2021-07-12 00:00:00,9,10,193,Monday,July,Summer,2663
2022-01-03 00:00:00,7,8,3,Monday,January,Winter,9393
2020-11-10 00:00:00,6,7,315,Tuesday,November,Fall,486
2025-02-03 00:00:00,23,0,34,Monday,February,Winter,1883
2025-03-31 00:00:00,0,1,90,Monday,March,Spring,4280
2024-07-12 00:00:00,17,18,194,Friday,July,Summer,8243
2024-06-14 00:00:00,17,18,166,Friday,June,Summer,12714
2025-09-21 00:00:00,11,12,264,Sunday,September,Fall,3451
2021-05-16 00:00:00,23,0,136,Sunday,May,Spring,9508
2022-03-07 00:00:00,5,6,66,Monday,March,Spring,6815
2022-08-10 00:00:00,10,11,222,Wednesday,August,Summer,6251
2023-03-07 00:00:00,5,6,66,Tuesday,March,Spring,5865
2025-03-14 00:00:00,15,16,73,Friday,March,Spring,7686
2024-10-04 00:00:00,7,8,278,Friday,October,Fall,4180
2022-12-15 00:00:00,22,23,349,Thursday,December,Winter,7205
2020-09-03 00:00:00,0,1,247,Thursday,September,Fall,931
2022-06-17 00:00:00,21,22,168,Friday,June,Summer,1078
2023-12-21 00:00:00,18,19,355,Thursday,December,Winter,17520
2023-03-02 00:00:00,14,15,61,Thursday,March,Spring,6558
2024-08-04 00:00:00,20,21,217,Sunday,August,Summer,1620
2024-12-29 00:00:00,21,22,364,Sunday,December,Winter,548
2024-11-14 00:00:00,1,2,319,Thursday,November,Fall,3831
2022-08-04 00:00:00,9,10,216,Thursday,August,Summer,3343
2022-04-26 00:00:00,0,1,116,Tuesday,April,Spring,2101
2022-05-16 00:00:00,5,6,136,Monday,May,Spring,5648
2020-01-09 00:00:00,16,17,9,Thursday,January,Winter,10435
2022-11-24 00:00:00,14,15,328,Thursday,November,Fall,9150
2024-01-20 00:00:00,23,0,20,Saturday,January,Winter,10670
2020-03-14 00:00:00,22,23,74,Saturday,March,Spring,3349
2020-03-10 00:00:00,22,23,70,Tuesday,March,Spring,11030
2024-05-26 00:00:00,2,3,147,Sunday,May,Spring,4508
2023-08-13 00:00:00,1,2,225,Sunday,August,Summer,1162
2022-03-28 00:00:00,6,7,87,Monday,March,Spring,1606
2020-10-12 00:00:00,14,15,286,Monday,October,Fall,4590
2024-10-22 00:00:00,10,11,296,Tuesday,October,Fall,3182
2020-10-19 00:00:00,11,12,293,Monday,October,Fall,5009
2021-09-12 00:00:00,21,22,255,Sunday,September,Fall,1376
2024-07-17 00:00:00,3,4,199,Wednesday,July,Summer,2046
2024-08-17 00:00:00,1,2,230,Saturday,August,Summer,1571
2023-08-13 00:00:00,16,17,225,Sunday,August,Summer,7801
2024-06-28 00:00:00,2,3,180,Friday,June,Summer,3695
2022-02-06 00:00:00,4,5,37,Sunday,February,Winter,13477
2021-03-31 00:00:00,10,11,90,Wednesday,March,Spring,4010
2023-10-25 00:00:00,11,12,298,Wednesday,October,Fall,11630
2024-07-23 00:00:00,23,0,205,Tuesday,July,Summer,2067
2023-03-18 00:00:00,3,4,77,Saturday,March,Spring,7204
2024-12-05 00:00:00,23,0,340,Thursday,December,Winter,18205
2024-01-08 00:00:00,2,3,8,Monday,January,Winter,11508
2020-06-11 00:00:00,8,9,163,Thursday,June,Summer,2692
2025-06-06 00:00:00,22,23,157,Friday,June,Summer,4429
2021-06-02 00:00:00,23,0,153,Wednesday,June,Summer,2032
2020-09-21 00:00:00,21,22,265,Monday,September,Fall,1334
2025-09-02 00:00:00,23,0,245,Tuesday,September,Fall,11315
2025-09-21 00:00:00,20,21,264,Sunday,September,Fall,4453
2021-08-09 00:00:00,10,11,221,Monday,August,Summer,6015
2021-03-16 00:00:00,2,3,75,Tuesday,March,Spring,3997
2022-10-18 00:00:00,13,14,291,Tuesday,October,Fall,5899
2021-12-26 00:00:00,12,13,360,Sunday,December,Winter,4600
2024-07-27 00:00:00,2,3,209,Saturday,July,Summer,455
2020-09-11 00:00:00,9,10,255,Friday,September,Fall,1917
2020-09-13 00:00:00,19,20,257,Sunday,September,Fall,705
2023-08-15 00:00:00,17,18,227,Tuesday,August,Summer,4625
2021-07-29 00:00:00,5,6,210,Thursday,July,Summer,4205
2024-05-19 00:00:00,2,3,140,Sunday,May,Spring,552
2023-03-30 00:00:00,7,8,89,Thursday,March,Spring,11130
2025-07-10 00:00:00,16,17,191,Thursday,July,Summer,11067
2025-08-09 00:00:00,4,5,221,Saturday,August,Summer,1139
2023-11-01 00:00:00,18,19,305,Wednesday,November,Fall,12788
2024-06-12 00:00:00,20,21,164,Wednesday,June,Summer,2252
2025-09-20 00:00:00,5,6,263,Saturday,September,Fall,6560
2020-05-01 00:00:00,0,1,122,Friday,May,Spring,7535
2020-01-21 00:00:00,11,12,21,Tuesday,January,Winter,2976
2025-06-29 00:00:00,6,7,180,Sunday,June,Summer,2536
2020-10-12 00:00:00,6,7,286,Monday,October,Fall,2120
2024-07-25 00:00:00,12,13,207,Thursday,July,Summer,9805
2023-06-05 00:00:00,13,14,156,Monday,June,Summer,9739
2023-06-09 00:00:00,7,8,160,Friday,June,Summer,4688
2025-09-04 00:00:00,21,22,247,Thursday,September,Fall,6077
2024-05-11 00:00:00,23,0,132,Saturday,May,Spring,4091
2025-03-24 00:00:00,10,11,83,Monday,March,Spring,5051
2023-07-26 00:00:00,7,8,207,Wednesday,July,Summer,2889
2024-08-06 00:00:00,20,21,219,Tuesday,August,Summer,2592
2025-04-22 00:00:00,5,6,112,Tuesday,April,Spring,1421
2024-08-27 00:00:00,11,12,240,Tuesday,August,Summer,8753
2021-07-11 00:00:00,15,16,192,Sunday,July,Summer,4877
2021-11-11 00:00:00,7,8,315,Thursday,November,Fall,1001
2025-02-25 00:00:00,0,1,56,Tuesday,February,Winter,4530
2025-04-02 00:00:00,11,12,92,Wednesday,April,Spring,18987
2020-07-22 00:00:00,6,7,204,Wednesday,July,Summer,3797
2020-02-05 00:00:00,16,17,36,Wednesday,February,Winter,2504
2020-03-30 00:00:00,20,21,90,Monday,March,Spring,8073
2020-05-11 00:00:00,4,5,132,Monday,May,Spring,9699
2021-11-05 00:00:00,2,3,309,Friday,November,Fall,3405
2020-08-30 00:00:00,3,4,243,Sunday,August,Summer,3012
2025-09-08 00:00:00,21,22,251,Monday,September,Fall,2307
2022-03-04 00:00:00,8,9,63,Friday,March,Spring,3630
2022-08-06 00:00:00,2,3,218,Saturday,August,Summer,5462
2024-12-13 00:00:00,19,20,348,Friday,December,Winter,698
2023-12-31 00:00:00,17,18,365,Sunday,December,Winter,17198
2025-09-04 00:00:00,9,10,247,Thursday,September,Fall,9465
2025-02-25 00:00:00,9,10,56,Tuesday,February,Winter,8542
2022-03-18 00:00:00,11,12,77,Friday,March,Spring,12613
2025-03-19 00:00:00,14,15,78,Wednesday,March,Spring,12452
2022-08-07 00:00:00,0,1,219,Sunday,August,Summer,7995
2025-03-24 00:00:00,4,5,83,Monday,March,Spring,747
2020-12-22 00:00:00,11,12,357,Tuesday,December,Winter,9500
2020-05-05 00:00:00,22,23,126,Tuesday,May,Spring,2517
2024-12-14 00:00:00,7,8,349,Saturday,December,Winter,2252
2023-02-03 00:00:00,21,22,34,Friday,February,Winter,4534
2022-11-12 00:00:00,8,9,316,Saturday,November,Fall,4144
2024-07-18 00:00:00,11,12,200,Thursday,July,Summer,7522
2020-03-09 00:00:00,6,7,69,Monday,March,Spring,6476
2021-06-28 00:00:00,12,13,179,Monday,June,Summer,4142
2022-03-24 00:00:00,11,12,83,Thursday,March,Spring,6783
2020-01-03 00:00:00,8,9,3,Friday,January,Winter,9177
2025-05-02 00:00:00,20,21,122,Friday,May,Spring,3054
2022-11-23 00:00:00,10,11,327,Wednesday,November,Fall,12239
2023-11-03 00:00:00,4,5,307,Friday,November,Fall,9640
2024-04-09 00:00:00,23,0,100,Tuesday,April,Spring,8241
2021-05-16 00:00:00,19,20,136,Sunday,May,Spring,9726
2025-02-14 00:00:00,5,6,45,Friday,February,Winter,5166
2022-10-23 00:00:00,14,15,296,Sunday,October,Fall,13158
2022-12-14 00:00:00,17,18,348,Wednesday,December,Winter,2357
2024-07-31 00:00:00,16,17,213,Wednesday,July,Summer,6848
2025-01-15 00:00:00,0,1,15,Wednesday,January,Winter,2675
2021-11-21 00:00:00,21,22,325,Sunday,November,Fall,5308
2023-11-12 00:00:00,5,6,316,Sunday,November,Fall,7747
2021-11-10 00:00:00,19,20,314,Wednesday,November,Fall,1095
2022-10-30 00:00:00,15,16,303,Sunday,October,Fall,4128
2021-01-12 00:00:00,13,14,12,Tuesday,January,Winter,11705
2023-11-17 00:00:00,5,6,321,Friday,November,Fall,4471
2022-07-03 00:00:00,8,9,184,Sunday,July,Summer,2588
2021-03-09 00:00:00,17,18,68,Tuesday,March,Spring,3112
2023-03-17 00:00:00,10,11,76,Friday,March,Spring,9438
2025-04-01 00:00:00,5,6,91,Tuesday,April,Spring,10726
2020-03-28 00:00:00,2,3,88,Saturday,March,Spring,2228
2022-01-29 00:00:00,4,5,29,Saturday,January,Winter,5616
2023-02-11 00:00:00,1,2,42,Saturday,February,Winter,2311
2020-05-19 00:00:00,22,23,140,Tuesday,May,Spring,3873
2023-05-08 00:00:00,20,21,128,Monday,May,Spring,1613
2021-04-23 00:00:00,9,10,113,Friday,April,Spring,4703
2025-10-13 00:00:00,19,20,286,Monday,October,Fall,6779
2020-01-08 00:00:00,12,13,8,Wednesday,January,Winter,5049
2023-11-13 00:00:00,4,5,317,Monday,November,Fall,10748
2021-06-30 00:00:00,5,6,181,Wednesday,June,Summer,2072
2023-08-28 00:00:00,3,4,240,Monday,August,Summer,3728
2021-09-02 00:00:00,16,17,245,Thursday,September,Fall,6041
2022-03-31 00:00:00,7,8,90,Thursday,March,Spring,5596
2023-01-14 00:00:00,14,15,14,Saturday,January,Winter,18425
2020-12-10 00:00:00,17,18,345,Thursday,December,Winter,3945
2025-01-06 00:00:00,8,9,6,Monday,January,Winter,18841
2024-02-05 00:00:00,14,15,36,Monday,February,Winter,9758
2024-11-04 00:00:00,14,15,309,Monday,November,Fall,4760
2022-11-10 00:00:00,4,5,314,Thursday,November,Fall,3540
2020-07-14 00:00:00,9,10,196,Tuesday,July,Summer,2423
2020-09-17 00:00:00,0,1,261,Thursday,September,Fall,4803
2021-07-12 00:00:00,15,16,193,Monday,July,Summer,4724
2020-05-22 00:00:00,10,11,143,Friday,May,Spring,5050
2021-01-18 00:00:00,14,15,18,Monday,January,Winter,5818
2022-09-22 00:00:00,22,23,265,Thursday,September,Fall,613
2021-02-22 00:00:00,7,8,53,Monday,February,Winter,6262
2020-03-22 00:00:00,8,9,82,Sunday,March,Spring,8856
2020-10-12 00:00:00,9,10,286,Monday,October,Fall,2453
2025-04-19 00:00:00,15,16,109,Saturday,April,Spring,4612
2025-08-25 00:00:00,22,23,237,Monday,August,Summer,1411
2022-04-20 00:00:00,4,5,110,Wednesday,April,Spring,4490
2020-12-09 00:00:00,14,15,344,Wednesday,December,Winter,2985
2020-07-22 00:00:00,14,15,204,Wednesday,July,Summer,4307
2023-05-21 00:00:00,5,6,141,Sunday,May,Spring,5032
2022-01-22 00:00:00,6,7,22,Saturday,January,Winter,2925
2021-12-01 00:00:00,11,12,335,Wednesday,December,Winter,12759
2021-01-11 00:00:00,2,3,11,Monday,January,Winter,1886
2020-03-09 00:00:00,5,6,69,Monday,March,Spring,7030
2024-02-26 00:00:00,16,17,57,Monday,February,Winter,13709
2022-03-07 00:00:00,18,19,66,Monday,March,Spring,5870
2021-10-11 00:00:00,10,11,284,Monday,October,Fall,4324
2025-09-01 00:00:00,13,14,244,Monday,September,Fall,12704
2020-10-02 00:00:00,22,23,276,Friday,October,Fall,3285
2024-12-20 00:00:00,11,12,355,Friday,December,Winter,8847
2022-08-07 00:00:00,15,16,219,Sunday,August,Summer,10239
2024-02-07 00:00:00,13,14,38,Wednesday,February,Winter,17700
2020-06-04 00:00:00,16,17,156,Thursday,June,Summer,6146
2021-10-13 00:00:00,7,8,286,Wednesday,October,Fall,2432
2020-02-09 00:00:00,1,2,40,Sunday,February,Winter,8445
2022-02-21 00:00:00,22,23,52,Monday,February,Winter,10192
2024-03-03 00:00:00,5,6,63,Sunday,March,Spring,3260
2025-07-17 00:00:00,4,5,198,Thursday,July,Summer,1257
2024-02-23 00:00:00,16,17,54,Friday,February,Winter,12084
2025-03-07 00:00:00,23,0,66,Friday,March,Spring,10966
2023-12-15 00:00:00,20,21,349,Friday,December,Winter,1834
2025-09-24 00:00:00,1,2,267,Wednesday,September,Fall,7488
2025-08-03 00:00:00,8,9,215,Sunday,August,Summer,4235
2025-11-20 00:00:00,17,18,324,Thursday,November,Fall,3840
2020-09-11 00:00:00,8,9,255,Friday,September,Fall,1169
2025-11-02 00:00:00,6,7,306,Sunday,November,Fall,8973
2022-09-22 00:00:00,15,16,265,Thursday,September,Fall,5500
2020-05-23 00:00:00,15,16,144,Saturday,May,Spring,8605
2022-12-20 00:00:00,0,1,354,Tuesday,December,Winter,13706
2024-11-22 00:00:00,0,1,327,Friday,November,Fall,5864
2022-11-13 00:00:00,3,4,317,Sunday,November,Fall,2267
2021-04-19 00:00:00,10,11,109,Monday,April,Spring,3728
2024-07-04 00:00:00,6,7,186,Thursday,July,Summer,7129
2023-06-26 00:00:00,21,22,177,Monday,June,Summer,3874
2023-10-22 00:00:00,21,22,295,Sunday,October,Fall,2996
2022-01-16 00:00:00,13,14,16,Sunday,January,Winter,5824
2020-09-07 00:00:00,23,0,251,Monday,September,Fall,1722
2022-05-23 00:00:00,7,8,143,Monday,May,Spring,3621
2025-10-04 00:00:00,1,2,277,Saturday,October,Fall,16699
2020-12-10 00:00:00,20,21,345,Thursday,December,Winter,6025
2021-05-01 00:00:00,6,7,121,Saturday,May,Spring,1335
2021-06-11 00:00:00,19,20,162,Friday,June,Summer,2701
2024-01-01 00:00:00,10,11,1,Monday,January,Winter,12702
2023-05-09 00:00:00,10,11,129,Tuesday,May,Spring,5818
2022-01-12 00:00:00,15,16,12,Wednesday,January,Winter,3844
2023-11-12 00:00:00,3,4,316,Sunday,November,Fall,7217
2022-11-02 00:00:00,1,2,306,Wednesday,November,Fall,10172
2020-09-08 00:00:00,13,14,252,Tuesday,September,Fall,4412
2021-04-16 00:00:00,0,1,106,Friday,April,Spring,6013
2022-11-15 00:00:00,2,3,319,Tuesday,November,Fall,6725
2022-12-23 00:00:00,19,20,357,Friday,December,Winter,13142
2022-04-13 00:00:00,9,10,103,Wednesday,April,Spring,2030
2023-04-21 00:00:00,15,16,111,Friday,April,Spring,7766
2025-03-03 00:00:00,20,21,62,Monday,March,Spring,3662
2022-11-11 00:00:00,11,12,315,Friday,November,Fall,6178
2023-06-10 00:00:00,19,20,161,Saturday,June,Summer,2892
2021-08-25 00:00:00,1,2,237,Wednesday,August,Summer,6301
2022-02-04 00:00:00,22,23,35,Friday,February,Winter,5142
2020-02-03 00:00:00,3,4,34,Monday,February,Winter,8082
2021-03-24 00:00:00,9,10,83,Wednesday,March,Spring,3598
2021-04-25 00:00:00,1,2,115,Sunday,April,Spring,8643
2024-06-15 00:00:00,17,18,167,Saturday,June,Summer,9554
2020-01-07 00:00:00,15,16,7,Tuesday,January,Winter,4202
2021-03-25 00:00:00,5,6,84,Thursday,March,Spring,1803
2021-04-11 00:00:00,4,5,101,Sunday,April,Spring,4909
2022-12-25 00:00:00,14,15,359,Sunday,December,Winter,9014
2025-09-09 00:00:00,19,20,252,Tuesday,September,Fall,2515
2020-06-28 00:00:00,2,3,180,Sunday,June,Summer,5007
2022-04-29 00:00:00,3,4,119,Friday,April,Spring,3276
2023-04-08 00:00:00,7,8,98,Saturday,April,Spring,3945
2023-03-19 00:00:00,6,7,78,Sunday,March,Spring,2707
2020-03-23 00:00:00,8,9,83,Monday,March,Spring,8097
2023-07-04 00:00:00,21,22,185,Tuesday,July,Summer,7479
2021-09-02 00:00:00,6,7,245,Thursday,September,Fall,5757
2024-05-01 00:00:00,4,5,122,Wednesday,May,Spring,1919
2024-08-10 00:00:00,8,9,223,Saturday,August,Summer,2611
2024-04-06 00:00:00,4,5,97,Saturday,April,Spring,13920
2020-07-28 00:00:00,15,16,210,Tuesday,July,Summer,7320
2023-09-12 00:00:00,14,15,255,Tuesday,September,Fall,4847
2022-06-20 00:00:00,7,8,171,Monday,June,Summer,3854
2024-04-30 00:00:00,4,5,121,Tuesday,April,Spring,3211
2021-07-19 00:00:00,8,9,200,Monday,July,Summer,3621
2024-11-02 00:00:00,5,6,307,Saturday,November,Fall,2593
2023-10-23 00:00:00,1,2,296,Monday,October,Fall,4629
2025-11-08 00:00:00,22,23,312,Saturday,November,Fall,2972
2022-07-17 00:00:00,7,8,198,Sunday,July,Summer,4452
2023-08-21 00:00:00,18,19,233,Monday,August,Summer,2986
2022-04-14 00:00:00,19,20,104,Thursday,April,Spring,1781
2023-11-02 00:00:00,14,15,306,Thursday,November,Fall,16663
2024-03-11 00:00:00,1,2,71,Monday,March,Spring,3569
2025-05-19 00:00:00,4,5,139,Monday,May,Spring,5554
2023-08-18 00:00:00,8,9,230,Friday,August,Summer,2753
2021-01-24 00:00:00,15,16,24,Sunday,January,Winter,9368
2025-11-04 00:00:00,19,20,308,Tuesday,November,Fall,14722
2025-01-02 00:00:00,17,18,2,Thursday,January,Winter,2940
2022-11-07 00:00:00,13,14,311,Monday,November,Fall,14582
2022-06-21 00:00:00,17,18,172,Tuesday,June,Summer,4256
2025-10-23 00:00:00,10,11,296,Thursday,October,Fall,21130
2021-12-04 00:00:00,5,6,338,Saturday,December,Winter,8479
2025-06-30 00:00:00,3,4,181,Monday,June,Summer,4201
2022-11-06 00:00:00,20,21,310,Sunday,November,Fall,11082
2021-10-22 00:00:00,15,16,295,Friday,October,Fall,7563
2024-09-26 00:00:00,17,18,270,Thursday,September,Fall,18099
2025-11-10 00:00:00,7,8,314,Monday,November,Fall,7424
2023-12-14 00:00:00,3,4,348,Thursday,December,Winter,7386
2025-01-30 00:00:00,15,16,30,Thursday,January,Winter,7524
2020-12-26 00:00:00,6,7,361,Saturday,December,Winter,2946
2025-09-22 00:00:00,17,18,265,Monday,September,Fall,8345
2024-12-10 00:00:00,1,2,345,Tuesday,December,Winter,10950
2020-12-01 00:00:00,4,5,336,Tuesday,December,Winter,7384
2021-09-23 00:00:00,2,3,266,Thursday,September,Fall,1187
2022-07-17 00:00:00,14,15,198,Sunday,July,Summer,8450
2020-07-20 00:00:00,17,18,202,Monday,July,Summer,4972
2023-09-10 00:00:00,8,9,253,Sunday,September,Fall,3618
2023-07-10 00:00:00,12,13,191,Monday,July,Summer,8155
2021-02-10 00:00:00,10,11,41,Wednesday,February,Winter,8366
2020-01-29 00:00:00,16,17,29,Wednesday,January,Winter,5091
2025-09-16 00:00:00,1,2,259,Tuesday,September,Fall,12139
2020-11-29 00:00:00,23,0,334,Sunday,November,Fall,1854
2022-09-20 00:00:00,10,11,263,Tuesday,September,Fall,4950
2020-08-22 00:00:00,8,9,235,Saturday,August,Summer,5453
2022-01-09 00:00:00,2,3,9,Sunday,January,Winter,13974
2020-06-04 00:00:00,1,2,156,Thursday,June,Summer,2997
2021-11-04 00:00:00,18,19,308,Thursday,November,Fall,3557
2023-01-14 00:00:00,17,18,14,Saturday,January,Winter,15699
2021-02-21 00:00:00,18,19,52,Sunday,February,Winter,6413
2021-05-02 00:00:00,21,22,122,Sunday,May,Spring,919
2025-05-30 00:00:00,4,5,150,Friday,May,Spring,790
2024-02-08 00:00:00,15,16,39,Thursday,February,Winter,17063
2023-03-22 00:00:00,7,8,81,Wednesday,March,Spring,10725
2023-04-22 00:00:00,3,4,112,Saturday,April,Spring,4253
2024-03-27 00:00:00,14,15,87,Wednesday,March,Spring,15606
2020-12-25 00:00:00,10,11,360,Friday,December,Winter,6831
2023-12-24 00:00:00,4,5,358,Sunday,December,Winter,10062
2024-05-24 00:00:00,13,14,145,Friday,May,Spring,5499
2020-04-28 00:00:00,18,19,119,Tuesday,April,Spring,7447
2025-08-20 00:00:00,22,23,232,Wednesday,August,Summer,3508
2022-01-24 00:00:00,1,2,24,Monday,January,Winter,3310
2023-04-20 00:00:00,16,17,110,Thursday,April,Spring,9461
2020-09-02 00:00:00,22,23,246,Wednesday,September,Fall,1225
2023-09-02 00:00:00,20,21,245,Saturday,September,Fall,2344
2020-09-10 00:00:00,10,11,254,Thursday,September,Fall,2771
2025-08-22 00:00:00,18,19,234,Friday,August,Summer,5766
2023-05-24 00:00:00,9,10,144,Wednesday,May,Spring,6816
2025-01-11 00:00:00,9,10,11,Saturday,January,Winter,2854
2024-02-28 00:00:00,0,1,59,Wednesday,February,Winter,4724
2020-03-06 00:00:00,14,15,66,Friday,March,Spring,8581
2020-08-18 00:00:00,18,19,231,Tuesday,August,Summer,3539
2022-02-18 00:00:00,3,4,49,Friday,February,Winter,9335
2021-09-03 00:00:00,14,15,246,Friday,September,Fall,3775
2020-03-24 00:00:00,23,0,84,Tuesday,March,Spring,7447
2024-08-25 00:00:00,20,21,238,Sunday,August,Summer,2137
2021-10-22 00:00:00,0,1,295,Friday,October,Fall,2121
2021-07-17 00:00:00,19,20,198,Saturday,July,Summer,5398
2022-10-30 00:00:00,8,9,303,Sunday,October,Fall,5100
2021-03-09 00:00:00,15,16,68,Tuesday,March,Spring,5136
2020-06-23 00:00:00,1,2,175,Tuesday,June,Summer,2034
2023-04-22 00:00:00,1,2,112,Saturday,April,Spring,4008
2024-07-12 00:00:00,12,13,194,Friday,July,Summer,7573
2024-09-05 00:00:00,22,23,249,Thursday,September,Fall,700
2021-04-16 00:00:00,1,2,106,Friday,April,Spring,5880
2022-05-17 00:00:00,2,3,137,Tuesday,May,Spring,2321
2024-10-01 00:00:00,23,0,275,Tuesday,October,Fall,4747
2021-09-27 00:00:00,8,9,270,Monday,September,Fall,6867
2020-04-03 00:00:00,8,9,94,Friday,April,Spring,2170
2023-01-17 00:00:00,23,0,17,Tuesday,January,Winter,4827
2024-11-07 00:00:00,13,14,312,Thursday,November,Fall,5149
2020-03-31 00:00:00,1,2,91,Tuesday,March,Spring,6769
2020-03-28 00:00:00,22,23,88,Saturday,March,Spring,11081
2024-09-14 00:00:00,12,13,258,Saturday,September,Fall,10121
2025-10-18 00:00:00,16,17,291,Saturday,October,Fall,7924
2021-10-31 00:00:00,17,18,304,Sunday,October,Fall,10469
2022-04-28 00:00:00,15,16,118,Thursday,April,Spring,7312
2024-01-24 00:00:00,19,20,24,Wednesday,January,Winter,6892
2021-06-24 00:00:00,22,23,175,Thursday,June,Summer,1974
2023-12-11 00:00:00,16,17,345,Monday,December,Winter,6768
2024-01-27 00:00:00,11,12,27,Saturday,January,Winter,5814
2022-08-15 00:00:00,14,15,227,Monday,August,Summer,8036
2021-01-29 00:00:00,3,4,29,Friday,January,Winter,13907
2020-09-05 00:00:00,1,2,249,Saturday,September,Fall,2121
2024-08-12 00:00:00,16,17,225,Monday,August,Summer,8871
2021-01-26 00:00:00,13,14,26,Tuesday,January,Winter,5482
2025-04-11 00:00:00,20,21,101,Friday,April,Spring,4837
2025-07-11 00:00:00,11,12,192,Friday,July,Summer,11758
2025-05-16 00:00:00,13,14,136,Friday,May,Spring,7092
2025-10-25 00:00:00,16,17,298,Saturday,October,Fall,9821
2021-01-31 00:00:00,22,23,31,Sunday,January,Winter,5906
2025-05-25 00:00:00,13,14,145,Sunday,May,Spring,9581
2022-07-05 00:00:00,9,10,186,Tuesday,July,Summer,4126
2020-11-19 00:00:00,9,10,324,Thursday,November,Fall,9061
2022-10-18 00:00:00,22,23,291,Tuesday,October,Fall,5538
2023-01-15 00:00:00,3,4,15,Sunday,January,Winter,10240
2022-05-02 00:00:00,20,21,122,Monday,May,Spring,3792
2020-10-08 00:00:00,3,4,282,Thursday,October,Fall,6421
2023-11-24 00:00:00,1,2,328,Friday,November,Fall,8505
2020-05-17 00:00:00,10,11,138,Sunday,May,Spring,4507
2022-03-18 00:00:00,3,4,77,Friday,March,Spring,6998
2023-10-28 00:00:00,22,23,301,Saturday,October,Fall,16635
2021-05-19 00:00:00,2,3,139,Wednesday,May,Spring,3258
2022-07-17 00:00:00,20,21,198,Sunday,July,Summer,2312
2023-07-22 00:00:00,11,12,203,Saturday,July,Summer,10194
2024-11-12 00:00:00,13,14,317,Tuesday,November,Fall,13235
2022-03-27 00:00:00,9,10,86,Sunday,March,Spring,4841
2022-04-05 00:00:00,17,18,95,Tuesday,April,Spring,9675
2023-08-29 00:00:00,20,21,241,Tuesday,August,Summer,1992
2025-06-23 00:00:00,22,23,174,Monday,June,Summer,3779
2020-02-09 00:00:00,20,21,40,Sunday,February,Winter,11896
2023-01-05 00:00:00,6,7,5,Thursday,January,Winter,7965
2023-09-15 00:00:00,20,21,258,Friday,September,Fall,3195
2023-09-15 00:00:00,23,0,258,Friday,September,Fall,4953
2020-11-14 00:00:00,15,16,319,Saturday,November,Fall,8436
2022-02-11 00:00:00,17,18,42,Friday,February,Winter,2107
2025-02-20 00:00:00,4,5,51,Thursday,February,Winter,7070
2025-06-28 00:00:00,8,9,179,Saturday,June,Summer,3941
2022-08-06 00:00:00,4,5,218,Saturday,August,Summer,5611
2020-05-24 00:00:00,23,0,145,Sunday,May,Spring,2435
2025-06-13 00:00:00,23,0,164,Friday,June,Summer,5332
2025-05-03 00:00:00,16,17,123,Saturday,May,Spring,10481
2024-11-22 00:00:00,7,8,327,Friday,November,Fall,9522
2021-08-22 00:00:00,9,10,234,Sunday,August,Summer,4991
2023-01-10 00:00:00,12,13,10,Tuesday,January,Winter,15075
2021-06-21 00:00:00,4,5,172,Monday,June,Summer,2933
2022-09-20 00:00:00,17,18,263,Tuesday,September,Fall,5469
2021-01-27 00:00:00,17,18,27,Wednesday,January,Winter,3743
2020-09-23 00:00:00,9,10,267,Wednesday,September,Fall,4073
2020-04-08 00:00:00,18,19,99,Wednesday,April,Spring,1595
2024-10-09 00:00:00,7,8,283,Wednesday,October,Fall,8883
2025-05-07 00:00:00,0,1,127,Wednesday,May,Spring,9348
2023-09-14 00:00:00,21,22,257,Thursday,September,Fall,1857
2020-02-11 00:00:00,5,6,42,Tuesday,February,Winter,11769
2020-01-17 00:00:00,12,13,17,Friday,January,Winter,8804
2025-03-24 00:00:00,14,15,83,Monday,March,Spring,6048
2024-08-07 00:00:00,10,11,220,Wednesday,August,Summer,5496
2025-05-15 00:00:00,1,2,135,Thursday,May,Spring,6358
2023-03-22 00:00:00,6,7,81,Wednesday,March,Spring,9994
2020-11-26 00:00:00,16,17,331,Thursday,November,Fall,1476
2020-05-13 00:00:00,20,21,134,Wednesday,May,Spring,7492
2025-03-18 00:00:00,1,2,77,Tuesday,March,Spring,12131
2025-11-06 00:00:00,10,11,310,Thursday,November,Fall,6247
2021-08-19 00:00:00,3,4,231,Thursday,August,Summer,1695
2020-02-23 00:00:00,4,5,54,Sunday,February,Winter,9644
2025-04-23 00:00:00,3,4,113,Wednesday,April,Spring,6268
2022-05-10 00:00:00,2,3,130,Tuesday,May,Spring,1193
2023-12-01 00:00:00,20,21,335,Friday,December,Winter,5060
2021-07-21 00:00:00,2,3,202,Wednesday,July,Summer,2864
2022-09-23 00:00:00,5,6,266,Friday,September,Fall,546
2023-01-03 00:00:00,10,11,3,Tuesday,January,Winter,6763
2024-12-07 00:00:00,22,23,342,Saturday,December,Winter,17557
2022-03-28 00:00:00,3,4,87,Monday,March,Spring,1693
2020-10-07 00:00:00,10,11,281,Wednesday,October,Fall,6946
2022-08-23 00:00:00,21,22,235,Tuesday,August,Summer,736
2023-05-27 00:00:00,20,21,147,Saturday,May,Spring,3594
2023-10-10 00:00:00,20,21,283,Tuesday,October,Fall,2170
2025-05-17 00:00:00,4,5,137,Saturday,May,Spring,4673
2020-05-21 00:00:00,21,22,142,Thursday,May,Spring,660
2023-03-15 00:00:00,7,8,74,Wednesday,March,Spring,2413
2024-12-14 00:00:00,10,11,349,Saturday,December,Winter,3475
2025-01-19 00:00:00,14,15,19,Sunday,January,Winter,3805
2021-12-29 00:00:00,1,2,363,Wednesday,December,Winter,9126
2025-01-29 00:00:00,1,2,29,Wednesday,January,Winter,17602
2024-01-22 00:00:00,2,3,22,Monday,January,Winter,16724
2023-08-21 00:00:00,8,9,233,Monday,August,Summer,2472
2022-09-16 00:00:00,21,22,259,Friday,September,Fall,5135
2023-04-21 00:00:00,7,8,111,Friday,April,Spring,3141
2023-04-22 00:00:00,15,16,112,Saturday,April,Spring,9856
2021-11-05 00:00:00,22,23,309,Friday,November,Fall,2244
2024-12-23 00:00:00,6,7,358,Monday,December,Winter,16444
2022-03-09 00:00:00,17,18,68,Wednesday,March,Spring,5318
2025-08-10 00:00:00,23,0,222,Sunday,August,Summer,7903
2023-02-17 00:00:00,1,2,48,Friday,February,Winter,7099
2020-08-29 00:00:00,18,19,242,Saturday,August,Summer,4957
2025-08-29 00:00:00,9,10,241,Friday,August,Summer,13975
2021-02-05 00:00:00,7,8,36,Friday,February,Winter,1837
2020-05-13 00:00:00,10,11,134,Wednesday,May,Spring,5295
2024-01-27 00:00:00,1,2,27,Saturday,January,Winter,1993
2025-02-13 00:00:00,8,9,44,Thursday,February,Winter,1808
2022-03-10 00:00:00,20,21,69,Thursday,March,Spring,6268
2022-07-02 00:00:00,4,5,183,Saturday,July,Summer,780
2022-02-11 00:00:00,21,22,42,Friday,February,Winter,2877
2022-12-18 00:00:00,16,17,352,Sunday,December,Winter,9972
2023-04-07 00:00:00,14,15,97,Friday,April,Spring,8432
2025-01-09 00:00:00,12,13,9,Thursday,January,Winter,13546
2020-12-19 00:00:00,23,0,354,Saturday,December,Winter,5475
2022-02-18 00:00:00,12,13,49,Friday,February,Winter,18336
2025-10-16 00:00:00,7,8,289,Thursday,October,Fall,5067
2020-09-29 00:00:00,23,0,273,Tuesday,September,Fall,648
2025-08-17 00:00:00,3,4,229,Sunday,August,Summer,5689
2022-09-29 00:00:00,10,11,272,Thursday,September,Fall,3096
2024-04-22 00:00:00,22,23,113,Monday,April,Spring,4627
2025-07-03 00:00:00,23,0,184,Thursday,July,Summer,6293
2020-10-01 00:00:00,10,11,275,Thursday,October,Fall,6509
2024-02-24 00:00:00,2,3,55,Saturday,February,Winter,7042
2024-06-26 00:00:00,23,0,178,Wednesday,June,Summer,1220
2022-11-17 00:00:00,11,12,321,Thursday,November,Fall,15564
2022-08-23 00:00:00,1,2,235,Tuesday,August,Summer,1180
2025-03-08 00:00:00,12,13,67,Saturday,March,Spring,14394
2020-04-25 00:00:00,6,7,116,Saturday,April,Spring,1918
2025-03-29 00:00:00,13,14,88,Saturday,March,Spring,14163
2021-03-20 00:00:00,1,2,79,Saturday,March,Spring,6045
2021-03-26 00:00:00,14,15,85,Friday,March,Spring,11408
2023-04-25 00:00:00,0,1,115,Tuesday,April,Spring,2929
2020-10-16 00:00:00,7,8,290,Friday,October,Fall,2998
2022-07-15 00:00:00,15,16,196,Friday,July,Summer,7499
2023-08-28 00:00:00,4,5,240,Monday,August,Summer,3258
2024-01-09 00:00:00,0,1,9,Tuesday,January,Winter,4857
2025-11-05 00:00:00,15,16,309,Wednesday,November,Fall,12356
2020-12-14 00:00:00,22,23,349,Monday,December,Winter,6487
2022-07-31 00:00:00,23,0,212,Sunday,July,Summer,3161
2023-01-14 00:00:00,20,21,14,Saturday,January,Winter,13584
2020-04-13 00:00:00,16,17,104,Monday,April,Spring,11122
2024-02-26 00:00:00,13,14,57,Monday,February,Winter,14168
2020-09-03 00:00:00,6,7,247,Thursday,September,Fall,1674
2020-12-21 00:00:00,16,17,356,Monday,December,Winter,11318
2023-04-24 00:00:00,0,1,114,Monday,April,Spring,9557
2023-04-30 00:00:00,20,21,120,Sunday,April,Spring,1754
2021-08-27 00:00:00,10,11,239,Friday,August,Summer,5627
2022-09-16 00:00:00,11,12,259,Friday,September,Fall,6902
2025-11-21 00:00:00,1,2,325,Friday,November,Fall,4563
2022-09-22 00:00:00,13,14,265,Thursday,September,Fall,6248
2021-06-26 00:00:00,18,19,177,Saturday,June,Summer,2918
2023-05-24 00:00:00,21,22,144,Wednesday,May,Spring,6974
2020-07-21 00:00:00,19,20,203,Tuesday,July,Summer,3934
2021-08-08 00:00:00,12,13,220,Sunday,August,Summer,9302
2021-03-05 00:00:00,12,13,64,Friday,March,Spring,9127
2022-07-28 00:00:00,23,0,209,Thursday,July,Summer,1995
2023-08-06 00:00:00,1,2,218,Sunday,August,Summer,13743
2022-12-02 00:00:00,15,16,336,Friday,December,Winter,3878
2023-10-11 00:00:00,17,18,284,Wednesday,October,Fall,6965
2022-11-20 00:00:00,1,2,324,Sunday,November,Fall,4543
2023-07-15 00:00:00,10,11,196,Saturday,July,Summer,11920
2023-02-09 00:00:00,10,11,40,Thursday,February,Winter,4291
2024-03-11 00:00:00,14,15,71,Monday,March,Spring,10464
2023-02-28 00:00:00,17,18,59,Tuesday,February,Winter,7747
2022-07-19 00:00:00,0,1,200,Tuesday,July,Summer,5843
2022-03-24 00:00:00,23,0,83,Thursday,March,Spring,5843
2021-07-31 00:00:00,2,3,212,Saturday,July,Summer,5229
2025-02-01 00:00:00,5,6,32,Saturday,February,Winter,3211
2020-08-29 00:00:00,10,11,242,Saturday,August,Summer,3727
2021-01-21 00:00:00,3,4,21,Thursday,January,Winter,12756
2022-07-03 00:00:00,3,4,184,Sunday,July,Summer,1428
2025-09-14 00:00:00,0,1,257,Sunday,September,Fall,5040
2021-12-22 00:00:00,8,9,356,Wednesday,December,Winter,3172
2021-02-06 00:00:00,18,19,37,Saturday,February,Winter,4300
2020-03-09 00:00:00,16,17,69,Monday,March,Spring,8263
2022-02-05 00:00:00,7,8,36,Saturday,February,Winter,3579
2025-10-31 00:00:00,20,21,304,Friday,October,Fall,14868
2025-04-07 00:00:00,18,19,97,Monday,April,Spring,5498
2021-08-02 00:00:00,2,3,214,Monday,August,Summer,1200
2025-06-11 00:00:00,17,18,162,Wednesday,June,Summer,8263
2022-10-25 00:00:00,13,14,298,Tuesday,October,Fall,5679
2022-10-21 00:00:00,5,6,294,Friday,October,Fall,9051
2025-10-20 00:00:00,13,14,293,Monday,October,Fall,19753
2025-08-14 00:00:00,19,20,226,Thursday,August,Summer,3576
2024-01-30 00:00:00,8,9,30,Tuesday,January,Winter,6919
2023-07-06 00:00:00,9,10,187,Thursday,July,Summer,3928
2020-06-08 00:00:00,14,15,160,Monday,June,Summer,5620
2021-10-07 00:00:00,7,8,280,Thursday,October,Fall,1491
2021-04-04 00:00:00,4,5,94,Sunday,April,Spring,5664
2020-11-26 00:00:00,14,15,331,Thursday,November,Fall,2923
2024-12-30 00:00:00,10,11,365,Monday,December,Winter,2306
2022-08-30 00:00:00,14,15,242,Tuesday,August,Summer,5938
2021-07-19 00:00:00,10,11,200,Monday,July,Summer,5500
2021-07-24 00:00:00,8,9,205,Saturday,July,Summer,4225
2021-02-21 00:00:00,5,6,52,Sunday,February,Winter,8883
2022-04-27 00:00:00,2,3,117,Wednesday,April,Spring,5575
2023-01-04 00:00:00,12,13,4,Wednesday,January,Winter,17318
2021-07-11 00:00:00,0,1,192,Sunday,July,Summer,1348
2025-11-04 00:00:00,20,21,308,Tuesday,November,Fall,14429
2022-09-12 00:00:00,8,9,255,Monday,September,Fall,3604
2022-09-02 00:00:00,6,7,245,Friday,September,Fall,1890
2021-05-05 00:00:00,9,10,125,Wednesday,May,Spring,9071
2021-01-29 00:00:00,19,20,29,Friday,January,Winter,11119
2023-11-26 00:00:00,22,23,330,Sunday,November,Fall,5154
2024-11-07 00:00:00,20,21,312,Thursday,November,Fall,3375
2021-08-03 00:00:00,19,20,215,Tuesday,August,Summer,1828
2022-04-19 00:00:00,8,9,109,Tuesday,April,Spring,2444
2021-08-08 00:00:00,14,15,220,Sunday,August,Summer,9714
2022-01-02 00:00:00,6,7,2,Sunday,January,Winter,8787
2024-02-05 00:00:00,21,22,36,Monday,February,Winter,8276
2021-07-11 00:00:00,2,3,192,Sunday,July,Summer,1192
2020-09-20 00:00:00,21,22,264,Sunday,September,Fall,2433
2024-11-11 00:00:00,11,12,316,Monday,November,Fall,6891
2024-07-31 00:00:00,4,5,213,Wednesday,July,Summer,2129
2020-03-21 00:00:00,0,1,81,Saturday,March,Spring,7735
2021-10-14 00:00:00,14,15,287,Thursday,October,Fall,5650
2025-01-19 00:00:00,22,23,19,Sunday,January,Winter,1188
2024-10-07 00:00:00,13,14,281,Monday,October,Fall,6044
2025-02-13 00:00:00,2,3,44,Thursday,February,Winter,1090
2022-06-11 00:00:00,8,9,162,Saturday,June,Summer,2423
2023-10-25 00:00:00,9,10,298,Wednesday,October,Fall,10380
2024-03-18 00:00:00,10,11,78,Monday,March,Spring,5581
2020-09-21 00:00:00,4,5,265,Monday,September,Fall,817
2025-11-28 00:00:00,7,8,332,Friday,November,Fall,7806
2020-04-07 00:00:00,4,5,98,Tuesday,April,Spring,1718
2020-03-02 00:00:00,10,11,62,Monday,March,Spring,5353
2020-07-23 00:00:00,10,11,205,Thursday,July,Summer,2720
2022-03-22 00:00:00,23,0,81,Tuesday,March,Spring,4199
2023-02-22 00:00:00,22,23,53,Wednesday,February,Winter,1437
2023-10-04 00:00:00,0,1,277,Wednesday,October,Fall,3511
2023-10-26 00:00:00,17,18,299,Thursday,October,Fall,4734
2023-02-25 00:00:00,19,20,56,Saturday,February,Winter,8542
2024-08-28 00:00:00,21,22,241,Wednesday,August,Summer,2163
2020-11-13 00:00:00,15,16,318,Friday,November,Fall,4593
2021-04-29 00:00:00,16,17,119,Thursday,April,Spring,3421
2024-04-15 00:00:00,21,22,106,Monday,April,Spring,14523
2024-02-17 00:00:00,9,10,48,Saturday,February,Winter,4037
2020-10-18 00:00:00,22,23,292,Sunday,October,Fall,912
2023-10-07 00:00:00,10,11,280,Saturday,October,Fall,6141
2021-07-17 00:00:00,23,0,198,Saturday,July,Summer,5090
2022-10-30 00:00:00,20,21,303,Sunday,October,Fall,2069
2021-02-02 00:00:00,10,11,33,Tuesday,February,Winter,11997
2020-06-25 00:00:00,5,6,177,Thursday,June,Summer,3558
2025-05-03 00:00:00,17,18,123,Saturday,May,Spring,9346
2021-11-12 00:00:00,0,1,316,Friday,November,Fall,934
2024-08-02 00:00:00,11,12,215,Friday,August,Summer,6672
2020-09-26 00:00:00,20,21,270,Saturday,September,Fall,8134
2023-09-21 00:00:00,3,4,264,Thursday,September,Fall,9550
2022-04-23 00:00:00,9,10,113,Saturday,April,Spring,6361
2021-01-02 00:00:00,18,19,2,Saturday,January,Winter,1837
2021-12-17 00:00:00,18,19,351,Friday,December,Winter,8144
2021-11-23 00:00:00,12,13,327,Tuesday,November,Fall,9900
2023-12-13 00:00:00,1,2,347,Wednesday,December,Winter,9953
2024-10-27 00:00:00,9,10,301,Sunday,October,Fall,3309
2025-09-07 00:00:00,1,2,250,Sunday,September,Fall,6555
2020-08-22 00:00:00,2,3,235,Saturday,August,Summer,5104
2022-07-30 00:00:00,21,22,211,Saturday,July,Summer,1951
2025-08-26 00:00:00,8,9,238,Tuesday,August,Summer,5983
2020-11-01 00:00:00,11,12,306,Sunday,November,Fall,13574
2025-06-20 00:00:00,10,11,171,Friday,June,Summer,8561
2023-09-22 00:00:00,12,13,265,Friday,September,Fall,11770
2025-01-20 00:00:00,5,6,20,Monday,January,Winter,1668
2021-10-20 00:00:00,5,6,293,Wednesday,October,Fall,10713
2020-12-20 00:00:00,15,16,355,Sunday,December,Winter,4461
2025-08-09 00:00:00,19,20,221,Saturday,August,Summer,5496
2024-11-20 00:00:00,3,4,325,Wednesday,November,Fall,8076
2025-07-02 00:00:00,17,18,183,Wednesday,July,Summer,11247
2020-01-23 00:00:00,21,22,23,Thursday,January,Winter,2993
2021-08-11 00:00:00,3,4,223,Wednesday,August,Summer,704
2020-06-10 00:00:00,16,17,162,Wednesday,June,Summer,3105
2021-08-09 00:00:00,6,7,221,Monday,August,Summer,2967
2020-11-05 00:00:00,20,21,310,Thursday,November,Fall,8082
2024-04-23 00:00:00,1,2,114,Tuesday,April,Spring,4273
2024-07-30 00:00:00,23,0,212,Tuesday,July,Summer,2765
2022-07-23 00:00:00,15,16,204,Saturday,July,Summer,6571
2020-12-25 00:00:00,1,2,360,Friday,December,Winter,6863
2024-08-08 00:00:00,1,2,221,Thursday,August,Summer,1289
2022-12-30 00:00:00,17,18,364,Friday,December,Winter,15843
2022-02-25 00:00:00,10,11,56,Friday,February,Winter,7997
2023-10-21 00:00:00,12,13,294,Saturday,October,Fall,20931
2021-07-21 00:00:00,5,6,202,Wednesday,July,Summer,1927
2023-11-15 00:00:00,10,11,319,Wednesday,November,Fall,10577
2023-01-09 00:00:00,17,18,9,Monday,January,Winter,13412
2021-11-08 00:00:00,7,8,312,Monday,November,Fall,1922
2021-04-14 00:00:00,22,23,104,Wednesday,April,Spring,5346
2021-06-27 00:00:00,20,21,178,Sunday,June,Summer,1366
2020-02-05 00:00:00,17,18,36,Wednesday,February,Winter,1746
2021-09-17 00:00:00,2,3,260,Friday,September,Fall,711
2023-12-29 00:00:00,6,7,363,Friday,December,Winter,12493
2022-12-02 00:00:00,1,2,336,Friday,December,Winter,2232
2021-07-23 00:00:00,13,14,204,Friday,July,Summer,7412
2025-01-26 00:00:00,4,5,26,Sunday,January,Winter,10046
2022-06-03 00:00:00,21,22,154,Friday,June,Summer,2859
2022-06-23 00:00:00,0,1,174,Thursday,June,Summer,1625
2021-04-23 00:00:00,17,18,113,Friday,April,Spring,7944
2022-03-23 00:00:00,16,17,82,Wednesday,March,Spring,5220
2023-04-03 00:00:00,1,2,93,Monday,April,Spring,5706
2023-06-16 00:00:00,8,9,167,Friday,June,Summer,2630
2024-11-16 00:00:00,19,20,321,Saturday,November,Fall,2040
2025-06-22 00:00:00,13,14,173,Sunday,June,Summer,5526
2023-02-24 00:00:00,11,12,55,Friday,February,Winter,6498
2020-10-17 00:00:00,17,18,291,Saturday,October,Fall,1367
2022-05-11 00:00:00,10,11,131,Wednesday,May,Spring,7976
2023-06-20 00:00:00,19,20,171,Tuesday,June,Summer,3357
2022-05-22 00:00:00,23,0,142,Sunday,May,Spring,3313
2024-10-30 00:00:00,6,7,304,Wednesday,October,Fall,1827
2020-02-20 00:00:00,19,20,51,Thursday,February,Winter,10617
2022-06-22 00:00:00,9,10,173,Wednesday,June,Summer,3779
2021-03-31 00:00:00,19,20,90,Wednesday,March,Spring,1121
2024-12-30 00:00:00,0,1,365,Monday,December,Winter,709
2020-03-20 00:00:00,10,11,80,Friday,March,Spring,6229
2021-12-25 00:00:00,6,7,359,Saturday,December,Winter,1843
2023-03-28 00:00:00,1,2,87,Tuesday,March,Spring,2283
2022-06-30 00:00:00,15,16,181,Thursday,June,Summer,5921
2025-07-24 00:00:00,23,0,205,Thursday,July,Summer,2166
2022-02-27 00:00:00,20,21,58,Sunday,February,Winter,6011
2025-03-16 00:00:00,17,18,75,Sunday,March,Spring,7970
2024-06-15 00:00:00,11,12,167,Saturday,June,Summer,10538
2023-01-13 00:00:00,19,20,13,Friday,January,Winter,10798
2020-02-10 00:00:00,16,17,41,Monday,February,Winter,13770
2021-11-08 00:00:00,17,18,312,Monday,November,Fall,1805
2025-01-10 00:00:00,16,17,10,Friday,January,Winter,2433
2020-06-02 00:00:00,23,0,154,Tuesday,June,Summer,1765
2022-12-18 00:00:00,4,5,352,Sunday,December,Winter,5927
2023-11-19 00:00:00,11,12,323,Sunday,November,Fall,16559
2020-04-14 00:00:00,4,5,105,Tuesday,April,Spring,7144
2024-06-21 00:00:00,10,11,173,Friday,June,Summer,5580
2021-05-21 00:00:00,6,7,141,Friday,May,Spring,8861
2021-06-25 00:00:00,1,2,176,Friday,June,Summer,2038
2023-10-09 00:00:00,11,12,282,Monday,October,Fall,5494
2024-04-11 00:00:00,5,6,102,Thursday,April,Spring,3540
2025-01-12 00:00:00,6,7,12,Sunday,January,Winter,3081
2024-12-28 00:00:00,17,18,363,Saturday,December,Winter,354
2020-07-20 00:00:00,4,5,202,Monday,July,Summer,2939
2020-05-18 00:00:00,5,6,139,Monday,May,Spring,1868
2022-02-06 00:00:00,19,20,37,Sunday,February,Winter,16044
2023-04-30 00:00:00,5,6,120,Sunday,April,Spring,3818
2024-02-29 00:00:00,13,14,60,Thursday,February,Winter,12775
2022-08-17 00:00:00,20,21,229,Wednesday,August,Summer,1406
2022-03-12 00:00:00,2,3,71,Saturday,March,Spring,9389
2020-03-21 00:00:00,15,16,81,Saturday,March,Spring,11152
2025-02-02 00:00:00,9,10,33,Sunday,February,Winter,3472
2022-02-14 00:00:00,5,6,45,Monday,February,Winter,11744
2023-08-09 00:00:00,20,21,221,Wednesday,August,Summer,1211
2024-02-23 00:00:00,8,9,54,Friday,February,Winter,14058
2020-06-30 00:00:00,0,1,182,Tuesday,June,Summer,3738
2023-08-14 00:00:00,17,18,226,Monday,August,Summer,7241
2022-04-10 00:00:00,15,16,100,Sunday,April,Spring,7678
2025-06-09 00:00:00,10,11,160,Monday,June,Summer,3733
2024-05-07 00:00:00,12,13,128,Tuesday,May,Spring,7214
2022-05-31 00:00:00,10,11,151,Tuesday,May,Spring,4174
2025-07-24 00:00:00,0,1,205,Thursday,July,Summer,2396
2024-03-14 00:00:00,16,17,74,Thursday,March,Spring,9218
2025-05-30 00:00:00,17,18,150,Friday,May,Spring,6501
2020-09-27 00:00:00,22,23,271,Sunday,September,Fall,5190
2022-09-27 00:00:00,14,15,270,Tuesday,September,Fall,13231
2020-01-27 00:00:00,2,3,27,Monday,January,Winter,8486
2021-06-28 00:00:00,17,18,179,Monday,June,Summer,3945
2020-10-03 00:00:00,0,1,277,Saturday,October,Fall,3195
2025-06-12 00:00:00,11,12,163,Thursday,June,Summer,5733
2025-09-02 00:00:00,17,18,245,Tuesday,September,Fall,15009
2023-06-04 00:00:00,17,18,155,Sunday,June,Summer,7894
2024-12-02 00:00:00,8,9,337,Monday,December,Winter,8193
2023-06-04 00:00:00,20,21,155,Sunday,June,Summer,5847
2023-03-25 00:00:00,5,6,84,Saturday,March,Spring,14863
2024-05-02 00:00:00,12,13,123,Thursday,May,Spring,12077
2024-09-18 00:00:00,21,22,262,Wednesday,September,Fall,8671
2025-10-09 00:00:00,8,9,282,Thursday,October,Fall,2496
2022-09-11 00:00:00,2,3,254,Sunday,September,Fall,664
2025-01-29 00:00:00,15,16,29,Wednesday,January,Winter,12248
2021-03-29 00:00:00,9,10,88,Monday,March,Spring,4622
2023-05-31 00:00:00,22,23,151,Wednesday,May,Spring,8211
2024-08-31 00:00:00,23,0,244,Saturday,August,Summer,5370
2023-11-06 00:00:00,1,2,310,Monday,November,Fall,12102
2021-03-25 00:00:00,8,9,84,Thursday,March,Spring,2635
2024-08-05 00:00:00,8,9,218,Monday,August,Summer,2548
2021-07-02 00:00:00,5,6,183,Friday,July,Summer,405
2025-01-27 00:00:00,4,5,27,Monday,January,Winter,18396
2020-05-15 00:00:00,18,19,136,Friday,May,Spring,4342
2021-09-06 00:00:00,4,5,249,Monday,September,Fall,1107
2021-10-24 00:00:00,20,21,297,Sunday,October,Fall,3398
2024-12-06 00:00:00,7,8,341,Friday,December,Winter,14357
2023-08-26 00:00:00,22,23,238,Saturday,August,Summer,1513
2020-05-04 00:00:00,16,17,125,Monday,May,Spring,5092
2022-10-17 00:00:00,7,8,290,Monday,October,Fall,7554
2022-08-02 00:00:00,10,11,214,Tuesday,August,Summer,5062
2025-04-13 00:00:00,15,16,103,Sunday,April,Spring,4463
2022-04-25 00:00:00,7,8,115,Monday,April,Spring,3208
2022-10-26 00:00:00,13,14,299,Wednesday,October,Fall,8890
2022-12-07 00:00:00,4,5,341,Wednesday,December,Winter,2473
2025-10-24 00:00:00,19,20,297,Friday,October,Fall,12506
2020-08-31 00:00:00,9,10,244,Monday,August,Summer,3237
2022-06-30 00:00:00,17,18,181,Thursday,June,Summer,5168
2025-11-04 00:00:00,15,16,308,Tuesday,November,Fall,12341
2022-08-17 00:00:00,21,22,229,Wednesday,August,Summer,1307
2020-12-08 00:00:00,11,12,343,Tuesday,December,Winter,2686
2020-03-24 00:00:00,1,2,84,Tuesday,March,Spring,6628
2023-07-21 00:00:00,14,15,202,Friday,July,Summer,8927
2023-06-28 00:00:00,0,1,179,Wednesday,June,Summer,2630
2022-09-14 00:00:00,12,13,257,Wednesday,September,Fall,5716
2020-05-29 00:00:00,15,16,150,Friday,May,Spring,7953
2022-08-19 00:00:00,17,18,231,Friday,August,Summer,7064
2025-08-17 00:00:00,4,5,229,Sunday,August,Summer,6032
2025-04-01 00:00:00,17,18,91,Tuesday,April,Spring,13004
2024-10-13 00:00:00,9,10,287,Sunday,October,Fall,2980
2022-04-05 00:00:00,12,13,95,Tuesday,April,Spring,9346
2021-04-29 00:00:00,14,15,119,Thursday,April,Spring,4221
2023-02-25 00:00:00,14,15,56,Saturday,February,Winter,9931
2023-07-19 00:00:00,17,18,200,Wednesday,July,Summer,11158
2022-10-10 00:00:00,1,2,283,Monday,October,Fall,4732
2021-04-17 00:00:00,0,1,107,Saturday,April,Spring,4306
2021-12-21 00:00:00,20,21,355,Tuesday,December,Winter,3015
2021-04-22 00:00:00,21,22,112,Thursday,April,Spring,6303
2025-11-23 00:00:00,17,18,327,Sunday,November,Fall,10653
2024-06-11 00:00:00,5,6,163,Tuesday,June,Summer,1874
2024-05-27 00:00:00,20,21,148,Monday,May,Spring,3315
2020-09-28 00:00:00,19,20,272,Monday,September,Fall,4208
2023-08-07 00:00:00,3,4,219,Monday,August,Summer,3593
2021-03-29 00:00:00,22,23,88,Monday,March,Spring,2491
2021-05-22 00:00:00,21,22,142,Saturday,May,Spring,5778
2021-11-19 00:00:00,14,15,323,Friday,November,Fall,3318
2025-01-27 00:00:00,5,6,27,Monday,January,Winter,18096
2025-08-13 00:00:00,9,10,225,Wednesday,August,Summer,4027
2021-09-14 00:00:00,17,18,257,Tuesday,September,Fall,3219
2022-05-08 00:00:00,2,3,128,Sunday,May,Spring,4076
2022-07-03 00:00:00,2,3,184,Sunday,July,Summer,1530
2021-07-24 00:00:00,0,1,205,Saturday,July,Summer,5890
2022-11-21 00:00:00,0,1,325,Monday,November,Fall,7993
2023-04-05 00:00:00,10,11,95,Wednesday,April,Spring,5948
2025-08-11 00:00:00,14,15,223,Monday,August,Summer,11543
2021-07-13 00:00:00,11,12,194,Tuesday,July,Summer,5885
2022-09-19 00:00:00,6,7,262,Monday,September,Fall,2502
2024-12-05 00:00:00,17,18,340,Thursday,December,Winter,15699
2025-11-01 00:00:00,9,10,305,Saturday,November,Fall,14047
2025-11-17 00:00:00,3,4,321,Monday,November,Fall,5317
2020-08-16 00:00:00,20,21,229,Sunday,August,Summer,1759
2023-01-22 00:00:00,12,13,22,Sunday,January,Winter,7106
2025-05-24 00:00:00,17,18,144,Saturday,May,Spring,13001
2021-01-21 00:00:00,12,13,21,Thursday,January,Winter,12248
2023-07-17 00:00:00,11,12,198,Monday,July,Summer,7791
2022-10-28 00:00:00,10,11,301,Friday,October,Fall,8983
2021-07-08 00:00:00,0,1,189,Thursday,July,Summer,1738
2021-06-06 00:00:00,19,20,157,Sunday,June,Summer,2910
2025-09-12 00:00:00,2,3,255,Friday,September,Fall,10052
2024-10-13 00:00:00,15,16,287,Sunday,October,Fall,5251
2023-02-13 00:00:00,5,6,44,Monday,February,Winter,3438
2023-04-21 00:00:00,16,17,111,Friday,April,Spring,7315
2024-12-22 00:00:00,4,5,357,Sunday,December,Winter,18507
2020-06-11 00:00:00,19,20,163,Thursday,June,Summer,3890
2021-10-17 00:00:00,4,5,290,Sunday,October,Fall,1793
2022-04-07 00:00:00,9,10,97,Thursday,April,Spring,16777
2024-11-25 00:00:00,19,20,330,Monday,November,Fall,6360
2024-05-30 00:00:00,14,15,151,Thursday,May,Spring,11924
2023-11-19 00:00:00,14,15,323,Sunday,November,Fall,17043
2024-02-04 00:00:00,20,21,35,Sunday,February,Winter,8328
2022-09-23 00:00:00,4,5,266,Friday,September,Fall,505
2023-05-17 00:00:00,15,16,137,Wednesday,May,Spring,13945
2024-05-02 00:00:00,23,0,123,Thursday,May,Spring,9680
2025-09-21 00:00:00,12,13,264,Sunday,September,Fall,4035
2025-08-28 00:00:00,13,14,240,Thursday,August,Summer,12192
2023-01-15 00:00:00,18,19,15,Sunday,January,Winter,14920
2024-03-30 00:00:00,0,1,90,Saturday,March,Spring,4270
2024-11-27 00:00:00,1,2,332,Wednesday,November,Fall,8974
2022-03-11 00:00:00,8,9,70,Friday,March,Spring,12227
2022-08-27 00:00:00,23,0,239,Saturday,August,Summer,4610
2025-11-09 00:00:00,16,17,313,Sunday,November,Fall,4511
2021-04-03 00:00:00,2,3,93,Saturday,April,Spring,9279
2022-07-05 00:00:00,12,13,186,Tuesday,July,Summer,7173
2020-10-02 00:00:00,16,17,276,Friday,October,Fall,4517
2024-03-03 00:00:00,19,20,63,Sunday,March,Spring,4860
2020-10-30 00:00:00,22,23,304,Friday,October,Fall,2173
2025-01-29 00:00:00,13,14,29,Wednesday,January,Winter,14188
2025-06-07 00:00:00,2,3,158,Saturday,June,Summer,5372
2022-07-17 00:00:00,4,5,198,Sunday,July,Summer,5437
2021-09-21 00:00:00,2,3,264,Tuesday,September,Fall,3038
2022-08-21 00:00:00,15,16,233,Sunday,August,Summer,5244
2022-10-28 00:00:00,1,2,301,Friday,October,Fall,7785
2025-03-14 00:00:00,1,2,73,Friday,March,Spring,2246
2024-04-22 00:00:00,23,0,113,Monday,April,Spring,4362
2021-08-15 00:00:00,14,15,227,Sunday,August,Summer,6192
2023-11-01 00:00:00,8,9,305,Wednesday,November,Fall,12856
2024-12-19 00:00:00,5,6,354,Thursday,December,Winter,17699
2024-09-15 00:00:00,14,15,259,Sunday,September,Fall,6259
2022-07-01 00:00:00,14,15,182,Friday,July,Summer,7548
2020-01-11 00:00:00,4,5,11,Saturday,January,Winter,2401
2021-09-07 00:00:00,14,15,250,Tuesday,September,Fall,7947
2022-12-04 00:00:00,23,0,338,Sunday,December,Winter,708
2025-07-27 00:00:00,11,12,208,Sunday,July,Summer,8163
2022-03-19 00:00:00,3,4,78,Saturday,March,Spring,11419
2023-06-13 00:00:00,12,13,164,Tuesday,June,Summer,7666
2020-10-31 00:00:00,15,16,305,Saturday,October,Fall,9419
2023-06-19 00:00:00,6,7,170,Monday,June,Summer,1407
2023-05-15 00:00:00,23,0,135,Monday,May,Spring,7719
2021-03-16 00:00:00,19,20,75,Tuesday,March,Spring,6005
2023-06-12 00:00:00,17,18,163,Monday,June,Summer,4747
2020-07-03 00:00:00,21,22,185,Friday,July,Summer,2958
2025-06-19 00:00:00,20,21,170,Thursday,June,Summer,5164
2020-02-12 00:00:00,7,8,43,Wednesday,February,Winter,8307
2024-09-07 00:00:00,19,20,251,Saturday,September,Fall,4461
2020-12-17 00:00:00,17,18,352,Thursday,December,Winter,2892
2021-10-04 00:00:00,22,23,277,Monday,October,Fall,6535
2021-02-27 00:00:00,6,7,58,Saturday,February,Winter,5900
2022-12-14 00:00:00,2,3,348,Wednesday,December,Winter,1972
2024-01-01 00:00:00,1,2,1,Monday,January,Winter,15228
2023-07-25 00:00:00,22,23,206,Tuesday,July,Summer,2896
2022-07-18 00:00:00,8,9,199,Monday,July,Summer,4324
2021-05-10 00:00:00,10,11,130,Monday,May,Spring,9543
2021-11-08 00:00:00,12,13,312,Monday,November,Fall,4759
2022-12-10 00:00:00,5,6,344,Saturday,December,Winter,1514
2020-06-25 00:00:00,17,18,177,Thursday,June,Summer,3179
2020-11-29 00:00:00,2,3,334,Sunday,November,Fall,4361
2023-08-05 00:00:00,4,5,217,Saturday,August,Summer,2376
2020-10-12 00:00:00,2,3,286,Monday,October,Fall,3229
2021-01-13 00:00:00,17,18,13,Wednesday,January,Winter,9862
2022-04-20 00:00:00,22,23,110,Wednesday,April,Spring,4403
2020-03-06 00:00:00,7,8,66,Friday,March,Spring,7635
2021-01-15 00:00:00,0,1,15,Friday,January,Winter,8913
2022-02-16 00:00:00,0,1,47,Wednesday,February,Winter,13892
2021-04-02 00:00:00,18,19,92,Friday,April,Spring,12278
2021-11-24 00:00:00,20,21,328,Wednesday,November,Fall,2080
2022-09-18 00:00:00,13,14,261,Sunday,September,Fall,11642
2025-08-05 00:00:00,18,19,217,Tuesday,August,Summer,11488
2022-04-16 00:00:00,11,12,106,Saturday,April,Spring,9283
2024-05-02 00:00:00,20,21,123,Thursday,May,Spring,11202
2022-12-01 00:00:00,8,9,335,Thursday,December,Winter,4364
2023-09-17 00:00:00,12,13,260,Sunday,September,Fall,7328
2025-06-21 00:00:00,13,14,172,Saturday,June,Summer,10245
2020-05-27 00:00:00,5,6,148,Wednesday,May,Spring,3501
2021-02-27 00:00:00,16,17,58,Saturday,February,Winter,10738
2024-03-26 00:00:00,21,22,86,Tuesday,March,Spring,8154
2022-08-26 00:00:00,16,17,238,Friday,August,Summer,6095
2022-07-13 00:00:00,21,22,194,Wednesday,July,Summer,1816
2020-01-23 00:00:00,6,7,23,Thursday,January,Winter,5026
2020-08-17 00:00:00,7,8,230,Monday,August,Summer,1942
2020-03-26 00:00:00,9,10,86,Thursday,March,Spring,7178
2024-03-06 00:00:00,21,22,66,Wednesday,March,Spring,1843
2025-04-30 00:00:00,23,0,120,Wednesday,April,Spring,5987
2020-02-14 00:00:00,7,8,45,Friday,February,Winter,3792
2022-08-26 00:00:00,18,19,238,Friday,August,Summer,4553
2025-04-22 00:00:00,6,7,112,Tuesday,April,Spring,1187
2022-12-01 00:00:00,17,18,335,Thursday,December,Winter,3675
2025-02-05 00:00:00,13,14,36,Wednesday,February,Winter,6610
2022-01-30 00:00:00,17,18,30,Sunday,January,Winter,1434
2021-09-29 00:00:00,21,22,272,Wednesday,September,Fall,3641
2024-05-13 00:00:00,6,7,134,Monday,May,Spring,1884
2020-08-30 00:00:00,21,22,243,Sunday,August,Summer,3777
2020-07-11 00:00:00,16,17,193,Saturday,July,Summer,5785
2025-09-29 00:00:00,12,13,272,Monday,September,Fall,8857
2024-06-28 00:00:00,8,9,180,Friday,June,Summer,3771
2020-05-09 00:00:00,11,12,130,Saturday,May,Spring,3231
2024-05-22 00:00:00,19,20,143,Wednesday,May,Spring,4870
2020-07-03 00:00:00,8,9,185,Friday,July,Summer,2944
2020-11-23 00:00:00,15,16,328,Monday,November,Fall,1643
2022-02-24 00:00:00,1,2,55,Thursday,February,Winter,3851
2025-03-07 00:00:00,7,8,66,Friday,March,Spring,9990
2020-05-26 00:00:00,6,7,147,Tuesday,May,Spring,3338
2023-01-12 00:00:00,9,10,12,Thursday,January,Winter,16699
2021-11-30 00:00:00,10,11,334,Tuesday,November,Fall,13024
2022-06-19 00:00:00,3,4,170,Sunday,June,Summer,10066
2022-12-07 00:00:00,7,8,341,Wednesday,December,Winter,2196
2022-07-21 00:00:00,23,0,202,Thursday,July,Summer,2858
2025-05-17 00:00:00,22,23,137,Saturday,May,Spring,3077
2024-12-15 00:00:00,21,22,350,Sunday,December,Winter,9775
2020-09-28 00:00:00,22,23,272,Monday,September,Fall,4092
2022-03-05 00:00:00,11,12,64,Saturday,March,Spring,5186
2025-07-04 00:00:00,12,13,185,Friday,July,Summer,10562
2024-06-20 00:00:00,5,6,172,Thursday,June,Summer,4917
2022-02-04 00:00:00,19,20,35,Friday,February,Winter,6944
2020-01-18 00:00:00,10,11,18,Saturday,January,Winter,2843
2021-05-26 00:00:00,21,22,146,Wednesday,May,Spring,2353
2024-10-30 00:00:00,7,8,304,Wednesday,October,Fall,2071
2020-08-18 00:00:00,2,3,231,Tuesday,August,Summer,1283
2022-05-23 00:00:00,13,14,143,Monday,May,Spring,9217
2025-04-28 00:00:00,3,4,118,Monday,April,Spring,3069
2024-07-09 00:00:00,4,5,191,Tuesday,July,Summer,5209
2025-10-20 00:00:00,17,18,293,Monday,October,Fall,17333
2020-03-09 00:00:00,12,13,69,Monday,March,Spring,9648
2025-03-14 00:00:00,2,3,73,Friday,March,Spring,2194
2020-09-16 00:00:00,6,7,260,Wednesday,September,Fall,526
2023-06-26 00:00:00,14,15,177,Monday,June,Summer,10618
2025-05-06 00:00:00,14,15,126,Tuesday,May,Spring,8761
2024-10-27 00:00:00,3,4,301,Sunday,October,Fall,1944
2024-09-06 00:00:00,4,5,250,Friday,September,Fall,1511
2020-10-18 00:00:00,3,4,292,Sunday,October,Fall,583
2020-08-12 00:00:00,14,15,225,Wednesday,August,Summer,4536
2021-07-14 00:00:00,23,0,195,Wednesday,July,Summer,7745
2024-01-21 00:00:00,10,11,21,Sunday,January,Winter,14443
2024-06-19 00:00:00,2,3,171,Wednesday,June,Summer,3425
2024-09-22 00:00:00,22,23,266,Sunday,September,Fall,3299
2022-01-06 00:00:00,21,22,6,Thursday,January,Winter,7422
2020-01-03 00:00:00,10,11,3,Friday,January,Winter,9189
2023-01-21 00:00:00,3,4,21,Saturday,January,Winter,6960
2021-09-04 00:00:00,16,17,247,Saturday,September,Fall,3636
2021-06-19 00:00:00,14,15,170,Saturday,June,Summer,4390
2021-04-11 00:00:00,0,1,101,Sunday,April,Spring,4255
2021-03-13 00:00:00,13,14,72,Saturday,March,Spring,17323
2025-09-15 00:00:00,11,12,258,Monday,September,Fall,11011
2024-05-09 00:00:00,1,2,130,Thursday,May,Spring,4350
2024-08-31 00:00:00,14,15,244,Saturday,August,Summer,8366
2025-05-22 00:00:00,18,19,142,Thursday,May,Spring,9293
2021-03-30 00:00:00,15,16,89,Tuesday,March,Spring,5587
2022-04-29 00:00:00,21,22,119,Friday,April,Spring,4703
2025-06-24 00:00:00,15,16,175,Tuesday,June,Summer,5446
2022-06-19 00:00:00,2,3,170,Sunday,June,Summer,10201
2020-04-01 00:00:00,17,18,92,Wednesday,April,Spring,3836
2020-06-08 00:00:00,4,5,160,Monday,June,Summer,1414
2025-11-13 00:00:00,19,20,317,Thursday,November,Fall,11859
2023-10-03 00:00:00,19,20,276,Tuesday,October,Fall,4989
2023-01-11 00:00:00,21,22,11,Wednesday,January,Winter,15556
2024-08-20 00:00:00,1,2,233,Tuesday,August,Summer,3390
2020-03-01 00:00:00,14,15,61,Sunday,March,Spring,8968
2021-08-14 00:00:00,21,22,226,Saturday,August,Summer,916
2021-12-14 00:00:00,2,3,348,Tuesday,December,Winter,587
2024-10-27 00:00:00,1,2,301,Sunday,October,Fall,1635
2021-07-30 00:00:00,1,2,211,Friday,July,Summer,1469
2025-04-16 00:00:00,6,7,106,Wednesday,April,Spring,3691
2020-10-04 00:00:00,0,1,278,Sunday,October,Fall,7366
2022-12-18 00:00:00,6,7,352,Sunday,December,Winter,6077
2021-07-09 00:00:00,21,22,190,Friday,July,Summer,370
2022-01-17 00:00:00,17,18,17,Monday,January,Winter,1397
2025-02-10 00:00:00,1,2,41,Monday,February,Winter,3221
2023-07-23 00:00:00,15,16,204,Sunday,July,Summer,9714
2020-05-01 00:00:00,5,6,122,Friday,May,Spring,6913
2023-05-12 00:00:00,18,19,132,Friday,May,Spring,5556
2022-12-21 00:00:00,19,20,355,Wednesday,December,Winter,11825
2020-01-04 00:00:00,10,11,4,Saturday,January,Winter,4479
2021-07-14 00:00:00,17,18,195,Wednesday,July,Summer,8231
2025-07-08 00:00:00,21,22,189,Tuesday,July,Summer,2398
2025-05-31 00:00:00,1,2,151,Saturday,May,Spring,837
2025-09-17 00:00:00,8,9,260,Wednesday,September,Fall,4458
2022-05-10 00:00:00,21,22,130,Tuesday,May,Spring,2140
2023-03-31 00:00:00,18,19,90,Friday,March,Spring,19093
2024-10-04 00:00:00,23,0,278,Friday,October,Fall,2882
2021-02-04 00:00:00,2,3,35,Thursday,February,Winter,4372
2020-01-03 00:00:00,11,12,3,Friday,January,Winter,9534
2020-08-31 00:00:00,23,0,244,Monday,August,Summer,1614
2025-09-08 00:00:00,9,10,251,Monday,September,Fall,3178
2022-11-11 00:00:00,18,19,315,Friday,November,Fall,3699
2024-10-21 00:00:00,15,16,295,Monday,October,Fall,8393
2022-07-04 00:00:00,15,16,185,Monday,July,Summer,6170
2025-02-01 00:00:00,2,3,32,Saturday,February,Winter,3863
2022-05-23 00:00:00,12,13,143,Monday,May,Spring,8430
2025-06-20 00:00:00,8,9,171,Friday,June,Summer,5469
2020-05-22 00:00:00,13,14,143,Friday,May,Spring,6982
2022-01-01 00:00:00,23,0,1,Saturday,January,Winter,5385
2022-10-29 00:00:00,8,9,302,Saturday,October,Fall,7385
2025-01-03 00:00:00,22,23,3,Friday,January,Winter,3446
2021-03-29 00:00:00,4,5,88,Monday,March,Spring,3859
2021-01-24 00:00:00,13,14,24,Sunday,January,Winter,9132
2021-10-06 00:00:00,6,7,279,Wednesday,October,Fall,8232
2023-11-26 00:00:00,15,16,330,Sunday,November,Fall,3911
2022-05-28 00:00:00,9,10,148,Saturday,May,Spring,5809
2024-02-05 00:00:00,4,5,36,Monday,February,Winter,7263
2025-01-28 00:00:00,7,8,28,Tuesday,January,Winter,18356
2023-02-22 00:00:00,17,18,53,Wednesday,February,Winter,2037
2024-02-17 00:00:00,1,2,48,Saturday,February,Winter,3267
2022-10-03 00:00:00,22,23,276,Monday,October,Fall,1692
2021-11-25 00:00:00,17,18,329,Thursday,November,Fall,2854
2025-02-24 00:00:00,10,11,55,Monday,February,Winter,15434
2021-11-20 00:00:00,8,9,324,Saturday,November,Fall,1106
2025-08-20 00:00:00,2,3,232,Wednesday,August,Summer,2739
2020-11-14 00:00:00,18,19,319,Saturday,November,Fall,10406
2025-07-23 00:00:00,16,17,204,Wednesday,July,Summer,6403
2021-09-29 00:00:00,20,21,272,Wednesday,September,Fall,3738
2024-01-23 00:00:00,20,21,23,Tuesday,January,Winter,17177
2025-04-10 00:00:00,11,12,100,Thursday,April,Spring,11510
2024-12-24 00:00:00,0,1,359,Tuesday,December,Winter,4716
2025-08-15 00:00:00,15,16,227,Friday,August,Summer,10700
2024-06-03 00:00:00,8,9,155,Monday,June,Summer,3377
2025-01-10 00:00:00,0,1,10,Friday,January,Winter,4208
2020-05-28 00:00:00,7,8,149,Thursday,May,Spring,3834
2024-02-02 00:00:00,6,7,33,Friday,February,Winter,5384
2021-04-15 00:00:00,1,2,105,Thursday,April,Spring,5298
2023-07-16 00:00:00,1,2,197,Sunday,July,Summer,10971
2022-07-04 00:00:00,0,1,185,Monday,July,Summer,3402
2022-12-15 00:00:00,18,19,349,Thursday,December,Winter,8325
2020-05-31 00:00:00,13,14,152,Sunday,May,Spring,8072
2020-11-08 00:00:00,9,10,313,Sunday,November,Fall,3896
2021-07-25 00:00:00,10,11,206,Sunday,July,Summer,5701
2020-02-15 00:00:00,17,18,46,Saturday,February,Winter,10164
2023-05-22 00:00:00,20,21,142,Monday,May,Spring,4807
2024-06-20 00:00:00,21,22,172,Thursday,June,Summer,2123
2022-01-24 00:00:00,7,8,24,Monday,January,Winter,3018
2021-08-30 00:00:00,23,0,242,Monday,August,Summer,4985
2021-10-07 00:00:00,14,15,280,Thursday,October,Fall,5955
2020-06-18 00:00:00,14,15,170,Thursday,June,Summer,5121
2020-02-17 00:00:00,5,6,48,Monday,February,Winter,6130
2020-03-30 00:00:00,1,2,90,Monday,March,Spring,11994
2025-07-03 00:00:00,8,9,184,Thursday,July,Summer,5437
2021-12-10 00:00:00,16,17,344,Friday,December,Winter,13856
2023-03-08 00:00:00,11,12,67,Wednesday,March,Spring,15972
2025-07-31 00:00:00,19,20,212,Thursday,July,Summer,6732
2023-05-27 00:00:00,0,1,147,Saturday,May,Spring,8791
2023-10-29 00:00:00,5,6,302,Sunday,October,Fall,14125
2024-04-21 00:00:00,8,9,112,Sunday,April,Spring,7076
2025-11-30 00:00:00,8,9,334,Sunday,November,Fall,4801
2022-01-23 00:00:00,19,20,23,Sunday,January,Winter,4009
2024-12-10 00:00:00,3,4,345,Tuesday,December,Winter,9960
2022-07-16 00:00:00,13,14,197,Saturday,July,Summer,8810
2020-08-23 00:00:00,15,16,236,Sunday,August,Summer,8621
2021-10-20 00:00:00,10,11,293,Wednesday,October,Fall,13349
2023-05-05 00:00:00,12,13,125,Friday,May,Spring,8234
2020-05-28 00:00:00,13,14,149,Thursday,May,Spring,7312
2022-12-23 00:00:00,8,9,357,Friday,December,Winter,9829
2025-09-10 00:00:00,16,17,253,Wednesday,September,Fall,6743
2023-01-01 00:00:00,22,23,1,Sunday,January,Winter,12955
2024-05-30 00:00:00,23,0,151,Thursday,May,Spring,5756
2024-11-07 00:00:00,17,18,312,Thursday,November,Fall,2897
2024-06-30 00:00:00,19,20,182,Sunday,June,Summer,4150
2020-07-26 00:00:00,2,3,208,Sunday,July,Summer,4286
2024-11-01 00:00:00,2,3,306,Friday,November,Fall,695
2024-04-05 00:00:00,3,4,96,Friday,April,Spring,8961
2020-11-16 00:00:00,18,19,321,Monday,November,Fall,4496
2022-12-15 00:00:00,13,14,349,Thursday,December,Winter,6526
2021-10-12 00:00:00,11,12,285,Tuesday,October,Fall,5020
2020-06-25 00:00:00,4,5,177,Thursday,June,Summer,3496
2023-06-21 00:00:00,18,19,172,Wednesday,June,Summer,2516
2025-04-17 00:00:00,16,17,107,Thursday,April,Spring,7819
2024-03-07 00:00:00,22,23,67,Thursday,March,Spring,12265
2025-08-01 00:00:00,21,22,213,Friday,August,Summer,4475
2025-09-13 00:00:00,12,13,256,Saturday,September,Fall,13818
2025-07-08 00:00:00,7,8,189,Tuesday,July,Summer,6101
2023-03-14 00:00:00,7,8,73,Tuesday,March,Spring,16522
2023-07-17 00:00:00,0,1,198,Monday,July,Summer,3144
2023-07-24 00:00:00,21,22,205,Monday,July,Summer,3610
2022-05-01 00:00:00,15,16,121,Sunday,May,Spring,6259
2021-10-16 00:00:00,1,2,289,Saturday,October,Fall,1687
2020-07-19 00:00:00,1,2,201,Sunday,July,Summer,1362
2024-09-22 00:00:00,8,9,266,Sunday,September,Fall,3775
2021-07-27 00:00:00,6,7,208,Tuesday,July,Summer,1578
2020-01-23 00:00:00,2,3,23,Thursday,January,Winter,6707
2023-07-07 00:00:00,11,12,188,Friday,July,Summer,8342
2022-01-23 00:00:00,9,10,23,Sunday,January,Winter,3207
2020-05-02 00:00:00,9,10,123,Saturday,May,Spring,4667
2022-06-22 00:00:00,2,3,173,Wednesday,June,Summer,3806
2024-08-15 00:00:00,1,2,228,Thursday,August,Summer,1851
2021-10-04 00:00:00,17,18,277,Monday,October,Fall,6267
2023-01-21 00:00:00,14,15,21,Saturday,January,Winter,10389
2021-10-05 00:00:00,16,17,278,Tuesday,October,Fall,12707
2025-04-08 00:00:00,22,23,98,Tuesday,April,Spring,5079
2021-08-16 00:00:00,6,7,228,Monday,August,Summer,4749
2020-01-18 00:00:00,5,6,18,Saturday,January,Winter,4645
2021-08-16 00:00:00,7,8,228,Monday,August,Summer,5046
2025-01-05 00:00:00,18,19,5,Sunday,January,Winter,18488
2020-10-25 00:00:00,5,6,299,Sunday,October,Fall,7800
2022-06-11 00:00:00,11,12,162,Saturday,June,Summer,5797
2024-05-09 00:00:00,6,7,130,Thursday,May,Spring,3436
2024-07-07 00:00:00,20,21,189,Sunday,July,Summer,3000
2023-07-11 00:00:00,14,15,192,Tuesday,July,Summer,9794
2020-06-16 00:00:00,21,22,168,Tuesday,June,Summer,1450
2022-10-22 00:00:00,12,13,295,Saturday,October,Fall,6219
2022-06-22 00:00:00,13,14,173,Wednesday,June,Summer,5622
2020-06-12 00:00:00,18,19,164,Friday,June,Summer,4969
2024-03-29 00:00:00,11,12,89,Friday,March,Spring,13290
2020-12-27 00:00:00,12,13,362,Sunday,December,Winter,13159
2021-07-01 00:00:00,14,15,182,Thursday,July,Summer,5041
2025-08-04 00:00:00,3,4,216,Monday,August,Summer,3303
2021-12-02 00:00:00,19,20,336,Thursday,December,Winter,4964
2023-04-24 00:00:00,14,15,114,Monday,April,Spring,10534
2022-09-15 00:00:00,23,0,258,Thursday,September,Fall,2156
2022-12-12 00:00:00,6,7,346,Monday,December,Winter,1038
2022-12-11 00:00:00,6,7,345,Sunday,December,Winter,2415
2021-05-30 00:00:00,23,0,150,Sunday,May,Spring,5191
2022-06-07 00:00:00,20,21,158,Tuesday,June,Summer,3487
2021-12-20 00:00:00,23,0,354,Monday,December,Winter,3377
2025-10-26 00:00:00,1,2,299,Sunday,October,Fall,10453
2023-04-02 00:00:00,8,9,92,Sunday,April,Spring,10121
2020-04-26 00:00:00,20,21,117,Sunday,April,Spring,466
2021-04-19 00:00:00,9,10,109,Monday,April,Spring,2735
2021-03-01 00:00:00,8,9,60,Monday,March,Spring,5349
2023-08-26 00:00:00,17,18,238,Saturday,August,Summer,5041
2024-09-23 00:00:00,8,9,267,Monday,September,Fall,4634
2023-03-21 00:00:00,16,17,80,Tuesday,March,Spring,8241
2020-07-29 00:00:00,11,12,211,Wednesday,July,Summer,3483
2024-11-14 00:00:00,0,1,319,Thursday,November,Fall,4003
2020-08-05 00:00:00,2,3,218,Wednesday,August,Summer,1003
2020-07-15 00:00:00,8,9,197,Wednesday,July,Summer,1905
2023-04-24 00:00:00,5,6,114,Monday,April,Spring,8273
2020-06-13 00:00:00,8,9,165,Saturday,June,Summer,2926
2020-01-04 00:00:00,18,19,4,Saturday,January,Winter,2983
2024-06-25 00:00:00,6,7,177,Tuesday,June,Summer,3497
2022-01-12 00:00:00,14,15,12,Wednesday,January,Winter,4731
2025-08-19 00:00:00,21,22,231,Tuesday,August,Summer,3579
2020-06-28 00:00:00,0,1,180,Sunday,June,Summer,4765
2025-03-08 00:00:00,6,7,67,Saturday,March,Spring,10878
2024-09-06 00:00:00,6,7,250,Friday,September,Fall,2426
2024-05-31 00:00:00,12,13,152,Friday,May,Spring,11737
2020-06-01 00:00:00,17,18,153,Monday,June,Summer,4261
2020-11-02 00:00:00,12,13,307,Monday,November,Fall,13394
2023-04-11 00:00:00,12,13,101,Tuesday,April,Spring,9998
2021-03-01 00:00:00,1,2,60,Monday,March,Spring,5776
2020-02-24 00:00:00,18,19,55,Monday,February,Winter,10814
2025-09-15 00:00:00,2,3,258,Monday,September,Fall,9831
2023-05-23 00:00:00,18,19,143,Tuesday,May,Spring,10411
2021-03-04 00:00:00,21,22,63,Thursday,March,Spring,3114
2022-03-20 00:00:00,6,7,79,Sunday,March,Spring,4720
2025-06-21 00:00:00,14,15,172,Saturday,June,Summer,9972
2023-08-12 00:00:00,4,5,224,Saturday,August,Summer,1660
2021-02-11 00:00:00,14,15,42,Thursday,February,Winter,8606
2020-12-16 00:00:00,8,9,351,Wednesday,December,Winter,6819
2022-01-23 00:00:00,10,11,23,Sunday,January,Winter,4428
2021-08-22 00:00:00,23,0,234,Sunday,August,Summer,2991
2024-10-27 00:00:00,14,15,301,Sunday,October,Fall,3213
2025-09-08 00:00:00,12,13,251,Monday,September,Fall,6498
2024-02-27 00:00:00,1,2,58,Tuesday,February,Winter,13652
2025-02-02 00:00:00,19,20,33,Sunday,February,Winter,1296
2022-11-19 00:00:00,8,9,323,Saturday,November,Fall,2689
2023-01-10 00:00:00,19,20,10,Tuesday,January,Winter,14924
2021-12-26 00:00:00,10,11,360,Sunday,December,Winter,4021
2021-07-26 00:00:00,17,18,207,Monday,July,Summer,6326
2023-07-10 00:00:00,8,9,191,Monday,July,Summer,2252
2022-03-18 00:00:00,1,2,77,Friday,March,Spring,6520
2024-03-26 00:00:00,6,7,86,Tuesday,March,Spring,4088
2021-12-25 00:00:00,10,11,359,Saturday,December,Winter,1761
2025-03-09 00:00:00,4,5,68,Sunday,March,Spring,9371
2025-11-21 00:00:00,22,23,325,Friday,November,Fall,3561
2024-08-28 00:00:00,11,12,241,Wednesday,August,Summer,8271
2022-04-09 00:00:00,7,8,99,Saturday,April,Spring,3140
2025-08-27 00:00:00,13,14,239,Wednesday,August,Summer,9935
2024-07-24 00:00:00,14,15,206,Wednesday,July,Summer,8396
2021-12-01 00:00:00,3,4,335,Wednesday,December,Winter,13696
2022-10-02 00:00:00,14,15,275,Sunday,October,Fall,11081
2021-06-02 00:00:00,18,19,153,Wednesday,June,Summer,5123
2025-08-25 00:00:00,0,1,237,Monday,August,Summer,4994
2025-06-21 00:00:00,10,11,172,Saturday,June,Summer,7971
2023-06-20 00:00:00,23,0,171,Tuesday,June,Summer,1043
2022-08-09 00:00:00,11,12,221,Tuesday,August,Summer,9212
2024-05-07 00:00:00,0,1,128,Tuesday,May,Spring,2917
2023-02-20 00:00:00,0,1,51,Monday,February,Winter,3125
2023-10-17 00:00:00,7,8,290,Tuesday,October,Fall,7154
2020-12-18 00:00:00,4,5,353,Friday,December,Winter,5875
2020-05-29 00:00:00,16,17,150,Friday,May,Spring,7583
2023-08-14 00:00:00,14,15,226,Monday,August,Summer,9682
2021-05-04 00:00:00,15,16,124,Tuesday,May,Spring,14449
2021-03-01 00:00:00,9,10,60,Monday,March,Spring,5489
2025-02-04 00:00:00,17,18,35,Tuesday,February,Winter,4150
2023-05-20 00:00:00,16,17,140,Saturday,May,Spring,9396
2021-02-20 00:00:00,6,7,51,Saturday,February,Winter,11021
2023-06-08 00:00:00,23,0,159,Thursday,June,Summer,4890
2021-08-11 00:00:00,8,9,223,Wednesday,August,Summer,1398
2022-04-16 00:00:00,1,2,106,Saturday,April,Spring,5425
2020-02-22 00:00:00,15,16,53,Saturday,February,Winter,11215
2020-09-20 00:00:00,5,6,264,Sunday,September,Fall,1430
2025-07-26 00:00:00,16,17,207,Saturday,July,Summer,12297
2020-07-07 00:00:00,16,17,189,Tuesday,July,Summer,4966
2024-10-14 00:00:00,7,8,288,Monday,October,Fall,4181
2021-01-10 00:00:00,12,13,10,Sunday,January,Winter,4787
2020-05-26 00:00:00,13,14,147,Tuesday,May,Spring,7674
2022-06-11 00:00:00,10,11,162,Saturday,June,Summer,4978
2021-11-15 00:00:00,3,4,319,Monday,November,Fall,3192
2024-02-17 00:00:00,2,3,48,Saturday,February,Winter,2933
2021-08-04 00:00:00,20,21,216,Wednesday,August,Summer,1904
2022-02-24 00:00:00,4,5,55,Thursday,February,Winter,4560
2021-04-25 00:00:00,16,17,115,Sunday,April,Spring,10672
2022-10-10 00:00:00,15,16,283,Monday,October,Fall,4814
2020-06-07 00:00:00,13,14,159,Sunday,June,Summer,4010
2023-03-20 00:00:00,21,22,79,Monday,March,Spring,1961
2022-04-16 00:00:00,19,20,106,Saturday,April,Spring,6468
2023-02-21 00:00:00,19,20,52,Tuesday,February,Winter,1282
2025-09-16 00:00:00,10,11,259,Tuesday,September,Fall,13417
2025-10-15 00:00:00,11,12,288,Wednesday,October,Fall,8271
2022-04-30 00:00:00,2,3,120,Saturday,April,Spring,4404
2023-03-16 00:00:00,13,14,75,Thursday,March,Spring,12494
2020-06-18 00:00:00,13,14,170,Thursday,June,Summer,4693
2022-05-13 00:00:00,11,12,133,Friday,May,Spring,5938
2020-11-05 00:00:00,11,12,310,Thursday,November,Fall,6089
2025-04-29 00:00:00,15,16,119,Tuesday,April,Spring,6311
2023-05-04 00:00:00,23,0,124,Thursday,May,Spring,3643
2025-11-17 00:00:00,0,1,321,Monday,November,Fall,5025
2021-07-01 00:00:00,5,6,182,Thursday,July,Summer,651
2023-03-15 00:00:00,11,12,74,Wednesday,March,Spring,6484
2023-09-15 00:00:00,10,11,258,Friday,September,Fall,5974
2023-12-22 00:00:00,23,0,356,Friday,December,Winter,13587
2021-03-22 00:00:00,4,5,81,Monday,March,Spring,4054
2022-12-12 00:00:00,22,23,346,Monday,December,Winter,6733
2023-09-03 00:00:00,11,12,246,Sunday,September,Fall,7094
2021-11-09 00:00:00,0,1,313,Tuesday,November,Fall,1819
2021-01-17 00:00:00,12,13,17,Sunday,January,Winter,7552
2023-06-21 00:00:00,7,8,172,Wednesday,June,Summer,1637
2021-05-20 00:00:00,18,19,140,Thursday,May,Spring,9869
2021-04-16 00:00:00,7,8,106,Friday,April,Spring,4456
2022-12-17 00:00:00,9,10,351,Saturday,December,Winter,3658
2022-05-08 00:00:00,6,7,128,Sunday,May,Spring,3605
2022-12-22 00:00:00,12,13,356,Thursday,December,Winter,14188
2021-07-11 00:00:00,19,20,192,Sunday,July,Summer,1524
2020-01-27 00:00:00,23,0,27,Monday,January,Winter,11841
2020-06-15 00:00:00,14,15,167,Monday,June,Summer,5662
2020-01-17 00:00:00,19,20,17,Friday,January,Winter,7060
2025-08-08 00:00:00,21,22,220,Friday,August,Summer,1377
2023-12-22 00:00:00,3,4,356,Friday,December,Winter,16098
2025-10-22 00:00:00,14,15,295,Wednesday,October,Fall,7599
2023-05-21 00:00:00,11,12,141,Sunday,May,Spring,5316
2025-06-14 00:00:00,23,0,165,Saturday,June,Summer,2727
2025-07-07 00:00:00,8,9,188,Monday,July,Summer,7413
2024-01-09 00:00:00,13,14,9,Tuesday,January,Winter,7152
2021-01-21 00:00:00,5,6,21,Thursday,January,Winter,11117
2024-03-28 00:00:00,0,1,88,Thursday,March,Spring,14268
2024-03-24 00:00:00,9,10,84,Sunday,March,Spring,14489
2022-05-11 00:00:00,7,8,131,Wednesday,May,Spring,3997
2021-06-20 00:00:00,19,20,171,Sunday,June,Summer,3126
2020-12-23 00:00:00,13,14,358,Wednesday,December,Winter,11166
2024-04-14 00:00:00,11,12,105,Sunday,April,Spring,3777
2025-10-17 00:00:00,1,2,290,Friday,October,Fall,5705
2023-08-24 00:00:00,5,6,236,Thursday,August,Summer,3806
2022-10-05 00:00:00,22,23,278,Wednesday,October,Fall,6523
2025-03-04 00:00:00,22,23,63,Tuesday,March,Spring,2922
2021-06-15 00:00:00,1,2,166,Tuesday,June,Summer,2375
2020-06-27 00:00:00,14,15,179,Saturday,June,Summer,11830
2020-01-22 00:00:00,23,0,22,Wednesday,January,Winter,6702
2023-09-01 00:00:00,0,1,244,Friday,September,Fall,4962
2024-07-27 00:00:00,7,8,209,Saturday,July,Summer,942
2024-09-12 00:00:00,13,14,256,Thursday,September,Fall,11222
2022-09-05 00:00:00,22,23,248,Monday,September,Fall,5367
2022-06-22 00:00:00,19,20,173,Wednesday,June,Summer,2962
2023-09-06 00:00:00,7,8,249,Wednesday,September,Fall,2356
2020-08-26 00:00:00,23,0,239,Wednesday,August,Summer,1950
2021-02-19 00:00:00,6,7,50,Friday,February,Winter,4981
2022-06-14 00:00:00,14,15,165,Tuesday,June,Summer,6715
2020-02-22 00:00:00,13,14,53,Saturday,February,Winter,12629
2022-09-14 00:00:00,11,12,257,Wednesday,September,Fall,5082
2024-06-15 00:00:00,13,14,167,Saturday,June,Summer,11056
2023-01-01 00:00:00,7,8,1,Sunday,January,Winter,9266
2021-09-05 00:00:00,17,18,248,Sunday,September,Fall,2963
2023-11-24 00:00:00,23,0,328,Friday,November,Fall,9503
2024-05-26 00:00:00,0,1,147,Sunday,May,Spring,3450
2025-09-23 00:00:00,4,5,266,Tuesday,September,Fall,4925
2022-08-28 00:00:00,5,6,240,Sunday,August,Summer,3796
2023-11-17 00:00:00,4,5,321,Friday,November,Fall,4902
2024-12-15 00:00:00,12,13,350,Sunday,December,Winter,9874
2020-08-22 00:00:00,17,18,235,Saturday,August,Summer,10771
2020-10-03 00:00:00,2,3,277,Saturday,October,Fall,2954
2024-06-04 00:00:00,22,23,156,Tuesday,June,Summer,4507
2024-05-03 00:00:00,15,16,124,Friday,May,Spring,10504
2020-02-06 00:00:00,11,12,37,Thursday,February,Winter,4762
2025-01-19 00:00:00,3,4,19,Sunday,January,Winter,931
2021-07-06 00:00:00,15,16,187,Tuesday,July,Summer,11191
2020-08-12 00:00:00,11,12,225,Wednesday,August,Summer,3755
2024-02-03 00:00:00,12,13,34,Saturday,February,Winter,7803
2025-10-07 00:00:00,9,10,280,Tuesday,October,Fall,3821
2024-10-19 00:00:00,13,14,293,Saturday,October,Fall,10146
2025-10-28 00:00:00,3,4,301,Tuesday,October,Fall,11254
2021-08-11 00:00:00,21,22,223,Wednesday,August,Summer,438
2024-02-05 00:00:00,22,23,36,Monday,February,Winter,8550
2022-09-28 00:00:00,23,0,271,Wednesday,September,Fall,2524
2024-12-18 00:00:00,8,9,353,Wednesday,December,Winter,15129
2022-02-06 00:00:00,2,3,37,Sunday,February,Winter,13175
2022-10-12 00:00:00,8,9,285,Wednesday,October,Fall,584
2022-07-26 00:00:00,21,22,207,Tuesday,July,Summer,2482
2021-05-28 00:00:00,14,15,148,Friday,May,Spring,5503
2023-09-13 00:00:00,19,20,256,Wednesday,September,Fall,1538
2025-10-29 00:00:00,11,12,302,Wednesday,October,Fall,7794
2024-07-02 00:00:00,13,14,184,Tuesday,July,Summer,8030
2024-12-04 00:00:00,23,0,339,Wednesday,December,Winter,6973
2021-04-14 00:00:00,1,2,104,Wednesday,April,Spring,4020
2023-02-04 00:00:00,10,11,35,Saturday,February,Winter,4372
2023-09-17 00:00:00,3,4,260,Sunday,September,Fall,2904
2023-04-19 00:00:00,4,5,109,Wednesday,April,Spring,7469
2021-05-29 00:00:00,3,4,149,Saturday,May,Spring,2960
2025-05-05 00:00:00,9,10,125,Monday,May,Spring,12112
2024-06-22 00:00:00,0,1,174,Saturday,June,Summer,4950
2020-05-09 00:00:00,18,19,130,Saturday,May,Spring,2119
2025-03-27 00:00:00,18,19,86,Thursday,March,Spring,3241
2022-03-05 00:00:00,7,8,64,Saturday,March,Spring,2368
2020-05-15 00:00:00,2,3,136,Friday,May,Spring,7692
2022-10-15 00:00:00,9,10,288,Saturday,October,Fall,11169
2023-07-05 00:00:00,5,6,186,Wednesday,July,Summer,9980
2022-03-18 00:00:00,9,10,77,Friday,March,Spring,9550
2022-01-15 00:00:00,11,12,15,Saturday,January,Winter,3590
2022-10-21 00:00:00,12,13,294,Friday,October,Fall,8623
2021-10-01 00:00:00,18,19,274,Friday,October,Fall,5384
2023-09-15 00:00:00,16,17,258,Friday,September,Fall,6137
2022-05-18 00:00:00,6,7,138,Wednesday,May,Spring,1431
2025-01-26 00:00:00,7,8,26,Sunday,January,Winter,10617
2021-04-06 00:00:00,4,5,96,Tuesday,April,Spring,4973
2024-06-05 00:00:00,15,16,157,Wednesday,June,Summer,8338
2023-05-27 00:00:00,16,17,147,Saturday,May,Spring,7001
2023-10-07 00:00:00,14,15,280,Saturday,October,Fall,8412
2025-06-19 00:00:00,23,0,170,Thursday,June,Summer,6656
2020-07-14 00:00:00,16,17,196,Tuesday,July,Summer,5502
2025-01-30 00:00:00,9,10,30,Thursday,January,Winter,6843
2020-04-18 00:00:00,10,11,109,Saturday,April,Spring,2403
2020-05-01 00:00:00,20,21,122,Friday,May,Spring,7607
2024-12-17 00:00:00,7,8,352,Tuesday,December,Winter,2584
2021-10-20 00:00:00,2,3,293,Wednesday,October,Fall,11312
2025-01-19 00:00:00,13,14,19,Sunday,January,Winter,4287
2020-01-19 00:00:00,12,13,19,Sunday,January,Winter,7168
2022-04-03 00:00:00,12,13,93,Sunday,April,Spring,8072
2022-11-26 00:00:00,16,17,330,Saturday,November,Fall,4098
2024-04-06 00:00:00,11,12,97,Saturday,April,Spring,11113
2024-06-29 00:00:00,9,10,181,Saturday,June,Summer,4606
2022-06-21 00:00:00,13,14,172,Tuesday,June,Summer,4725
2021-05-24 00:00:00,7,8,144,Monday,May,Spring,7606
2025-07-19 00:00:00,22,23,200,Saturday,July,Summer,3591
2023-01-24 00:00:00,6,7,24,Tuesday,January,Winter,7138
2023-01-05 00:00:00,5,6,5,Thursday,January,Winter,8718
2024-03-31 00:00:00,15,16,91,Sunday,March,Spring,12871
2021-10-20 00:00:00,4,5,293,Wednesday,October,Fall,10723
2020-10-08 00:00:00,16,17,282,Thursday,October,Fall,10734
2025-11-22 00:00:00,4,5,326,Saturday,November,Fall,4238
2021-02-09 00:00:00,7,8,40,Tuesday,February,Winter,1690
2022-12-11 00:00:00,4,5,345,Sunday,December,Winter,2435
2022-10-02 00:00:00,10,11,275,Sunday,October,Fall,8595
2021-12-11 00:00:00,21,22,345,Saturday,December,Winter,4734
2025-01-29 00:00:00,19,20,29,Wednesday,January,Winter,7676
2024-10-17 00:00:00,16,17,291,Thursday,October,Fall,3148
2020-02-15 00:00:00,10,11,46,Saturday,February,Winter,9345
2021-08-30 00:00:00,17,18,242,Monday,August,Summer,7498
2022-12-01 00:00:00,2,3,335,Thursday,December,Winter,3707
2023-09-24 00:00:00,23,0,267,Sunday,September,Fall,6907
2020-01-29 00:00:00,5,6,29,Wednesday,January,Winter,8170
2025-06-27 00:00:00,0,1,178,Friday,June,Summer,3718
2020-03-23 00:00:00,20,21,83,Monday,March,Spring,7815
2024-06-03 00:00:00,11,12,155,Monday,June,Summer,6838
2020-06-03 00:00:00,21,22,155,Wednesday,June,Summer,4054
2024-03-15 00:00:00,22,23,75,Friday,March,Spring,11551
2020-05-06 00:00:00,1,2,127,Wednesday,May,Spring,2902
2022-06-20 00:00:00,8,9,171,Monday,June,Summer,4120
2022-08-04 00:00:00,8,9,216,Thursday,August,Summer,2352
2025-06-05 00:00:00,2,3,156,Thursday,June,Summer,3520
2024-05-22 00:00:00,21,22,143,Wednesday,May,Spring,3246
2021-05-31 00:00:00,12,13,151,Monday,May,Spring,8251
2025-05-17 00:00:00,16,17,137,Saturday,May,Spring,5091
2023-06-08 00:00:00,3,4,159,Thursday,June,Summer,4963
2020-06-10 00:00:00,13,14,162,Wednesday,June,Summer,3476
2021-04-06 00:00:00,7,8,96,Tuesday,April,Spring,4483
2020-05-12 00:00:00,13,14,133,Tuesday,May,Spring,5427
2021-10-22 00:00:00,13,14,295,Friday,October,Fall,7756
2020-10-25 00:00:00,20,21,299,Sunday,October,Fall,5286
2024-11-10 00:00:00,9,10,315,Sunday,November,Fall,2337
2020-08-27 00:00:00,3,4,240,Thursday,August,Summer,746
2020-12-08 00:00:00,13,14,343,Tuesday,December,Winter,2927
2020-02-25 00:00:00,19,20,56,Tuesday,February,Winter,11340
2025-05-25 00:00:00,22,23,145,Sunday,May,Spring,7827
2024-10-29 00:00:00,8,9,303,Tuesday,October,Fall,2469
2023-06-12 00:00:00,2,3,163,Monday,June,Summer,1550
2022-06-11 00:00:00,18,19,162,Saturday,June,Summer,3464
2024-10-14 00:00:00,9,10,288,Monday,October,Fall,4669
2023-11-29 00:00:00,7,8,333,Wednesday,November,Fall,3138
2023-05-11 00:00:00,19,20,131,Thursday,May,Spring,3543
2022-05-30 00:00:00,5,6,150,Monday,May,Spring,3358
2023-04-20 00:00:00,1,2,110,Thursday,April,Spring,9578
2025-10-26 00:00:00,15,16,299,Sunday,October,Fall,14457
2021-06-03 00:00:00,12,13,154,Thursday,June,Summer,4373
2022-05-09 00:00:00,19,20,129,Monday,May,Spring,1377
2021-12-20 00:00:00,3,4,354,Monday,December,Winter,3033
2023-10-09 00:00:00,6,7,282,Monday,October,Fall,1355
2023-09-15 00:00:00,0,1,258,Friday,September,Fall,3113
2023-09-08 00:00:00,5,6,251,Friday,September,Fall,1193
2020-06-24 00:00:00,3,4,176,Wednesday,June,Summer,4927
2024-11-30 00:00:00,2,3,335,Saturday,November,Fall,4784
2025-04-14 00:00:00,4,5,104,Monday,April,Spring,625
2021-08-13 00:00:00,1,2,225,Friday,August,Summer,1385
2021-07-06 00:00:00,20,21,187,Tuesday,July,Summer,3252
2020-05-02 00:00:00,6,7,123,Saturday,May,Spring,4527
2021-09-25 00:00:00,7,8,268,Saturday,September,Fall,1626
2025-09-13 00:00:00,23,0,256,Saturday,September,Fall,5473
2022-05-03 00:00:00,20,21,123,Tuesday,May,Spring,3913
2022-05-31 00:00:00,6,7,151,Tuesday,May,Spring,629
2021-04-04 00:00:00,20,21,94,Sunday,April,Spring,1822
2022-05-02 00:00:00,14,15,122,Monday,May,Spring,6399
2022-04-22 00:00:00,6,7,112,Friday,April,Spring,4924
2021-12-06 00:00:00,13,14,340,Monday,December,Winter,6810
2021-12-11 00:00:00,4,5,345,Saturday,December,Winter,7205
2025-02-28 00:00:00,2,3,59,Friday,February,Winter,4602
2023-02-09 00:00:00,0,1,40,Thursday,February,Winter,2302
2020-10-16 00:00:00,12,13,290,Friday,October,Fall,4771
2023-10-17 00:00:00,19,20,290,Tuesday,October,Fall,9601
2025-10-21 00:00:00,0,1,294,Tuesday,October,Fall,16078
2023-11-07 00:00:00,15,16,311,Tuesday,November,Fall,10062
2025-10-30 00:00:00,20,21,303,Thursday,October,Fall,7973
2020-10-19 00:00:00,1,2,293,Monday,October,Fall,1282
2023-09-08 00:00:00,0,1,251,Friday,September,Fall,1364
2025-10-19 00:00:00,18,19,292,Sunday,October,Fall,12954
2022-11-13 00:00:00,15,16,317,Sunday,November,Fall,2623
2021-02-24 00:00:00,23,0,55,Wednesday,February,Winter,6614
2023-04-16 00:00:00,14,15,106,Sunday,April,Spring,10098
2024-08-19 00:00:00,21,22,232,Monday,August,Summer,2334
2024-03-01 00:00:00,20,21,61,Friday,March,Spring,13391
2025-04-25 00:00:00,23,0,115,Friday,April,Spring,5109
2025-06-05 00:00:00,0,1,156,Thursday,June,Summer,2919
2024-05-04 00:00:00,20,21,125,Saturday,May,Spring,3018
2023-08-19 00:00:00,17,18,231,Saturday,August,Summer,5543
2024-03-21 00:00:00,9,10,81,Thursday,March,Spring,3781
2021-04-05 00:00:00,1,2,95,Monday,April,Spring,3111
2021-05-19 00:00:00,22,23,139,Wednesday,May,Spring,3897
2023-12-21 00:00:00,3,4,355,Thursday,December,Winter,14043
2025-02-22 00:00:00,4,5,53,Saturday,February,Winter,10381
2021-02-07 00:00:00,23,0,38,Sunday,February,Winter,1739
2025-05-10 00:00:00,6,7,130,Saturday,May,Spring,7169
2025-02-25 00:00:00,14,15,56,Tuesday,February,Winter,13221
2024-07-02 00:00:00,2,3,184,Tuesday,July,Summer,2993
2023-05-25 00:00:00,6,7,145,Thursday,May,Spring,7649
2022-04-13 00:00:00,16,17,103,Wednesday,April,Spring,3243
2025-02-15 00:00:00,18,19,46,Saturday,February,Winter,3681
2022-04-19 00:00:00,5,6,109,Tuesday,April,Spring,2287
2021-02-14 00:00:00,23,0,45,Sunday,February,Winter,10047
2024-01-13 00:00:00,2,3,13,Saturday,January,Winter,2005
2024-06-23 00:00:00,21,22,175,Sunday,June,Summer,1679
2023-06-23 00:00:00,22,23,174,Friday,June,Summer,2045
2022-12-13 00:00:00,16,17,347,Tuesday,December,Winter,2696
2023-10-03 00:00:00,20,21,276,Tuesday,October,Fall,4434
2023-07-13 00:00:00,15,16,194,Thursday,July,Summer,9653
2020-04-19 00:00:00,17,18,110,Sunday,April,Spring,4146
2022-12-01 00:00:00,19,20,335,Thursday,December,Winter,3999
2025-06-23 00:00:00,19,20,174,Monday,June,Summer,9992
2020-09-08 00:00:00,1,2,252,Tuesday,September,Fall,1554
2024-07-03 00:00:00,18,19,185,Wednesday,July,Summer,9354
2025-07-25 00:00:00,3,4,206,Friday,July,Summer,2035
2021-06-20 00:00:00,10,11,171,Sunday,June,Summer,3778
2023-05-31 00:00:00,8,9,151,Wednesday,May,Spring,7123
2021-05-01 00:00:00,11,12,121,Saturday,May,Spring,3323
2023-04-02 00:00:00,12,13,92,Sunday,April,Spring,12812
2022-01-08 00:00:00,10,11,8,Saturday,January,Winter,10733
2024-02-23 00:00:00,13,14,54,Friday,February,Winter,16191
2021-01-22 00:00:00,17,18,22,Friday,January,Winter,3817
2025-07-05 00:00:00,4,5,186,Saturday,July,Summer,2489
2024-04-18 00:00:00,12,13,109,Thursday,April,Spring,8623
2024-10-24 00:00:00,0,1,298,Thursday,October,Fall,6796
2023-08-08 00:00:00,22,23,220,Tuesday,August,Summer,2582
2020-01-13 00:00:00,17,18,13,Monday,January,Winter,9926
2025-06-27 00:00:00,13,14,178,Friday,June,Summer,11541
2024-07-01 00:00:00,5,6,183,Monday,July,Summer,1695
2024-05-11 00:00:00,21,22,132,Saturday,May,Spring,3472
2025-09-07 00:00:00,14,15,250,Sunday,September,Fall,7231
2023-11-19 00:00:00,13,14,323,Sunday,November,Fall,17786
2020-12-11 00:00:00,18,19,346,Friday,December,Winter,6188
2020-08-28 00:00:00,5,6,241,Friday,August,Summer,4524
2025-02-04 00:00:00,13,14,35,Tuesday,February,Winter,8211
2020-02-09 00:00:00,5,6,40,Sunday,February,Winter,11052
2022-04-13 00:00:00,5,6,103,Wednesday,April,Spring,1227
2021-10-24 00:00:00,22,23,297,Sunday,October,Fall,3438
2024-10-24 00:00:00,5,6,298,Thursday,October,Fall,6302
2023-02-16 00:00:00,6,7,47,Thursday,February,Winter,4250
2024-06-11 00:00:00,4,5,163,Tuesday,June,Summer,1800
2020-10-16 00:00:00,23,0,290,Friday,October,Fall,1207
2020-06-28 00:00:00,3,4,180,Sunday,June,Summer,4867
2024-03-23 00:00:00,11,12,83,Saturday,March,Spring,12855
2025-08-13 00:00:00,3,4,225,Wednesday,August,Summer,1056
2022-07-04 00:00:00,1,2,185,Monday,July,Summer,3580
2022-04-18 00:00:00,15,16,108,Monday,April,Spring,5600
2025-08-18 00:00:00,16,17,230,Monday,August,Summer,7367
2024-11-17 00:00:00,18,19,322,Sunday,November,Fall,4964
2023-04-30 00:00:00,23,0,120,Sunday,April,Spring,1696
2020-03-20 00:00:00,2,3,80,Friday,March,Spring,3316
2023-12-15 00:00:00,12,13,349,Friday,December,Winter,4274
2021-11-28 00:00:00,13,14,332,Sunday,November,Fall,10375
2025-10-31 00:00:00,21,22,304,Friday,October,Fall,15246
2022-10-05 00:00:00,12,13,278,Wednesday,October,Fall,14483
2025-06-23 00:00:00,10,11,174,Monday,June,Summer,11567
2023-03-01 00:00:00,18,19,60,Wednesday,March,Spring,7450
2022-12-12 00:00:00,10,11,346,Monday,December,Winter,3288
2021-11-12 00:00:00,15,16,316,Friday,November,Fall,3879
2023-12-21 00:00:00,12,13,355,Thursday,December,Winter,19358
2024-10-25 00:00:00,2,3,299,Friday,October,Fall,6941
2023-02-24 00:00:00,18,19,55,Friday,February,Winter,3224
2022-07-08 00:00:00,11,12,189,Friday,July,Summer,7531
2020-11-08 00:00:00,1,2,313,Sunday,November,Fall,4275
2021-11-01 00:00:00,0,1,305,Monday,November,Fall,9125
2024-11-23 00:00:00,0,1,328,Saturday,November,Fall,8044
2024-12-23 00:00:00,5,6,358,Monday,December,Winter,17108
2023-11-15 00:00:00,21,22,319,Wednesday,November,Fall,4402
2020-07-29 00:00:00,13,14,211,Wednesday,July,Summer,4027
2020-03-01 00:00:00,16,17,61,Sunday,March,Spring,8574
2020-12-16 00:00:00,10,11,351,Wednesday,December,Winter,8045
2021-11-02 00:00:00,4,5,306,Tuesday,November,Fall,4888
2020-11-09 00:00:00,9,10,314,Monday,November,Fall,3308
2023-10-04 00:00:00,4,5,277,Wednesday,October,Fall,2628
2024-02-16 00:00:00,22,23,47,Friday,February,Winter,4567
2020-03-21 00:00:00,11,12,81,Saturday,March,Spring,10973
2021-08-08 00:00:00,5,6,220,Sunday,August,Summer,5042
2021-05-29 00:00:00,5,6,149,Saturday,May,Spring,2581
2023-09-08 00:00:00,14,15,251,Friday,September,Fall,7239
2024-01-16 00:00:00,2,3,16,Tuesday,January,Winter,1868
2025-06-26 00:00:00,21,22,177,Thursday,June,Summer,4580
2021-09-28 00:00:00,5,6,271,Tuesday,September,Fall,1599
2020-03-06 00:00:00,2,3,66,Friday,March,Spring,10808
2021-10-10 00:00:00,5,6,283,Sunday,October,Fall,1374
2025-06-07 00:00:00,18,19,158,Saturday,June,Summer,13408
2023-12-02 00:00:00,11,12,336,Saturday,December,Winter,4402
2020-06-09 00:00:00,20,21,161,Tuesday,June,Summer,2462
2025-07-14 00:00:00,19,20,195,Monday,July,Summer,8818
2021-02-05 00:00:00,21,22,36,Friday,February,Winter,2566
2023-02-02 00:00:00,21,22,33,Thursday,February,Winter,7011
2023-05-26 00:00:00,16,17,146,Friday,May,Spring,11645
2024-08-03 00:00:00,14,15,216,Saturday,August,Summer,10343
2022-10-14 00:00:00,0,1,287,Friday,October,Fall,3451
2025-08-12 00:00:00,12,13,224,Tuesday,August,Summer,10561
2022-03-28 00:00:00,7,8,87,Monday,March,Spring,1693
2025-05-02 00:00:00,4,5,122,Friday,May,Spring,3410
2025-04-13 00:00:00,17,18,103,Sunday,April,Spring,5953
2020-10-09 00:00:00,21,22,283,Friday,October,Fall,3453
2025-08-06 00:00:00,2,3,218,Wednesday,August,Summer,3916
2021-06-11 00:00:00,21,22,162,Friday,June,Summer,2176
2020-06-19 00:00:00,9,10,171,Friday,June,Summer,3181
2023-01-24 00:00:00,7,8,24,Tuesday,January,Winter,7104
2020-09-15 00:00:00,21,22,259,Tuesday,September,Fall,833
2023-07-24 00:00:00,7,8,205,Monday,July,Summer,4430
2025-07-06 00:00:00,16,17,187,Sunday,July,Summer,14176
2021-04-15 00:00:00,12,13,105,Thursday,April,Spring,9189
2025-03-22 00:00:00,23,0,81,Saturday,March,Spring,4464
2024-01-04 00:00:00,11,12,4,Thursday,January,Winter,11461
2023-02-17 00:00:00,7,8,48,Friday,February,Winter,8100
2024-05-20 00:00:00,4,5,141,Monday,May,Spring,1616
2024-01-27 00:00:00,10,11,27,Saturday,January,Winter,5738
2023-08-31 00:00:00,15,16,243,Thursday,August,Summer,10018
2021-02-19 00:00:00,3,4,50,Friday,February,Winter,4793
2021-07-08 00:00:00,14,15,189,Thursday,July,Summer,5195
2023-05-19 00:00:00,1,2,139,Friday,May,Spring,6367
2021-01-29 00:00:00,16,17,29,Friday,January,Winter,14125
2022-06-01 00:00:00,20,21,152,Wednesday,June,Summer,2172
2020-04-30 00:00:00,16,17,121,Thursday,April,Spring,14234
2021-09-22 00:00:00,21,22,265,Wednesday,September,Fall,2338
2024-02-02 00:00:00,4,5,33,Friday,February,Winter,4279
2022-07-24 00:00:00,15,16,205,Sunday,July,Summer,7307
2021-05-25 00:00:00,13,14,145,Tuesday,May,Spring,14393
2023-07-17 00:00:00,7,8,198,Monday,July,Summer,2338
2024-06-08 00:00:00,9,10,160,Saturday,June,Summer,4101
2022-07-19 00:00:00,8,9,200,Tuesday,July,Summer,5523
2020-11-16 00:00:00,10,11,321,Monday,November,Fall,9212
2024-02-02 00:00:00,23,0,33,Friday,February,Winter,6383
2020-06-25 00:00:00,20,21,177,Thursday,June,Summer,1654
2025-07-10 00:00:00,22,23,191,Thursday,July,Summer,3466
2022-06-03 00:00:00,5,6,154,Friday,June,Summer,2794
2020-06-18 00:00:00,2,3,170,Thursday,June,Summer,1786
2024-03-21 00:00:00,4,5,81,Thursday,March,Spring,2332
2023-04-25 00:00:00,1,2,115,Tuesday,April,Spring,2739
2022-01-07 00:00:00,9,10,7,Friday,January,Winter,9573
2023-04-18 00:00:00,12,13,108,Tuesday,April,Spring,12157
2023-03-26 00:00:00,8,9,85,Sunday,March,Spring,14251
2023-12-19 00:00:00,9,10,353,Tuesday,December,Winter,9075
2022-10-26 00:00:00,0,1,299,Wednesday,October,Fall,6850
2025-06-03 00:00:00,8,9,154,Tuesday,June,Summer,5477
2020-06-17 00:00:00,3,4,169,Wednesday,June,Summer,1304
2025-08-29 00:00:00,3,4,241,Friday,August,Summer,8790
2020-02-16 00:00:00,15,16,47,Sunday,February,Winter,13620
2020-09-15 00:00:00,4,5,259,Tuesday,September,Fall,3135
2022-02-07 00:00:00,14,15,38,Monday,February,Winter,6367
2021-09-18 00:00:00,21,22,261,Saturday,September,Fall,2374
2023-05-09 00:00:00,4,5,129,Tuesday,May,Spring,2754
2024-03-18 00:00:00,9,10,78,Monday,March,Spring,3934
2024-01-10 00:00:00,12,13,10,Wednesday,January,Winter,2707
2020-12-24 00:00:00,2,3,359,Thursday,December,Winter,10311
2024-06-10 00:00:00,8,9,162,Monday,June,Summer,7335
2022-11-09 00:00:00,1,2,313,Wednesday,November,Fall,9198
2024-11-11 00:00:00,1,2,316,Monday,November,Fall,2550
2022-12-05 00:00:00,19,20,339,Monday,December,Winter,1646
2020-01-06 00:00:00,22,23,6,Monday,January,Winter,6114
2023-08-21 00:00:00,21,22,233,Monday,August,Summer,1791
2020-01-12 00:00:00,17,18,12,Sunday,January,Winter,4993
2024-10-12 00:00:00,18,19,286,Saturday,October,Fall,6137
2020-11-09 00:00:00,13,14,314,Monday,November,Fall,2889
2022-09-13 00:00:00,0,1,256,Tuesday,September,Fall,2581
2020-03-29 00:00:00,16,17,89,Sunday,March,Spring,13630
2025-02-15 00:00:00,22,23,46,Saturday,February,Winter,5661
2025-08-27 00:00:00,0,1,239,Wednesday,August,Summer,2252
2023-07-12 00:00:00,22,23,193,Wednesday,July,Summer,3539
2025-01-02 00:00:00,7,8,2,Thursday,January,Winter,6369
2021-02-19 00:00:00,9,10,50,Friday,February,Winter,6811
2025-09-23 00:00:00,2,3,266,Tuesday,September,Fall,7896
2022-07-10 00:00:00,8,9,191,Sunday,July,Summer,4514
2021-03-26 00:00:00,5,6,85,Friday,March,Spring,3646
2021-10-15 00:00:00,6,7,288,Friday,October,Fall,1575
2025-02-07 00:00:00,15,16,38,Friday,February,Winter,10457
2025-10-10 00:00:00,18,19,283,Friday,October,Fall,3559
2023-06-22 00:00:00,15,16,173,Thursday,June,Summer,9514
2022-02-24 00:00:00,22,23,55,Thursday,February,Winter,7938
2025-01-15 00:00:00,16,17,15,Wednesday,January,Winter,3431
2021-07-28 00:00:00,4,5,209,Wednesday,July,Summer,3354
2025-05-05 00:00:00,15,16,125,Monday,May,Spring,15064
2023-02-12 00:00:00,21,22,43,Sunday,February,Winter,4192
2021-10-05 00:00:00,8,9,278,Tuesday,October,Fall,10165
2022-07-16 00:00:00,19,20,197,Saturday,July,Summer,4533
2023-05-02 00:00:00,16,17,122,Tuesday,May,Spring,8967
2021-05-22 00:00:00,9,10,142,Saturday,May,Spring,12712
2025-04-14 00:00:00,6,7,104,Monday,April,Spring,479
2022-08-19 00:00:00,11,12,231,Friday,August,Summer,6190
2020-11-12 00:00:00,8,9,317,Thursday,November,Fall,5261
2020-06-05 00:00:00,2,3,157,Friday,June,Summer,3265
2021-08-10 00:00:00,5,6,222,Tuesday,August,Summer,1248
2023-02-15 00:00:00,0,1,46,Wednesday,February,Winter,4757
2021-07-26 00:00:00,11,12,207,Monday,July,Summer,5093
2022-02-06 00:00:00,10,11,37,Sunday,February,Winter,17304
2020-12-20 00:00:00,19,20,355,Sunday,December,Winter,5429
2024-05-29 00:00:00,13,14,150,Wednesday,May,Spring,11498
2023-03-14 00:00:00,19,20,73,Tuesday,March,Spring,6322
2023-03-17 00:00:00,18,19,76,Friday,March,Spring,6610
2020-08-08 00:00:00,5,6,221,Saturday,August,Summer,1149
2021-05-02 00:00:00,2,3,122,Sunday,May,Spring,2502
2021-01-21 00:00:00,16,17,21,Thursday,January,Winter,11579
2020-07-04 00:00:00,2,3,186,Saturday,July,Summer,3974
2020-08-07 00:00:00,14,15,220,Friday,August,Summer,4514
2020-04-01 00:00:00,21,22,92,Wednesday,April,Spring,3851
2022-09-15 00:00:00,6,7,258,Thursday,September,Fall,1567
2023-02-16 00:00:00,10,11,47,Thursday,February,Winter,7146
2024-05-18 00:00:00,0,1,139,Saturday,May,Spring,677
2020-12-30 00:00:00,6,7,365,Wednesday,December,Winter,2807
2024-04-28 00:00:00,12,13,119,Sunday,April,Spring,8476
2021-03-23 00:00:00,15,16,82,Tuesday,March,Spring,3997
2023-11-26 00:00:00,1,2,330,Sunday,November,Fall,2638
2023-04-25 00:00:00,21,22,115,Tuesday,April,Spring,2248
2021-08-24 00:00:00,11,12,236,Tuesday,August,Summer,9610
2025-01-27 00:00:00,21,22,27,Monday,January,Winter,17504
2025-01-03 00:00:00,15,16,3,Friday,January,Winter,4264
2022-07-03 00:00:00,23,0,184,Sunday,July,Summer,3250
2022-04-27 00:00:00,18,19,117,Wednesday,April,Spring,7424
2022-10-17 00:00:00,20,21,290,Monday,October,Fall,1731
2024-12-24 00:00:00,20,21,359,Tuesday,December,Winter,2733
2025-07-05 00:00:00,7,8,186,Saturday,July,Summer,3504
2024-03-24 00:00:00,12,13,84,Sunday,March,Spring,17542
2021-03-05 00:00:00,9,10,64,Friday,March,Spring,5969
2023-04-18 00:00:00,0,1,108,Tuesday,April,Spring,7377
2020-02-20 00:00:00,14,15,51,Thursday,February,Winter,13570
2023-04-22 00:00:00,21,22,112,Saturday,April,Spring,4685
2021-06-30 00:00:00,22,23,181,Wednesday,June,Summer,1138
2023-09-15 00:00:00,5,6,258,Friday,September,Fall,2859
2021-06-27 00:00:00,19,20,178,Sunday,June,Summer,1928
2023-12-18 00:00:00,6,7,352,Monday,December,Winter,1983
2025-01-03 00:00:00,4,5,3,Friday,January,Winter,2458
2025-10-11 00:00:00,2,3,284,Saturday,October,Fall,3113
2022-09-17 00:00:00,16,17,260,Saturday,September,Fall,10338
2020-10-19 00:00:00,14,15,293,Monday,October,Fall,7098
2024-10-10 00:00:00,7,8,284,Thursday,October,Fall,7668
2022-04-26 00:00:00,5,6,116,Tuesday,April,Spring,2225
2023-05-08 00:00:00,14,15,128,Monday,May,Spring,6648
2021-11-11 00:00:00,17,18,315,Thursday,November,Fall,380
2023-11-23 00:00:00,20,21,327,Thursday,November,Fall,8437
2025-04-27 00:00:00,17,18,117,Sunday,April,Spring,5174
2025-09-27 00:00:00,21,22,270,Saturday,September,Fall,2138
2023-10-04 00:00:00,18,19,277,Wednesday,October,Fall,2050
2022-04-03 00:00:00,6,7,93,Sunday,April,Spring,4104
2020-08-25 00:00:00,1,2,238,Tuesday,August,Summer,723
2022-07-17 00:00:00,23,0,198,Sunday,July,Summer,4351
2025-10-03 00:00:00,13,14,276,Friday,October,Fall,11301
2021-08-06 00:00:00,11,12,218,Friday,August,Summer,11666
2021-05-14 00:00:00,10,11,134,Friday,May,Spring,6084
2024-04-22 00:00:00,15,16,113,Monday,April,Spring,11441
2021-09-12 00:00:00,3,4,255,Sunday,September,Fall,833
2025-05-21 00:00:00,12,13,141,Wednesday,May,Spring,9175
2020-09-21 00:00:00,15,16,265,Monday,September,Fall,2049
2021-02-07 00:00:00,20,21,38,Sunday,February,Winter,3072
2022-08-27 00:00:00,18,19,239,Saturday,August,Summer,4302
2022-11-04 00:00:00,8,9,308,Friday,November,Fall,6595
2022-09-18 00:00:00,21,22,261,Sunday,September,Fall,4391
2022-06-18 00:00:00,10,11,169,Saturday,June,Summer,5292
2021-10-22 00:00:00,3,4,295,Friday,October,Fall,2015
2020-04-29 00:00:00,12,13,120,Wednesday,April,Spring,9416
2023-02-13 00:00:00,3,4,44,Monday,February,Winter,3717
2022-05-07 00:00:00,18,19,127,Saturday,May,Spring,5564
2021-07-04 00:00:00,6,7,185,Sunday,July,Summer,932
2023-01-15 00:00:00,4,5,15,Sunday,January,Winter,11169
2023-02-16 00:00:00,18,19,47,Thursday,February,Winter,6891
2024-08-05 00:00:00,6,7,218,Monday,August,Summer,776
2021-05-16 00:00:00,1,2,136,Sunday,May,Spring,5170
2023-03-08 00:00:00,10,11,67,Wednesday,March,Spring,15041
2020-10-30 00:00:00,13,14,304,Friday,October,Fall,7334
2021-04-26 00:00:00,10,11,116,Monday,April,Spring,7918
2025-07-07 00:00:00,6,7,188,Monday,July,Summer,5004
2021-08-24 00:00:00,9,10,236,Tuesday,August,Summer,6030
2022-04-01 00:00:00,0,1,91,Friday,April,Spring,10193
2024-08-21 00:00:00,23,0,234,Wednesday,August,Summer,1351
2024-01-19 00:00:00,22,23,19,Friday,January,Winter,3386
2021-05-24 00:00:00,12,13,144,Monday,May,Spring,12352
2021-05-18 00:00:00,1,2,138,Tuesday,May,Spring,5826
2023-11-04 00:00:00,14,15,308,Saturday,November,Fall,17543
2024-07-14 00:00:00,9,10,196,Sunday,July,Summer,2112
2022-03-10 00:00:00,9,10,69,Thursday,March,Spring,5077
2024-03-10 00:00:00,1,2,70,Sunday,March,Spring,3791
2021-02-28 00:00:00,23,0,59,Sunday,February,Winter,6317
2025-04-23 00:00:00,0,1,113,Wednesday,April,Spring,4602
2025-06-16 00:00:00,8,9,167,Monday,June,Summer,4345
2021-03-26 00:00:00,7,8,85,Friday,March,Spring,4671
2022-08-03 00:00:00,7,8,215,Wednesday,August,Summer,1048
2023-11-01 00:00:00,7,8,305,Wednesday,November,Fall,12440
2022-11-21 00:00:00,12,13,325,Monday,November,Fall,10615
2020-09-23 00:00:00,21,22,267,Wednesday,September,Fall,7077
2021-07-21 00:00:00,9,10,202,Wednesday,July,Summer,2455
2025-05-25 00:00:00,23,0,145,Sunday,May,Spring,7409
2020-01-20 00:00:00,18,19,20,Monday,January,Winter,5481
2020-07-16 00:00:00,23,0,198,Thursday,July,Summer,1793
2025-04-11 00:00:00,3,4,101,Friday,April,Spring,4126
2023-07-30 00:00:00,2,3,211,Sunday,July,Summer,5343
2022-12-19 00:00:00,23,0,353,Monday,December,Winter,13567
2024-12-04 00:00:00,2,3,339,Wednesday,December,Winter,1630
2022-06-10 00:00:00,11,12,161,Friday,June,Summer,7582
2021-11-17 00:00:00,9,10,321,Wednesday,November,Fall,2394
2022-04-24 00:00:00,3,4,114,Sunday,April,Spring,2963
2023-05-28 00:00:00,0,1,148,Sunday,May,Spring,5726
2025-01-24 00:00:00,10,11,24,Friday,January,Winter,19742
2023-06-08 00:00:00,11,12,159,Thursday,June,Summer,8461
2024-11-19 00:00:00,7,8,324,Tuesday,November,Fall,18100
2022-07-10 00:00:00,5,6,191,Sunday,July,Summer,4280
2022-05-15 00:00:00,7,8,135,Sunday,May,Spring,4614
2022-09-28 00:00:00,9,10,271,Wednesday,September,Fall,4568
2021-02-17 00:00:00,12,13,48,Wednesday,February,Winter,11639
2024-10-09 00:00:00,12,13,283,Wednesday,October,Fall,12368
2025-06-04 00:00:00,14,15,155,Wednesday,June,Summer,8787
2020-11-04 00:00:00,11,12,309,Wednesday,November,Fall,3051
2022-02-26 00:00:00,8,9,57,Saturday,February,Winter,5296
2024-03-17 00:00:00,12,13,77,Sunday,March,Spring,8354
2023-02-15 00:00:00,14,15,46,Wednesday,February,Winter,5873
2020-07-31 00:00:00,8,9,213,Friday,July,Summer,3969
2022-04-15 00:00:00,9,10,105,Friday,April,Spring,3210
2020-12-12 00:00:00,5,6,347,Saturday,December,Winter,4914
2022-09-02 00:00:00,8,9,245,Friday,September,Fall,2497
2020-03-16 00:00:00,7,8,76,Monday,March,Spring,3407
2024-11-21 00:00:00,15,16,326,Thursday,November,Fall,9569
2021-08-07 00:00:00,3,4,219,Saturday,August,Summer,3328
2025-02-28 00:00:00,12,13,59,Friday,February,Winter,10622
2022-04-23 00:00:00,3,4,113,Saturday,April,Spring,5891
2025-01-07 00:00:00,4,5,7,Tuesday,January,Winter,14713
2021-10-25 00:00:00,23,0,298,Monday,October,Fall,3138
2021-11-07 00:00:00,1,2,311,Sunday,November,Fall,6691
2021-02-04 00:00:00,19,20,35,Thursday,February,Winter,3434
2020-02-22 00:00:00,4,5,53,Saturday,February,Winter,8062
2024-10-23 00:00:00,23,0,297,Wednesday,October,Fall,6864
2023-08-17 00:00:00,0,1,229,Thursday,August,Summer,2496
2025-03-02 00:00:00,13,14,61,Sunday,March,Spring,12215
2023-02-05 00:00:00,0,1,36,Sunday,February,Winter,3594
2024-02-07 00:00:00,7,8,38,Wednesday,February,Winter,17057
2023-06-20 00:00:00,13,14,171,Tuesday,June,Summer,7992
2020-01-13 00:00:00,4,5,13,Monday,January,Winter,2614
2024-09-22 00:00:00,2,3,266,Sunday,September,Fall,4342
2025-08-27 00:00:00,23,0,239,Wednesday,August,Summer,2306
2024-11-09 00:00:00,22,23,314,Saturday,November,Fall,654
2021-01-28 00:00:00,5,6,28,Thursday,January,Winter,10801
2024-11-08 00:00:00,4,5,313,Friday,November,Fall,2745
2024-06-27 00:00:00,9,10,179,Thursday,June,Summer,4237
2025-02-05 00:00:00,15,16,36,Wednesday,February,Winter,5425
2025-02-24 00:00:00,20,21,55,Monday,February,Winter,6233
2022-08-09 00:00:00,14,15,221,Tuesday,August,Summer,10463
2020-08-06 00:00:00,0,1,219,Thursday,August,Summer,1316
2022-12-20 00:00:00,16,17,354,Tuesday,December,Winter,8489
2022-05-06 00:00:00,13,14,126,Friday,May,Spring,6950
2025-05-23 00:00:00,2,3,143,Friday,May,Spring,3630
2022-01-29 00:00:00,19,20,29,Saturday,January,Winter,9050
2023-01-08 00:00:00,4,5,8,Sunday,January,Winter,11271
2024-12-07 00:00:00,7,8,342,Saturday,December,Winter,18470
2020-01-16 00:00:00,7,8,16,Thursday,January,Winter,5457
2022-06-08 00:00:00,17,18,159,Wednesday,June,Summer,10342
2021-05-20 00:00:00,14,15,140,Thursday,May,Spring,11590
2021-07-25 00:00:00,8,9,206,Sunday,July,Summer,3518
2020-05-07 00:00:00,15,16,128,Thursday,May,Spring,4042
2021-03-26 00:00:00,18,19,85,Friday,March,Spring,8689
2023-06-27 00:00:00,1,2,178,Tuesday,June,Summer,3541
2024-10-24 00:00:00,1,2,298,Thursday,October,Fall,6617
2020-08-24 00:00:00,15,16,237,Monday,August,Summer,6376
2021-10-23 00:00:00,1,2,296,Saturday,October,Fall,1627
2020-04-04 00:00:00,23,0,95,Saturday,April,Spring,6994
2023-02-02 00:00:00,22,23,33,Thursday,February,Winter,6620
2022-11-16 00:00:00,4,5,320,Wednesday,November,Fall,8639
2020-09-10 00:00:00,6,7,254,Thursday,September,Fall,1588
2022-03-09 00:00:00,19,20,68,Wednesday,March,Spring,5409
2025-07-23 00:00:00,4,5,204,Wednesday,July,Summer,981
2022-03-10 00:00:00,15,16,69,Thursday,March,Spring,6480
2021-12-04 00:00:00,21,22,338,Saturday,December,Winter,11148
2024-09-02 00:00:00,4,5,246,Monday,September,Fall,1417
2025-08-05 00:00:00,7,8,217,Tuesday,August,Summer,4930
2024-02-19 00:00:00,4,5,50,Monday,February,Winter,3561
2025-09-23 00:00:00,20,21,266,Tuesday,September,Fall,7015
2025-03-17 00:00:00,5,6,76,Monday,March,Spring,5480
2020-12-12 00:00:00,0,1,347,Saturday,December,Winter,6148
2022-06-02 00:00:00,11,12,153,Thursday,June,Summer,6196
2024-08-11 00:00:00,20,21,224,Sunday,August,Summer,4609
2021-07-27 00:00:00,17,18,208,Tuesday,July,Summer,6091
2022-10-01 00:00:00,18,19,274,Saturday,October,Fall,9643
2023-12-12 00:00:00,20,21,346,Tuesday,December,Winter,12126
2020-03-17 00:00:00,6,7,77,Tuesday,March,Spring,985
2024-06-05 00:00:00,21,22,157,Wednesday,June,Summer,2061
2021-06-20 00:00:00,5,6,171,Sunday,June,Summer,3261
2025-10-31 00:00:00,3,4,304,Friday,October,Fall,9983
2024-01-03 00:00:00,22,23,3,Wednesday,January,Winter,16866
2021-04-25 00:00:00,2,3,115,Sunday,April,Spring,8382
2024-01-23 00:00:00,10,11,23,Tuesday,January,Winter,10479
2023-06-12 00:00:00,5,6,163,Monday,June,Summer,1553
2022-02-19 00:00:00,1,2,50,Saturday,February,Winter,11830
2020-01-29 00:00:00,7,8,29,Wednesday,January,Winter,7825
2020-12-20 00:00:00,18,19,355,Sunday,December,Winter,5033
2020-06-02 00:00:00,15,16,154,Tuesday,June,Summer,3567
2024-05-28 00:00:00,8,9,149,Tuesday,May,Spring,6596
2023-01-30 00:00:00,9,10,30,Monday,January,Winter,7712
2020-05-04 00:00:00,18,19,125,Monday,May,Spring,4761
2021-11-01 00:00:00,12,13,305,Monday,November,Fall,12570
2020-03-26 00:00:00,17,18,86,Thursday,March,Spring,6738
2022-03-20 00:00:00,11,12,79,Sunday,March,Spring,5199
2021-11-09 00:00:00,18,19,313,Tuesday,November,Fall,1386
2020-06-02 00:00:00,6,7,154,Tuesday,June,Summer,1579
2021-03-14 00:00:00,6,7,73,Sunday,March,Spring,10061
2024-04-02 00:00:00,17,18,93,Tuesday,April,Spring,14399
2025-04-04 00:00:00,10,11,94,Friday,April,Spring,8357
2023-01-17 00:00:00,7,8,17,Tuesday,January,Winter,2989
2023-01-12 00:00:00,8,9,12,Thursday,January,Winter,16345
2022-09-22 00:00:00,4,5,265,Thursday,September,Fall,2032
2020-05-02 00:00:00,7,8,123,Saturday,May,Spring,4238
2024-09-26 00:00:00,2,3,270,Thursday,September,Fall,12285
2024-08-15 00:00:00,16,17,228,Thursday,August,Summer,9170
2024-12-19 00:00:00,23,0,354,Thursday,December,Winter,10852
2025-08-04 00:00:00,21,22,216,Monday,August,Summer,4350
2023-08-27 00:00:00,20,21,239,Sunday,August,Summer,4122
2023-05-25 00:00:00,10,11,145,Thursday,May,Spring,12510
2020-12-12 00:00:00,2,3,347,Saturday,December,Winter,5549
2023-09-11 00:00:00,7,8,254,Monday,September,Fall,1487
2024-02-29 00:00:00,15,16,60,Thursday,February,Winter,11785
2025-02-18 00:00:00,17,18,49,Tuesday,February,Winter,7911
2020-08-11 00:00:00,6,7,224,Tuesday,August,Summer,789
2021-07-12 00:00:00,21,22,193,Monday,July,Summer,3009
2022-12-10 00:00:00,9,10,344,Saturday,December,Winter,2001
2022-09-08 00:00:00,1,2,251,Thursday,September,Fall,3781
2024-04-13 00:00:00,1,2,104,Saturday,April,Spring,2145
2022-05-19 00:00:00,11,12,139,Thursday,May,Spring,8552
2024-05-15 00:00:00,1,2,136,Wednesday,May,Spring,3240
2024-01-04 00:00:00,0,1,4,Thursday,January,Winter,15949
2024-03-16 00:00:00,4,5,76,Saturday,March,Spring,7152
2024-04-17 00:00:00,2,3,108,Wednesday,April,Spring,5485
2023-10-10 00:00:00,23,0,283,Tuesday,October,Fall,2350
2021-07-20 00:00:00,17,18,201,Tuesday,July,Summer,5061
2024-06-28 00:00:00,19,20,180,Friday,June,Summer,2931
2022-10-17 00:00:00,4,5,290,Monday,October,Fall,8371
2024-05-04 00:00:00,16,17,125,Saturday,May,Spring,7097
2022-11-23 00:00:00,16,17,327,Wednesday,November,Fall,11998
2024-07-25 00:00:00,14,15,207,Thursday,July,Summer,10189
2023-11-22 00:00:00,0,1,326,Wednesday,November,Fall,7046
2023-05-23 00:00:00,13,14,143,Tuesday,May,Spring,11450
2024-10-17 00:00:00,14,15,291,Thursday,October,Fall,3422
2020-06-18 00:00:00,15,16,170,Thursday,June,Summer,5327
2020-09-16 00:00:00,19,20,260,Wednesday,September,Fall,4286
2024-09-01 00:00:00,10,11,245,Sunday,September,Fall,5454
2022-11-29 00:00:00,1,2,333,Tuesday,November,Fall,2348
2022-07-31 00:00:00,0,1,212,Sunday,July,Summer,2172
2022-11-11 00:00:00,22,23,315,Friday,November,Fall,4710
2024-10-24 00:00:00,13,14,298,Thursday,October,Fall,8418
2025-09-09 00:00:00,1,2,252,Tuesday,September,Fall,2328
2022-06-03 00:00:00,10,11,154,Friday,June,Summer,3195
2020-04-11 00:00:00,12,13,102,Saturday,April,Spring,4030
2025-03-28 00:00:00,6,7,87,Friday,March,Spring,2900
2024-09-24 00:00:00,1,2,268,Tuesday,September,Fall,5173
2021-05-29 00:00:00,8,9,149,Saturday,May,Spring,2818
2020-12-13 00:00:00,17,18,348,Sunday,December,Winter,8724
2024-12-21 00:00:00,15,16,356,Saturday,December,Winter,16264
2021-01-30 00:00:00,9,10,30,Saturday,January,Winter,7466
2023-04-28 00:00:00,19,20,118,Friday,April,Spring,4416
2023-02-22 00:00:00,8,9,53,Wednesday,February,Winter,3681
2024-07-04 00:00:00,2,3,186,Thursday,July,Summer,4917
2023-08-17 00:00:00,22,23,229,Thursday,August,Summer,3285
2025-03-01 00:00:00,6,7,60,Saturday,March,Spring,6964
2021-04-05 00:00:00,17,18,95,Monday,April,Spring,11176
2025-04-24 00:00:00,3,4,114,Thursday,April,Spring,2874
2023-01-01 00:00:00,11,12,1,Sunday,January,Winter,11352
2024-09-21 00:00:00,18,19,265,Saturday,September,Fall,3706
2022-02-06 00:00:00,8,9,37,Sunday,February,Winter,15231
2023-06-22 00:00:00,12,13,173,Thursday,June,Summer,8029
2022-06-19 00:00:00,23,0,170,Sunday,June,Summer,6609
2022-12-29 00:00:00,7,8,363,Thursday,December,Winter,14628
2021-10-08 00:00:00,16,17,281,Friday,October,Fall,7401
2021-03-03 00:00:00,15,16,62,Wednesday,March,Spring,2297
2022-08-25 00:00:00,9,10,237,Thursday,August,Summer,4102
2023-11-02 00:00:00,12,13,306,Thursday,November,Fall,15749
2023-04-28 00:00:00,15,16,118,Friday,April,Spring,11332
2024-03-19 00:00:00,8,9,79,Tuesday,March,Spring,2995
2025-10-18 00:00:00,2,3,291,Saturday,October,Fall,5298
2025-09-09 00:00:00,18,19,252,Tuesday,September,Fall,3952
2020-02-26 00:00:00,6,7,57,Wednesday,February,Winter,10052
2023-08-02 00:00:00,3,4,214,Wednesday,August,Summer,11426
2024-01-27 00:00:00,4,5,27,Saturday,January,Winter,2168
2022-12-29 00:00:00,9,10,363,Thursday,December,Winter,14107
2024-08-31 00:00:00,5,6,244,Saturday,August,Summer,4126
2025-01-12 00:00:00,4,5,12,Sunday,January,Winter,2882
2021-10-10 00:00:00,12,13,283,Sunday,October,Fall,5083
2025-03-06 00:00:00,12,13,65,Thursday,March,Spring,15080
2023-09-27 00:00:00,20,21,270,Wednesday,September,Fall,6093
2022-03-21 00:00:00,6,7,80,Monday,March,Spring,4047
2022-07-25 00:00:00,14,15,206,Monday,July,Summer,13252
2020-01-07 00:00:00,20,21,7,Tuesday,January,Winter,5559
2025-06-19 00:00:00,12,13,170,Thursday,June,Summer,5699
2023-10-02 00:00:00,22,23,275,Monday,October,Fall,9165
2025-10-22 00:00:00,6,7,295,Wednesday,October,Fall,4199
2020-08-20 00:00:00,1,2,233,Thursday,August,Summer,4652
2023-01-05 00:00:00,8,9,5,Thursday,January,Winter,6315
2021-04-15 00:00:00,8,9,105,Thursday,April,Spring,4765
2023-04-03 00:00:00,6,7,93,Monday,April,Spring,5730
2022-07-28 00:00:00,16,17,209,Thursday,July,Summer,4699
2022-03-16 00:00:00,22,23,75,Wednesday,March,Spring,4803
2024-02-11 00:00:00,23,0,42,Sunday,February,Winter,5948
2022-04-18 00:00:00,10,11,108,Monday,April,Spring,4102
2020-08-20 00:00:00,0,1,233,Thursday,August,Summer,4778
2021-05-30 00:00:00,18,19,150,Sunday,May,Spring,5283
2024-02-03 00:00:00,0,1,34,Saturday,February,Winter,5398
2022-02-02 00:00:00,12,13,33,Wednesday,February,Winter,7343
2022-08-11 00:00:00,16,17,223,Thursday,August,Summer,7985
2020-03-02 00:00:00,0,1,62,Monday,March,Spring,8237
2020-07-20 00:00:00,12,13,202,Monday,July,Summer,6001
2025-02-25 00:00:00,6,7,56,Tuesday,February,Winter,5499
2023-09-27 00:00:00,9,10,270,Wednesday,September,Fall,4720
2021-01-28 00:00:00,7,8,28,Thursday,January,Winter,13384
2021-04-11 00:00:00,9,10,101,Sunday,April,Spring,6470
2023-01-04 00:00:00,13,14,4,Wednesday,January,Winter,17387
2023-05-22 00:00:00,7,8,142,Monday,May,Spring,2460
2020-06-01 00:00:00,23,0,153,Monday,June,Summer,2810
2025-01-12 00:00:00,7,8,12,Sunday,January,Winter,3280
2020-12-28 00:00:00,14,15,363,Monday,December,Winter,9585
2024-03-26 00:00:00,11,12,86,Tuesday,March,Spring,5113
2021-05-05 00:00:00,3,4,125,Wednesday,May,Spring,6830
2022-02-03 00:00:00,8,9,34,Thursday,February,Winter,3193
2022-11-15 00:00:00,23,0,319,Tuesday,November,Fall,8025
2025-01-13 00:00:00,17,18,13,Monday,January,Winter,3745
2021-10-29 00:00:00,11,12,302,Friday,October,Fall,12826
2020-02-20 00:00:00,21,22,51,Thursday,February,Winter,9235
2020-09-11 00:00:00,20,21,255,Friday,September,Fall,978
2022-04-20 00:00:00,13,14,110,Wednesday,April,Spring,6149
2021-02-26 00:00:00,9,10,57,Friday,February,Winter,3431
2023-03-21 00:00:00,2,3,80,Tuesday,March,Spring,3815
2022-08-24 00:00:00,6,7,236,Wednesday,August,Summer,918
2023-03-04 00:00:00,3,4,63,Saturday,March,Spring,4696
2025-07-12 00:00:00,6,7,193,Saturday,July,Summer,3675
2021-08-08 00:00:00,8,9,220,Sunday,August,Summer,5143
2020-03-26 00:00:00,11,12,86,Thursday,March,Spring,9436
2023-04-14 00:00:00,18,19,104,Friday,April,Spring,9132
2022-02-24 00:00:00,2,3,55,Thursday,February,Winter,4044
2020-01-19 00:00:00,21,22,19,Sunday,January,Winter,7199
2025-09-28 00:00:00,18,19,271,Sunday,September,Fall,1930
2025-07-25 00:00:00,20,21,206,Friday,July,Summer,3699
2022-09-21 00:00:00,15,16,264,Wednesday,September,Fall,7231
2023-03-27 00:00:00,21,22,86,Monday,March,Spring,2171
2022-01-10 00:00:00,17,18,10,Monday,January,Winter,1854
2025-06-15 00:00:00,11,12,166,Sunday,June,Summer,3323
2025-09-27 00:00:00,19,20,270,Saturday,September,Fall,988
2024-06-05 00:00:00,16,17,157,Wednesday,June,Summer,5467
2022-01-31 00:00:00,12,13,31,Monday,January,Winter,16588
2025-05-10 00:00:00,15,16,130,Saturday,May,Spring,6026
2020-11-09 00:00:00,12,13,314,Monday,November,Fall,3129
2024-12-08 00:00:00,9,10,343,Sunday,December,Winter,17595
2021-03-04 00:00:00,10,11,63,Thursday,March,Spring,2510
2020-07-10 00:00:00,6,7,192,Friday,July,Summer,2854
2025-03-12 00:00:00,15,16,71,Wednesday,March,Spring,3819
2023-09-01 00:00:00,18,19,244,Friday,September,Fall,3528
2024-01-12 00:00:00,7,8,12,Friday,January,Winter,6614
2023-07-14 00:00:00,10,11,195,Friday,July,Summer,9021
2020-11-29 00:00:00,14,15,334,Sunday,November,Fall,3884
2023-11-03 00:00:00,20,21,307,Friday,November,Fall,11587
2024-07-15 00:00:00,2,3,197,Monday,July,Summer,806
2021-01-13 00:00:00,21,22,13,Wednesday,January,Winter,10124
2021-05-05 00:00:00,19,20,125,Wednesday,May,Spring,7103
2023-03-21 00:00:00,21,22,80,Tuesday,March,Spring,6853
2024-07-03 00:00:00,16,17,185,Wednesday,July,Summer,12507
2025-07-11 00:00:00,2,3,192,Friday,July,Summer,4561
2021-07-30 00:00:00,10,11,211,Friday,July,Summer,7443
2022-04-06 00:00:00,8,9,96,Wednesday,April,Spring,5703
2025-11-09 00:00:00,10,11,313,Sunday,November,Fall,6137
2024-02-08 00:00:00,9,10,39,Thursday,February,Winter,14578
2021-05-06 00:00:00,23,0,126,Thursday,May,Spring,2774
2021-10-23 00:00:00,9,10,296,Saturday,October,Fall,2533
2022-10-07 00:00:00,23,0,280,Friday,October,Fall,2893
2024-02-02 00:00:00,20,21,33,Friday,February,Winter,7591
2022-12-13 00:00:00,18,19,347,Tuesday,December,Winter,3271
2022-05-28 00:00:00,23,0,148,Saturday,May,Spring,6736
2023-04-08 00:00:00,15,16,98,Saturday,April,Spring,8121
2024-06-05 00:00:00,3,4,157,Wednesday,June,Summer,2600
2025-03-26 00:00:00,8,9,85,Wednesday,March,Spring,4117
2024-08-27 00:00:00,7,8,240,Tuesday,August,Summer,4362
2020-03-22 00:00:00,5,6,82,Sunday,March,Spring,8012
2022-04-26 00:00:00,22,23,116,Tuesday,April,Spring,5243
2023-05-19 00:00:00,15,16,139,Friday,May,Spring,10001
2022-01-24 00:00:00,3,4,24,Monday,January,Winter,2969
2022-02-01 00:00:00,8,9,32,Tuesday,February,Winter,7682
2024-12-16 00:00:00,4,5,351,Monday,December,Winter,7471
2023-12-16 00:00:00,11,12,350,Saturday,December,Winter,5289
2023-10-29 00:00:00,17,18,302,Sunday,October,Fall,13201
2022-01-06 00:00:00,20,21,6,Thursday,January,Winter,6842
2022-04-06 00:00:00,15,16,96,Wednesday,April,Spring,13079
2023-06-16 00:00:00,22,23,167,Friday,June,Summer,1185
2021-10-26 00:00:00,1,2,299,Tuesday,October,Fall,3058
2025-11-26 00:00:00,13,14,330,Wednesday,November,Fall,6697
2022-12-08 00:00:00,12,13,342,Thursday,December,Winter,2588
2021-01-25 00:00:00,7,8,25,Monday,January,Winter,5382
2020-03-30 00:00:00,18,19,90,Monday,March,Spring,11078
2023-12-08 00:00:00,12,13,342,Friday,December,Winter,5928
2022-09-03 00:00:00,7,8,246,Saturday,September,Fall,1564
2024-05-13 00:00:00,2,3,134,Monday,May,Spring,2486
2024-07-17 00:00:00,6,7,199,Wednesday,July,Summer,1311
2021-08-01 00:00:00,14,15,213,Sunday,August,Summer,6936
2024-07-25 00:00:00,7,8,207,Thursday,July,Summer,1757
2021-04-30 00:00:00,16,17,120,Friday,April,Spring,2380
2025-08-23 00:00:00,17,18,235,Saturday,August,Summer,7139
2021-10-12 00:00:00,21,22,285,Tuesday,October,Fall,3745
2020-12-29 00:00:00,2,3,364,Tuesday,December,Winter,6417
2023-01-06 00:00:00,1,2,6,Friday,January,Winter,7136
2025-04-18 00:00:00,14,15,108,Friday,April,Spring,7510
2021-10-27 00:00:00,15,16,300,Wednesday,October,Fall,5169
2023-12-09 00:00:00,0,1,343,Saturday,December,Winter,8230
2024-12-21 00:00:00,0,1,356,Saturday,December,Winter,11974
2025-01-05 00:00:00,8,9,5,Sunday,January,Winter,17589
2021-10-06 00:00:00,22,23,279,Wednesday,October,Fall,2961
2024-01-16 00:00:00,13,14,16,Tuesday,January,Winter,3645
2022-09-21 00:00:00,0,1,264,Wednesday,September,Fall,2874
2024-11-08 00:00:00,5,6,313,Friday,November,Fall,2488
2021-01-29 00:00:00,9,10,29,Friday,January,Winter,14288
2021-08-07 00:00:00,1,2,219,Saturday,August,Summer,2984
2024-07-23 00:00:00,20,21,205,Tuesday,July,Summer,4481
2025-06-27 00:00:00,6,7,178,Friday,June,Summer,2148
2020-10-09 00:00:00,6,7,283,Friday,October,Fall,2199
2020-08-15 00:00:00,13,14,228,Saturday,August,Summer,3858
2024-10-13 00:00:00,19,20,287,Sunday,October,Fall,846
2021-11-18 00:00:00,0,1,322,Thursday,November,Fall,1595
2021-04-29 00:00:00,7,8,119,Thursday,April,Spring,2584
2024-09-24 00:00:00,19,20,268,Tuesday,September,Fall,4603
2020-10-13 00:00:00,15,16,287,Tuesday,October,Fall,6503
2025-09-07 00:00:00,2,3,250,Sunday,September,Fall,6502
2024-03-28 00:00:00,1,2,88,Thursday,March,Spring,14376
2020-07-07 00:00:00,20,21,189,Tuesday,July,Summer,2114
2020-05-22 00:00:00,17,18,143,Friday,May,Spring,6372
2023-01-26 00:00:00,10,11,26,Thursday,January,Winter,5197
2020-04-25 00:00:00,13,14,116,Saturday,April,Spring,4085
2024-07-14 00:00:00,10,11,196,Sunday,July,Summer,2634
2024-12-11 00:00:00,14,15,346,Wednesday,December,Winter,6865
2023-10-20 00:00:00,18,19,293,Friday,October,Fall,7162
2022-07-31 00:00:00,7,8,212,Sunday,July,Summer,1873
2020-11-19 00:00:00,22,23,324,Thursday,November,Fall,4071
2023-05-13 00:00:00,13,14,133,Saturday,May,Spring,9897
2024-01-29 00:00:00,17,18,29,Monday,January,Winter,5859
2024-04-19 00:00:00,14,15,110,Friday,April,Spring,18551
2020-06-09 00:00:00,16,17,161,Tuesday,June,Summer,5018
2025-03-30 00:00:00,21,22,89,Sunday,March,Spring,6026
2020-07-04 00:00:00,0,1,186,Saturday,July,Summer,2880
2023-04-21 00:00:00,12,13,111,Friday,April,Spring,7908
2025-03-11 00:00:00,9,10,70,Tuesday,March,Spring,5850
2021-09-01 00:00:00,21,22,244,Wednesday,September,Fall,7034
2025-08-18 00:00:00,5,6,230,Monday,August,Summer,5172
2022-01-16 00:00:00,11,12,16,Sunday,January,Winter,5504
2020-04-08 00:00:00,22,23,99,Wednesday,April,Spring,690
2024-03-20 00:00:00,8,9,80,Wednesday,March,Spring,4474
2021-09-02 00:00:00,8,9,245,Thursday,September,Fall,6040
2025-06-06 00:00:00,5,6,157,Friday,June,Summer,8130
2025-04-05 00:00:00,15,16,95,Saturday,April,Spring,6317
2021-07-18 00:00:00,5,6,199,Sunday,July,Summer,4909
2020-05-30 00:00:00,8,9,151,Saturday,May,Spring,3028
2023-01-15 00:00:00,2,3,15,Sunday,January,Winter,9467
2022-09-08 00:00:00,22,23,251,Thursday,September,Fall,5397
2025-10-22 00:00:00,20,21,295,Wednesday,October,Fall,10734
2021-12-28 00:00:00,14,15,362,Tuesday,December,Winter,15685
2024-09-29 00:00:00,22,23,273,Sunday,September,Fall,10984
2020-06-14 00:00:00,13,14,166,Sunday,June,Summer,5704
2021-12-23 00:00:00,10,11,357,Thursday,December,Winter,9426
2024-03-18 00:00:00,23,0,78,Monday,March,Spring,933
2023-08-24 00:00:00,15,16,236,Thursday,August,Summer,13574
2021-10-29 00:00:00,9,10,302,Friday,October,Fall,12500
2025-06-16 00:00:00,17,18,167,Monday,June,Summer,8507
2024-10-07 00:00:00,14,15,281,Monday,October,Fall,6327
2021-08-25 00:00:00,2,3,237,Wednesday,August,Summer,6018
2023-03-03 00:00:00,6,7,62,Friday,March,Spring,4375
2024-07-22 00:00:00,22,23,204,Monday,July,Summer,3692
2025-08-12 00:00:00,19,20,224,Tuesday,August,Summer,3451
2023-04-18 00:00:00,1,2,108,Tuesday,April,Spring,7360
2024-03-25 00:00:00,4,5,85,Monday,March,Spring,1955
2022-01-17 00:00:00,14,15,17,Monday,January,Winter,3473
2024-05-05 00:00:00,0,1,126,Sunday,May,Spring,3218
2023-04-08 00:00:00,21,22,98,Saturday,April,Spring,3198
2022-08-01 00:00:00,16,17,213,Monday,August,Summer,6020
2024-03-05 00:00:00,10,11,65,Tuesday,March,Spring,9324
2025-06-02 00:00:00,7,8,153,Monday,June,Summer,2418
2024-11-04 00:00:00,7,8,309,Monday,November,Fall,2712
2025-08-11 00:00:00,4,5,223,Monday,August,Summer,5798
2023-12-25 00:00:00,18,19,359,Monday,December,Winter,12549
2022-04-13 00:00:00,23,0,103,Wednesday,April,Spring,1056
2024-10-13 00:00:00,12,13,287,Sunday,October,Fall,5958
2023-07-30 00:00:00,19,20,211,Sunday,July,Summer,8854
2020-09-14 00:00:00,5,6,258,Monday,September,Fall,2506
2023-11-14 00:00:00,23,0,318,Tuesday,November,Fall,12183
2024-08-25 00:00:00,0,1,238,Sunday,August,Summer,8078
2025-09-29 00:00:00,7,8,272,Monday,September,Fall,1685
2024-04-23 00:00:00,22,23,114,Tuesday,April,Spring,4207
2022-11-14 00:00:00,6,7,318,Monday,November,Fall,3756
2025-06-21 00:00:00,5,6,172,Saturday,June,Summer,3209
2024-01-02 00:00:00,22,23,2,Tuesday,January,Winter,17304
2020-04-29 00:00:00,14,15,120,Wednesday,April,Spring,11037
2021-01-04 00:00:00,1,2,4,Monday,January,Winter,1985
2025-10-26 00:00:00,22,23,299,Sunday,October,Fall,14963
2024-06-23 00:00:00,8,9,175,Sunday,June,Summer,3443
2022-12-04 00:00:00,3,4,338,Sunday,December,Winter,3339
2022-01-20 00:00:00,5,6,20,Thursday,January,Winter,3390
2020-06-21 00:00:00,22,23,173,Sunday,June,Summer,3262
2024-04-07 00:00:00,3,4,98,Sunday,April,Spring,9110
2024-05-21 00:00:00,6,7,142,Tuesday,May,Spring,1742
2023-03-08 00:00:00,22,23,67,Wednesday,March,Spring,14517
2021-08-26 00:00:00,15,16,238,Thursday,August,Summer,8587
2025-10-16 00:00:00,1,2,289,Thursday,October,Fall,4833
2020-11-06 00:00:00,15,16,311,Friday,November,Fall,5205
2022-10-20 00:00:00,18,19,293,Thursday,October,Fall,5532
2025-02-22 00:00:00,16,17,53,Saturday,February,Winter,8303
2021-11-08 00:00:00,19,20,312,Monday,November,Fall,1830
2024-04-16 00:00:00,15,16,107,Tuesday,April,Spring,10661
2022-04-07 00:00:00,20,21,97,Thursday,April,Spring,13977
2023-11-07 00:00:00,18,19,311,Tuesday,November,Fall,8342
2020-05-16 00:00:00,23,0,137,Saturday,May,Spring,4229
2021-12-08 00:00:00,17,18,342,Wednesday,December,Winter,4609
2022-04-27 00:00:00,8,9,117,Wednesday,April,Spring,5412
2025-01-31 00:00:00,23,0,31,Friday,January,Winter,3781
2022-12-26 00:00:00,15,16,360,Monday,December,Winter,8297
2023-05-15 00:00:00,20,21,135,Monday,May,Spring,8937
2022-02-22 00:00:00,14,15,53,Tuesday,February,Winter,14800
2023-06-03 00:00:00,8,9,154,Saturday,June,Summer,4876
2021-03-03 00:00:00,19,20,62,Wednesday,March,Spring,854
2020-06-18 00:00:00,21,22,170,Thursday,June,Summer,1799
2024-09-28 00:00:00,16,17,272,Saturday,September,Fall,7308
2020-06-13 00:00:00,13,14,165,Saturday,June,Summer,5636
2024-12-26 00:00:00,7,8,361,Thursday,December,Winter,2631
2020-07-28 00:00:00,23,0,210,Tuesday,July,Summer,2945
2020-09-12 00:00:00,20,21,256,Saturday,September,Fall,1281
2023-12-01 00:00:00,4,5,335,Friday,December,Winter,1917
2021-02-05 00:00:00,5,6,36,Friday,February,Winter,1882
2024-05-25 00:00:00,21,22,146,Saturday,May,Spring,1504
2023-02-08 00:00:00,0,1,39,Wednesday,February,Winter,4023
