Source,End_Hour,Start_Hour,Date,Production
Wind,22,21,12/18/2022,11400
Wind,15,14,1/29/2024,7917
Solar,16,15,8/1/2024,8835
Wind,2,1,11/10/2020,989
Wind,2,1,12/19/2022,12526
Solar,14,13,10/18/2024,4855
Solar,18,17,4/10/2020,3692
Wind,1,0,1/25/2023,2156
Wind,13,12,12/12/2021,5813
Wind,14,13,10/11/2020,6106
Wind,0,23,1/8/2024,5515
Wind,19,18,1/8/2020,2785
Wind,21,20,1/29/2022,8498
Solar,16,15,6/2/2021,5561
Wind,8,7,6/11/2024,2328
Wind,22,21,6/5/2020,6664
Solar,14,13,5/2/2021,4993
Wind,1,0,1/13/2022,3276
Wind,4,3,7/24/2020,1739
Wind,6,5,8/29/2024,2083
Wind,1,0,1/3/2024,17272
Wind,3,2,4/2/2024,12285
Solar,17,16,7/29/2020,3480
Wind,7,6,11/5/2024,1690
Wind,9,8,10/24/2022,11508
Wind,11,10,2/27/2023,15692
Solar,16,15,4/2/2020,4169
Wind,4,3,5/13/2020,3174
Wind,15,14,11/22/2023,7314
Solar,12,11,9/11/2021,4969
Solar,16,15,4/7/2025,9862
Wind,23,22,7/27/2025,3862
Wind,14,13,3/11/2021,16144
Solar,17,16,4/30/2022,8188
Wind,0,23,1/19/2023,1710
Wind,5,4,9/11/2022,472
Solar,17,16,9/25/2021,3402
Solar,13,12,8/8/2020,3996
Wind,2,1,6/8/2021,1148
Wind,22,21,6/10/2024,4062
Wind,1,0,6/18/2020,1443
Wind,18,17,5/30/2023,13363
Wind,2,1,2/17/2022,15609
Wind,20,19,5/11/2022,8878
Wind,8,7,5/7/2024,2974
Wind,13,12,11/22/2025,12324
Wind,22,21,4/9/2021,5279
Wind,12,11,12/24/2021,3872
Wind,13,12,3/11/2023,6406
Solar,14,13,8/13/2021,5323
Wind,16,15,2/1/2021,7166
Solar,14,13,9/11/2023,7117
Wind,14,13,7/1/2020,5874
Solar,10,9,3/10/2025,4807
Solar,16,15,6/23/2023,7976
Solar,14,13,2/9/2023,5168
Wind,1,0,5/24/2020,4384
Wind,0,23,7/26/2021,1465
Wind,7,6,9/28/2020,3962
Wind,1,0,8/25/2021,6786
Wind,15,14,12/16/2021,5553
Wind,23,22,3/11/2022,10557
Wind,18,17,4/13/2020,10961
Wind,0,23,10/4/2022,2160
Wind,2,1,6/12/2025,8382
Solar,11,10,8/18/2022,3688
Wind,19,18,10/25/2025,8209
Wind,23,22,10/24/2023,6448
Wind,19,18,10/13/2021,2194
Wind,12,11,7/19/2025,10173
Wind,6,5,6/1/2021,5221
Wind,23,22,6/30/2022,2181
Wind,6,5,1/4/2020,3143
Wind,4,3,4/23/2020,2541
Wind,10,9,9/19/2021,4133
Wind,6,5,2/1/2021,5020
Wind,9,8,7/8/2022,3748
Solar,14,13,7/8/2025,13125
Solar,15,14,7/7/2021,5096
Wind,16,15,1/22/2020,4074
Solar,18,17,6/28/2025,7681
Wind,4,3,2/25/2021,4820
Wind,18,17,5/22/2021,10961
Wind,6,5,2/16/2022,14822
Wind,5,4,6/22/2023,3376
Wind,23,22,6/18/2022,8199
Wind,16,15,6/8/2022,10512
Wind,4,3,12/1/2022,3869
Wind,17,16,4/17/2023,10404
Wind,10,9,12/9/2020,3334
Wind,19,18,2/7/2023,5042
Wind,21,20,9/28/2020,4228
Solar,16,15,2/12/2023,5718
Wind,3,2,11/23/2023,2948
Wind,20,19,12/12/2024,3528
Wind,2,1,5/11/2025,7504
Wind,20,19,5/30/2024,8561
Solar,17,16,7/29/2024,8215
Wind,0,23,8/27/2024,3000
Wind,10,9,11/13/2021,5084
Wind,20,19,9/20/2021,3112
Solar,13,12,2/13/2023,6722
Wind,3,2,11/14/2020,4362
Wind,1,0,1/29/2025,18199
Wind,5,4,3/2/2022,2961
Wind,17,16,6/6/2025,7448
Wind,3,2,7/15/2025,3144
Solar,16,15,5/15/2022,9252
Solar,17,16,6/6/2024,7935
Wind,7,6,12/1/2020,7577
Wind,21,20,2/1/2020,10073
Wind,8,7,12/5/2022,723
Wind,18,17,11/2/2021,1723
Solar,16,15,3/30/2024,7864
Solar,15,14,5/7/2020,4403
Wind,5,4,7/22/2024,3323
Wind,0,23,1/23/2022,3658
Wind,9,8,4/16/2024,14410
Wind,18,17,2/2/2021,9228
Solar,13,12,4/6/2025,8484
Wind,21,20,10/24/2025,12993
Wind,20,19,9/12/2024,4668
Wind,21,20,6/1/2021,3220
Wind,5,4,6/10/2022,2337
Wind,5,4,5/12/2024,3727
Wind,2,1,11/1/2025,13837
Solar,10,9,5/29/2022,7338
Wind,19,18,8/30/2023,7641
Wind,21,20,4/29/2023,2453
Solar,16,15,5/22/2022,5188
Solar,13,12,8/12/2022,8910
Solar,14,13,8/31/2020,4731
Wind,2,1,9/17/2020,5365
Solar,11,10,5/13/2023,7155
Solar,16,15,10/16/2021,4121
Wind,9,8,1/4/2022,6398
Wind,23,22,11/10/2024,2532
Wind,22,21,4/25/2022,2493
Wind,12,11,5/14/2021,7152
Wind,9,8,10/14/2020,3082
Wind,14,13,9/29/2021,11398
Wind,3,2,2/2/2020,6412
Wind,20,19,7/10/2021,3038
Wind,1,0,6/9/2022,6305
Wind,3,2,12/4/2021,8913
Wind,5,4,8/5/2020,1018
Wind,17,16,1/22/2020,3930
Wind,1,0,2/21/2024,3618
Solar,13,12,1/1/2021,1994
Wind,23,22,7/20/2021,3054
Solar,12,11,7/9/2025,9719
Wind,7,6,12/8/2024,16946
Wind,21,20,10/21/2024,4621
Solar,14,13,7/3/2025,9835
Wind,9,8,6/3/2022,3026
Solar,14,13,6/15/2022,6208
Wind,6,5,3/18/2022,8159
Wind,9,8,3/9/2021,2948
Wind,20,19,2/17/2022,8507
Wind,6,5,11/11/2021,982
Wind,2,1,6/6/2020,5766
Wind,9,8,10/24/2020,8585
Wind,10,9,9/18/2023,8347
Wind,8,7,11/24/2025,8309
Wind,2,1,9/9/2021,2685
Wind,19,18,9/25/2025,3302
Wind,18,17,5/12/2021,4435
Solar,10,9,6/2/2022,4378
Solar,16,15,1/14/2025,4353
Wind,15,14,3/22/2023,15456
Wind,20,19,7/7/2024,4892
Wind,5,4,1/28/2021,9675
Wind,2,1,2/12/2025,2685
Solar,15,14,8/25/2021,9454
Wind,7,6,7/17/2023,2269
Solar,14,13,6/25/2025,9397
Wind,10,9,3/3/2021,1845
Wind,15,14,6/22/2021,6749
Solar,14,13,3/19/2025,13786
Wind,20,19,5/31/2020,5250
Wind,17,16,2/21/2020,7148
Wind,9,8,6/4/2023,4706
Wind,19,18,3/3/2025,2282
Solar,13,12,8/17/2025,11455
Wind,22,21,1/3/2020,4570
Wind,19,18,5/19/2023,8236
Wind,6,5,4/3/2021,7508
Solar,13,12,7/16/2025,16160
Wind,6,5,6/8/2024,2141
Solar,16,15,9/29/2022,3999
Wind,9,8,9/19/2024,8855
Wind,21,20,5/23/2021,6519
Wind,3,2,11/19/2024,16568
Wind,13,12,11/2/2025,17124
Wind,20,19,3/6/2020,4409
Wind,15,14,9/24/2025,10617
Wind,1,0,3/6/2021,6907
Wind,2,1,1/8/2024,11458
Wind,10,9,1/29/2024,8026
Wind,22,21,6/8/2024,2990
Wind,3,2,9/5/2020,2313
Solar,17,16,8/29/2023,6026
Wind,22,21,3/31/2023,17308
Solar,13,12,8/2/2021,4915
Wind,20,19,11/12/2021,4622
Wind,14,13,4/7/2024,6534
Wind,21,20,8/23/2022,692
Solar,13,12,3/31/2025,12441
Wind,0,23,12/12/2024,3205
Wind,15,14,10/30/2023,6382
Wind,0,23,7/13/2025,2819
Wind,17,16,3/10/2020,12787
Wind,4,3,1/9/2021,2353
Wind,3,2,4/2/2021,7071
Wind,22,21,11/24/2022,10233
Wind,5,4,8/4/2025,2819
Solar,11,10,9/24/2021,3708
Wind,15,14,11/14/2020,9092
Solar,12,11,2/12/2025,3734
Wind,18,17,11/18/2024,7419
Solar,12,11,8/25/2025,7160
Wind,14,13,11/11/2025,13901
Wind,10,9,9/15/2021,2675
Wind,8,7,8/21/2022,794
Wind,4,3,11/14/2025,10916
Solar,11,10,4/30/2022,6810
Wind,4,3,10/9/2022,4965
Wind,1,0,4/26/2024,2294
Wind,16,15,3/12/2022,9696
Solar,13,12,2/21/2023,4252
Solar,12,11,3/29/2023,8491
Wind,23,22,4/27/2021,2003
Wind,5,4,2/17/2020,6453
Wind,0,23,1/19/2024,3521
Wind,8,7,3/31/2025,5090
Wind,13,12,11/2/2021,6192
Wind,8,7,11/11/2022,3461
Solar,13,12,10/26/2021,5605
Wind,20,19,9/22/2022,399
Solar,14,13,5/11/2025,4563
Wind,2,1,1/28/2022,2439
Wind,11,10,11/20/2022,9228
Wind,2,1,7/12/2022,4082
Wind,13,12,11/24/2024,22929
Wind,5,4,2/1/2020,9131
Wind,6,5,11/6/2024,189
Wind,10,9,10/28/2021,6796
Wind,13,12,10/22/2020,5144
Wind,1,0,3/10/2022,6808
Wind,6,5,11/3/2021,3819
Wind,3,2,12/8/2024,16670
Wind,6,5,6/3/2020,631
Wind,12,11,6/27/2020,9506
Wind,4,3,6/4/2021,1527
Wind,23,22,11/17/2020,2667
Wind,9,8,10/21/2021,11321
Wind,0,23,8/19/2021,940
Wind,0,23,6/4/2020,2918
Solar,12,11,8/14/2023,7955
Wind,4,3,5/13/2024,2321
Solar,17,16,8/11/2024,5870
Wind,8,7,5/4/2021,13322
Solar,12,11,4/26/2025,4018
Wind,19,18,1/21/2020,3303
Wind,20,19,11/2/2021,2311
Wind,2,1,7/29/2023,3618
Wind,9,8,5/21/2023,4686
Wind,19,18,2/7/2025,9119
Wind,12,11,7/25/2022,10186
Wind,17,16,10/16/2024,11196
Wind,19,18,1/11/2022,2621
Wind,3,2,4/19/2024,6475
Wind,0,23,7/28/2024,6281
Wind,19,18,4/5/2025,8043
Wind,21,20,1/4/2022,9372
Wind,5,4,7/6/2023,1028
Wind,0,23,3/22/2024,7326
Wind,10,9,1/16/2024,2207
Wind,21,20,5/8/2024,3372
Wind,20,19,1/26/2025,19633
Wind,8,7,7/20/2020,3155
Wind,2,1,3/2/2024,11147
Wind,14,13,5/17/2021,15419
Wind,5,4,9/22/2024,3577
Wind,4,3,7/18/2021,5140
Wind,16,15,3/20/2020,7700
Wind,0,23,4/14/2025,5469
Wind,8,7,2/19/2020,7659
Wind,5,4,11/21/2021,556
Wind,11,10,10/25/2023,10951
Wind,20,19,7/16/2023,5612
Solar,13,12,7/22/2020,3790
Wind,2,1,3/8/2024,10506
Wind,15,14,12/10/2020,3341
Wind,9,8,6/19/2022,7096
Wind,21,20,10/23/2024,5480
Wind,0,23,6/11/2024,2863
Wind,6,5,9/9/2021,1689
Wind,16,15,6/11/2020,5051
Wind,5,4,6/7/2024,1976
Wind,0,23,3/26/2024,8226
Wind,10,9,2/9/2022,4407
Wind,21,20,2/15/2025,5334
Wind,7,6,4/28/2021,857
Solar,12,11,8/27/2020,4553
Wind,8,7,10/1/2024,6398
Wind,1,0,5/21/2021,9704
Wind,23,22,12/5/2021,4707
Solar,15,14,8/1/2022,6729
Wind,0,23,9/18/2022,4648
Wind,5,4,1/14/2025,2738
Wind,10,9,1/4/2025,4819
Wind,21,20,8/23/2020,3074
Solar,12,11,12/11/2022,4059
Wind,3,2,7/5/2024,3591
Wind,11,10,7/12/2021,3055
Wind,19,18,12/4/2022,1267
Wind,16,15,9/29/2023,10069
Wind,11,10,10/6/2024,7982
Wind,21,20,2/27/2023,11622
Wind,8,7,6/6/2021,2047
Wind,18,17,4/6/2022,13616
Wind,15,14,1/29/2025,13601
Wind,22,21,10/30/2024,3374
Wind,19,18,6/14/2024,11508
Wind,20,19,2/5/2024,7217
Wind,3,2,11/16/2020,9712
Wind,13,12,11/3/2025,14275
Wind,23,22,5/28/2023,9225
Wind,23,22,1/24/2020,628
Wind,6,5,2/4/2022,6025
Wind,19,18,1/2/2020,5346
Wind,1,0,8/30/2022,5425
Wind,1,0,11/29/2025,5241
Solar,11,10,5/14/2025,7025
Wind,3,2,12/25/2024,1698
Solar,12,11,9/16/2024,8063
Wind,3,2,6/13/2020,3116
Solar,11,10,5/26/2025,10578
Wind,10,9,1/29/2022,8062
Wind,8,7,8/29/2021,3373
Wind,5,4,8/17/2023,2138
Wind,17,16,11/1/2021,6650
Solar,14,13,4/27/2025,4171
Wind,21,20,3/25/2020,7278
Wind,14,13,11/13/2025,10055
Wind,10,9,10/29/2022,8680
Wind,4,3,5/12/2025,2071
Wind,19,18,12/26/2021,2979
Wind,6,5,11/27/2022,6949
Wind,20,19,6/10/2025,4337
Wind,12,11,1/14/2020,13956
Wind,15,14,4/19/2025,4692
Wind,5,4,10/16/2022,3203
Solar,13,12,11/8/2025,5483
Wind,1,0,6/3/2023,7045
Wind,5,4,12/21/2022,5289
Wind,7,6,8/15/2022,2354
Wind,22,21,6/14/2025,2617
Wind,20,19,11/11/2021,904
Wind,20,19,4/2/2024,9355
Wind,1,0,12/3/2024,6322
Solar,11,10,8/18/2021,4153
Wind,1,0,2/18/2022,6361
Solar,10,9,6/15/2020,3227
Wind,4,3,6/6/2020,5774
Wind,7,6,10/31/2022,3071
Wind,19,18,8/2/2023,18182
Wind,7,6,6/8/2023,4578
Wind,16,15,4/21/2024,10808
Wind,10,9,11/2/2025,11230
Wind,23,22,1/11/2023,15390
Solar,12,11,3/19/2020,3951
Wind,9,8,8/17/2025,6183
Wind,7,6,8/7/2020,2021
Wind,10,9,11/22/2025,8243
Wind,6,5,9/4/2025,6876
Solar,11,10,7/22/2020,2606
Wind,4,3,4/26/2021,9366
Wind,5,4,8/19/2021,1485
Solar,15,14,10/25/2022,5213
Wind,10,9,4/6/2020,6188
Solar,16,15,7/8/2023,8194
Wind,11,10,5/10/2020,2276
Wind,2,1,1/17/2020,9434
Wind,10,9,1/10/2024,2524
Solar,15,14,3/29/2022,4278
Solar,15,14,12/7/2022,3789
Wind,2,1,6/6/2024,1268
Wind,7,6,1/30/2020,6684
Solar,10,9,8/18/2020,1797
Wind,8,7,12/12/2024,3380
Wind,0,23,4/4/2022,8520
Wind,5,4,10/13/2025,6073
Wind,5,4,6/18/2024,2793
Wind,7,6,5/10/2022,2478
Solar,16,15,4/26/2023,4624
Wind,3,2,6/16/2021,1499
Wind,7,6,9/3/2021,2094
Wind,4,3,4/7/2025,6184
Wind,9,8,7/21/2020,3014
Solar,11,10,5/12/2022,4025
Wind,12,11,12/22/2022,13135
Wind,23,22,10/8/2024,13096
Wind,6,5,6/13/2021,2592
Wind,23,22,3/9/2021,2083
Wind,18,17,1/3/2022,8634
Wind,22,21,2/15/2025,5507
Wind,14,13,12/3/2021,13277
Wind,9,8,5/7/2021,3061
Wind,3,2,6/27/2025,3511
Wind,12,11,2/1/2020,11252
Wind,21,20,7/1/2020,4054
Wind,21,20,5/1/2023,3856
Solar,19,18,7/8/2025,8997
Wind,21,20,2/18/2021,6214
Wind,14,13,11/28/2022,5047
Solar,18,17,7/1/2021,3901
Wind,21,20,11/15/2023,4554
Wind,11,10,1/14/2021,8411
Solar,12,11,5/27/2020,5832
Wind,22,21,4/16/2020,1491
Wind,17,16,6/29/2020,10010
Wind,7,6,4/2/2024,13175
Wind,2,1,5/8/2022,4285
Wind,16,15,12/29/2023,13922
Wind,4,3,3/15/2024,10445
Wind,7,6,6/7/2021,1268
Wind,18,17,3/31/2020,10262
Wind,2,1,9/13/2021,2586
Wind,15,14,1/16/2023,16385
Wind,21,20,2/1/2021,3405
Wind,6,5,9/13/2022,1654
Wind,16,15,7/29/2023,11966
Solar,17,16,8/9/2020,3364
Wind,2,1,9/23/2021,1404
Wind,10,9,3/18/2021,4597
Wind,1,0,1/13/2024,2503
Wind,7,6,6/27/2023,2239
Wind,1,0,12/15/2023,2968
Wind,20,19,6/12/2023,3168
Wind,7,6,12/14/2020,8437
Solar,14,13,5/4/2023,11275
Solar,12,11,1/6/2022,5010
Wind,7,6,5/5/2023,2188
Wind,20,19,3/24/2021,2191
Wind,6,5,11/6/2020,6584
Wind,1,0,10/13/2025,7395
Wind,23,22,4/9/2025,11401
Wind,4,3,6/13/2022,3888
Wind,1,0,12/6/2020,3896
Wind,0,23,12/26/2022,5200
Wind,19,18,7/7/2022,8067
Wind,17,16,9/27/2021,10010
Wind,19,18,1/29/2024,7099
Wind,22,21,3/25/2024,8820
Wind,10,9,12/27/2022,4677
Wind,19,18,12/3/2021,11102
Solar,16,15,4/4/2023,10833
Wind,8,7,3/28/2024,15504
Wind,1,0,12/23/2022,11216
Wind,23,22,4/27/2025,3364
Wind,1,0,4/20/2020,5506
Wind,13,12,10/17/2022,6996
Wind,1,0,1/2/2025,12035
Solar,16,15,7/24/2020,6901
Wind,11,10,11/21/2020,4830
Wind,20,19,8/22/2022,2515
Wind,5,4,12/29/2022,11261
Wind,0,23,11/11/2022,4623
Wind,0,23,7/15/2021,5085
Wind,19,18,6/29/2020,8918
Wind,18,17,11/2/2020,8515
Wind,15,14,6/8/2022,10122
Wind,2,1,11/27/2020,1637
Wind,19,18,3/1/2022,1775
Solar,17,16,8/19/2025,6355
Wind,23,22,11/13/2022,2673
Wind,22,21,11/6/2025,2696
Solar,13,12,7/13/2022,6334
Wind,10,9,12/27/2021,8156
Wind,21,20,10/25/2021,3029
Wind,5,4,9/12/2023,705
Wind,5,4,4/2/2023,8890
Wind,3,2,9/28/2021,2108
Solar,15,14,5/17/2024,7184
Wind,2,1,11/13/2025,12913
Wind,17,16,10/13/2020,5579
Wind,23,22,2/17/2021,7964
Wind,19,18,10/9/2020,3322
Wind,21,20,2/19/2025,7629
Wind,17,16,11/16/2021,1087
Wind,0,23,12/30/2020,5476
Solar,15,14,7/14/2022,8923
Wind,14,13,3/19/2023,7895
Solar,12,11,7/24/2024,6845
Wind,21,20,10/31/2024,1073
Wind,20,19,5/9/2023,7431
Wind,7,6,3/9/2021,2088
Wind,21,20,5/6/2024,3270
Wind,18,17,10/26/2022,3223
Wind,13,12,12/7/2021,11221
Wind,0,23,5/5/2024,2081
Wind,19,18,4/23/2023,14741
Wind,20,19,11/2/2022,7737
Wind,16,15,3/14/2021,13538
Wind,11,10,11/29/2021,3702
Solar,15,14,6/14/2025,4546
Wind,10,9,4/28/2024,7916
Wind,2,1,5/13/2020,3264
Solar,17,16,6/4/2025,8625
Solar,13,12,6/23/2024,4144
Wind,11,10,1/24/2024,15539
Wind,5,4,10/14/2021,1720
Wind,0,23,10/8/2021,5380
Wind,0,23,3/17/2023,6418
Wind,6,5,8/28/2023,2801
Solar,13,12,9/7/2022,7186
Wind,12,11,12/23/2023,15819
Wind,11,10,8/5/2023,11382
Wind,0,23,5/28/2023,9894
Wind,2,1,7/20/2022,3765
Wind,3,2,1/18/2023,4661
Wind,3,2,9/29/2024,1731
Wind,13,12,2/23/2024,16403
Wind,0,23,10/4/2021,7024
Wind,1,0,10/20/2025,13425
Wind,9,8,3/24/2023,12405
Solar,19,18,7/23/2020,1954
Wind,0,23,5/13/2020,7165
Wind,0,23,9/6/2022,2214
Wind,8,7,2/17/2021,7775
Solar,13,12,5/29/2021,6169
Wind,22,21,7/25/2024,2257
Wind,21,20,4/16/2022,6001
Wind,6,5,7/28/2020,4107
Wind,20,19,5/31/2021,3587
Wind,22,21,6/27/2024,4170
Wind,23,22,10/23/2021,3701
Wind,21,20,11/22/2022,10307
Wind,21,20,3/26/2020,4960
Wind,8,7,8/9/2020,963
Wind,23,22,11/23/2025,6568
Wind,4,3,6/17/2022,3147
Wind,7,6,9/6/2020,1309
Wind,13,12,1/8/2023,13363
Wind,3,2,5/27/2020,4422
Wind,13,12,12/29/2023,15941
Wind,4,3,1/6/2022,2846
Wind,1,0,3/8/2025,10805
Solar,17,16,6/25/2023,8815
Wind,13,12,10/31/2023,11825
Wind,8,7,4/18/2021,2893
Wind,15,14,5/5/2020,6849
Solar,10,9,5/3/2023,7624
Wind,20,19,9/3/2023,5905
Wind,22,21,10/25/2024,1798
Wind,7,6,5/11/2022,3550
Wind,15,14,1/30/2025,8803
Wind,6,5,4/29/2020,4808
Wind,6,5,4/3/2020,2053
Wind,2,1,5/14/2020,7248
Wind,10,9,8/22/2020,7218
Wind,20,19,4/24/2021,6192
Wind,18,17,6/26/2025,14166
Wind,21,20,10/7/2020,4044
Wind,14,13,2/11/2020,14541
Wind,0,23,10/21/2024,6386
Wind,9,8,8/7/2022,5411
Wind,8,7,1/8/2021,1043
Solar,13,12,3/27/2020,5875
Solar,14,13,9/14/2022,6213
Wind,18,17,2/9/2021,5404
Wind,6,5,4/25/2021,8275
Wind,2,1,12/20/2022,13886
Wind,9,8,3/15/2023,3420
Wind,19,18,1/9/2024,3646
Solar,16,15,6/5/2021,5731
Wind,23,22,11/28/2024,4321
Wind,4,3,4/28/2020,3006
Wind,3,2,10/8/2025,730
Solar,13,12,7/24/2025,8701
Wind,21,20,5/18/2021,3351
Wind,7,6,4/7/2023,1998
Wind,19,18,2/28/2022,2179
Wind,0,23,11/3/2023,10599
Wind,0,23,4/28/2021,2245
Wind,20,19,10/22/2023,1963
Wind,17,16,12/4/2023,14332
Wind,11,10,3/12/2023,11363
Wind,17,16,6/10/2024,9028
Wind,8,7,12/7/2023,7243
Wind,14,13,1/11/2020,6243
Wind,19,18,6/20/2022,6057
Wind,13,12,12/9/2021,6822
Wind,5,4,10/22/2021,2148
Solar,13,12,8/18/2023,7556
Wind,16,15,8/26/2020,10494
Wind,2,1,5/17/2023,7393
Wind,15,14,12/10/2024,9436
Wind,17,16,9/4/2023,10840
Wind,22,21,6/15/2023,2306
Wind,7,6,1/12/2021,12614
Wind,8,7,4/23/2021,5325
Wind,22,21,5/28/2020,4838
Wind,1,0,4/17/2023,3728
Wind,7,6,1/12/2020,7023
Wind,5,4,11/29/2024,7114
Wind,21,20,4/28/2025,4319
Solar,11,10,6/10/2020,3435
Wind,18,17,2/15/2025,3299
Wind,19,18,3/25/2023,9938
Wind,20,19,10/4/2021,4512
Wind,7,6,8/3/2023,11952
Wind,2,1,8/27/2022,2886
Wind,18,17,2/8/2021,1809
Wind,17,16,2/5/2023,10704
Wind,22,21,4/27/2021,1594
Wind,2,1,12/8/2021,10646
Wind,22,21,9/29/2022,1181
Wind,1,0,8/14/2025,3432
Wind,9,8,8/12/2023,2514
Wind,1,0,4/25/2022,3834
Wind,7,6,3/12/2025,2812
Wind,0,23,1/2/2023,4165
Wind,0,23,6/23/2021,2524
Solar,15,14,1/27/2024,5047
Solar,13,12,4/19/2022,5004
Wind,7,6,11/2/2020,11975
Wind,23,22,2/25/2025,11904
Wind,5,4,9/30/2025,1402
Wind,23,22,3/18/2023,3908
Wind,8,7,11/25/2020,6287
Wind,16,15,11/11/2020,3805
Wind,6,5,5/26/2022,3427
Wind,21,20,4/27/2020,2041
Wind,7,6,7/26/2021,1744
Wind,8,7,7/1/2024,2190
Wind,13,12,10/13/2022,6261
Wind,19,18,4/9/2021,5113
Wind,1,0,10/10/2021,2713
Wind,12,11,4/22/2023,8274
Wind,0,23,1/22/2022,1705
Wind,22,21,10/6/2024,8155
Wind,5,4,5/4/2020,772
Wind,6,5,11/6/2022,7347
Solar,13,12,8/16/2024,8933
Wind,17,16,12/15/2020,2633
Wind,20,19,1/4/2021,3018
Wind,16,15,2/17/2022,14562
Wind,8,7,2/22/2020,8585
Solar,13,12,2/3/2025,6618
Solar,13,12,5/16/2022,7824
Wind,16,15,3/20/2025,8861
Wind,18,17,10/8/2021,6180
Wind,5,4,1/11/2025,2047
Wind,4,3,10/29/2024,1443
Wind,9,8,5/25/2021,9963
Wind,19,18,4/20/2022,4079
Wind,21,20,7/28/2023,4401
Wind,9,8,1/25/2022,376
Wind,1,0,11/12/2024,8295
Wind,5,4,7/2/2021,524
Wind,23,22,4/30/2022,4244
Wind,7,6,3/18/2024,2178
Wind,0,23,12/28/2023,13532
Wind,23,22,4/4/2023,4225
Wind,20,19,6/19/2022,7351
Solar,13,12,10/27/2021,5370
Wind,17,16,1/24/2025,14158
Wind,22,21,6/22/2021,3591
Wind,19,18,7/25/2021,5105
Wind,8,7,12/1/2021,13835
Wind,21,20,3/1/2020,8419
Wind,5,4,3/28/2024,14967
Wind,23,22,1/3/2020,4207
Wind,0,23,11/25/2024,6573
Solar,16,15,5/5/2023,8449
Wind,6,5,4/27/2025,4156
Solar,18,17,5/21/2024,6724
Wind,19,18,10/17/2023,7943
Wind,16,15,5/15/2023,12236
Wind,8,7,4/20/2024,6623
Wind,22,21,4/28/2024,3181
Wind,9,8,6/17/2022,3818
Wind,17,16,3/26/2021,10584
Wind,8,7,10/7/2023,2231
Solar,14,13,2/2/2025,5898
Wind,7,6,7/28/2025,3946
Wind,9,8,10/25/2025,12427
Wind,4,3,12/2/2020,4378
Solar,11,10,6/10/2022,6486
Wind,20,19,11/17/2024,5733
Wind,0,23,11/13/2022,3184
Wind,0,23,6/17/2024,2344
Wind,5,4,10/27/2020,5881
Wind,23,22,5/6/2025,9412
Wind,7,6,7/1/2023,7665
Wind,1,0,11/10/2023,12598
Wind,16,15,7/4/2024,8892
Wind,3,2,6/15/2021,2314
Wind,3,2,8/9/2025,1411
Wind,9,8,10/18/2023,11434
Wind,16,15,5/23/2022,11353
Wind,7,6,9/27/2020,11628
Wind,1,0,4/15/2021,5536
Wind,19,18,11/5/2023,13494
Wind,0,23,11/3/2022,10983
Solar,12,11,5/2/2021,4597
Wind,2,1,2/20/2024,3775
Solar,16,15,7/11/2024,6569
Wind,3,2,10/23/2025,18020
Solar,11,10,6/26/2021,3463
Wind,8,7,1/26/2023,2785
Wind,6,5,4/21/2024,5440
Wind,21,20,2/7/2024,10078
Wind,20,19,11/19/2023,12727
Wind,6,5,1/14/2020,11947
Solar,11,10,10/10/2025,6209
Solar,13,12,5/6/2020,5389
Solar,18,17,6/11/2023,5511
Wind,12,11,7/10/2020,5812
Wind,19,18,8/6/2023,12828
Solar,13,12,9/28/2022,6478
Wind,22,21,4/17/2025,2201
Wind,23,22,2/28/2023,7116
Wind,17,16,8/17/2020,6027
Solar,17,16,5/13/2021,4826
Wind,17,16,8/28/2020,8440
Wind,2,1,2/28/2021,8031
Solar,11,10,3/22/2024,7476
Wind,21,20,5/4/2022,1854
Wind,13,12,9/27/2022,12571
Wind,3,2,8/8/2025,1497
Wind,21,20,7/20/2021,2246
Wind,17,16,11/6/2023,9657
Wind,19,18,10/9/2022,2019
Wind,18,17,3/3/2021,1043
Wind,1,0,6/27/2021,3833
Solar,13,12,5/27/2024,6999
Wind,19,18,10/26/2021,2863
Solar,16,15,7/31/2020,5827
Solar,17,16,3/27/2023,7513
Wind,9,8,10/8/2023,1493
Wind,15,14,7/4/2020,12039
Wind,0,23,1/29/2025,6217
Wind,0,23,4/20/2025,4459
Wind,8,7,9/11/2022,587
Wind,16,15,2/15/2020,10985
Wind,0,23,5/14/2025,6132
Wind,11,10,3/5/2021,7772
Wind,2,1,10/26/2023,4909
Wind,2,1,10/24/2025,14684
Wind,3,2,10/27/2023,8268
Solar,16,15,6/16/2025,10527
Wind,4,3,1/7/2020,3967
Wind,1,0,7/22/2025,7645
Solar,10,9,3/15/2023,4554
Wind,12,11,10/6/2020,11671
Wind,8,7,10/15/2024,3772
Wind,20,19,2/18/2025,11327
Wind,15,14,11/25/2020,4090
Wind,0,23,5/22/2024,3024
Wind,11,10,1/22/2021,3354
Solar,17,16,9/10/2023,6517
Wind,20,19,2/14/2020,4429
Solar,13,12,1/11/2022,5018
Wind,11,10,4/6/2022,7764
Wind,11,10,12/19/2020,10892
Wind,13,12,1/24/2023,6696
Solar,19,18,7/1/2021,3022
Wind,13,12,10/25/2024,6893
Wind,13,12,11/14/2021,4665
Wind,5,4,4/17/2021,4834
Wind,23,22,8/6/2024,2097
Wind,3,2,8/23/2024,9509
Wind,18,17,2/26/2023,18051
Wind,6,5,1/7/2023,10262
Wind,0,23,6/3/2020,3683
Solar,18,17,10/11/2024,3556
Wind,10,9,9/26/2020,11246
Wind,23,22,6/11/2020,3909
Wind,11,10,1/28/2020,12987
Wind,1,0,1/21/2025,1210
Wind,12,11,2/7/2023,9517
Wind,23,22,8/17/2024,2408
Wind,20,19,4/7/2020,1971
Wind,9,8,11/18/2021,1817
Wind,19,18,10/19/2020,6659
Wind,18,17,10/13/2025,9362
Wind,9,8,1/18/2024,7755
Wind,4,3,12/9/2020,2518
Solar,12,11,5/18/2022,5814
Wind,15,14,11/26/2021,12653
Wind,5,4,4/21/2022,3354
Wind,18,17,11/16/2021,997
Wind,3,2,3/3/2025,3177
Wind,23,22,11/15/2021,1190
Wind,23,22,1/28/2024,9203
Wind,16,15,11/24/2020,3478
Wind,11,10,12/28/2020,8666
Wind,18,17,5/26/2021,8501
Solar,13,12,3/20/2023,8613
Wind,1,0,9/29/2023,6503
Wind,13,12,5/28/2024,12992
Wind,5,4,5/7/2023,1644
Wind,14,13,3/7/2020,5851
Wind,19,18,8/21/2025,9974
Wind,8,7,8/16/2023,2047
Wind,18,17,11/14/2020,9187
Solar,10,9,6/9/2024,2265
Wind,15,14,4/28/2024,7361
Wind,2,1,10/20/2025,13116
Wind,23,22,6/10/2025,1822
Solar,11,10,8/25/2022,4870
Solar,14,13,7/11/2025,13057
Solar,9,8,6/19/2020,2120
Wind,2,1,10/2/2023,2511
Wind,7,6,12/24/2024,3087
Wind,19,18,6/21/2024,8537
Wind,4,3,11/10/2024,699
Solar,17,16,6/9/2024,4699
Solar,11,10,9/16/2020,2486
Wind,1,0,4/19/2020,1476
Wind,5,4,5/22/2020,3981
Wind,15,14,1/13/2021,8363
Wind,23,22,8/26/2020,2102
Wind,16,15,1/3/2023,9035
Wind,1,0,6/1/2024,6325
Wind,5,4,12/27/2021,4859
Wind,20,19,3/10/2020,11560
Wind,11,10,1/12/2024,7101
Wind,4,3,5/13/2025,778
Solar,13,12,7/11/2023,9090
Wind,23,22,5/2/2024,10099
Solar,16,15,4/11/2024,7830
Wind,4,3,4/2/2024,12881
Wind,21,20,1/5/2020,1866
Wind,3,2,5/6/2025,10973
Solar,12,11,11/1/2024,5193
Solar,12,11,11/5/2021,4471
Solar,15,14,1/23/2022,5443
Wind,7,6,7/12/2021,2449
Wind,10,9,12/17/2021,7522
Wind,11,10,4/12/2025,9316
Wind,23,22,12/2/2022,6777
Wind,16,15,12/26/2023,4387
Wind,23,22,1/11/2024,7264
Wind,9,8,1/30/2022,1935
Wind,1,0,5/9/2021,6909
Solar,9,8,6/8/2024,3057
Wind,4,3,1/3/2022,9945
Wind,3,2,3/23/2021,2209
Wind,7,6,12/24/2020,10656
Wind,20,19,10/10/2024,3695
Solar,13,12,5/6/2023,6882
Wind,5,4,6/26/2021,185
Wind,22,21,9/17/2025,2855
Wind,17,16,4/24/2023,9691
Solar,11,10,9/6/2020,3044
Wind,6,5,9/6/2023,2295
Wind,3,2,4/17/2020,2140
Wind,17,16,3/20/2025,7679
Wind,12,11,7/16/2021,6977
Wind,11,10,3/18/2025,15177
Wind,18,17,9/25/2025,4486
Wind,0,23,2/22/2024,15643
Solar,14,13,6/20/2022,7456
Solar,9,8,6/12/2022,3007
Wind,19,18,3/9/2023,13804
Wind,7,6,5/9/2022,2226
Wind,8,7,5/5/2024,2579
Wind,8,7,12/4/2023,13712
Solar,15,14,8/4/2023,9711
Wind,4,3,4/6/2020,8031
Wind,6,5,9/15/2024,3382
Wind,4,3,4/5/2021,3346
Wind,4,3,1/27/2024,2096
Wind,5,4,3/12/2023,6830
Wind,22,21,6/8/2022,6976
Wind,14,13,2/17/2021,11476
Wind,2,1,8/16/2020,2149
Solar,13,12,7/7/2020,5078
Wind,14,13,10/31/2023,12274
Wind,21,20,2/11/2024,8630
Solar,11,10,6/12/2025,9373
Wind,5,4,10/28/2024,1027
Wind,0,23,7/11/2022,4311
Wind,20,19,12/25/2023,12990
Solar,13,12,3/27/2022,6255
Wind,0,23,2/14/2022,6512
Wind,7,6,1/29/2025,12896
Wind,1,0,3/12/2021,12379
Wind,3,2,7/5/2022,3640
Solar,14,13,8/19/2021,4835
Solar,13,12,8/5/2025,7071
Wind,23,22,8/28/2024,2348
Wind,17,16,12/27/2021,9445
Wind,3,2,9/18/2021,1168
Wind,15,14,9/23/2025,13351
Wind,7,6,3/20/2020,3577
Wind,18,17,4/27/2020,2626
Wind,17,16,3/22/2025,7212
Wind,5,4,6/12/2020,4286
Wind,2,1,9/12/2020,1147
Solar,12,11,4/18/2021,5661
Solar,14,13,7/10/2024,10399
Wind,7,6,10/7/2023,1898
Wind,9,8,12/8/2024,17304
Wind,5,4,3/17/2024,3960
Wind,4,3,9/19/2023,3900
Wind,10,9,10/21/2020,13322
Wind,17,16,9/16/2025,13968
Wind,19,18,7/8/2022,6914
Wind,21,20,8/29/2022,3839
Wind,10,9,3/7/2024,9031
Wind,20,19,6/16/2021,1787
Wind,11,10,10/21/2020,14414
Wind,7,6,1/10/2025,3643
Wind,0,23,3/27/2024,13594
Wind,20,19,1/20/2022,5272
Wind,21,20,10/23/2023,4431
Wind,3,2,11/13/2023,10550
Wind,14,13,10/24/2023,9197
Solar,16,15,9/13/2024,11435
Wind,4,3,5/8/2025,5647
Solar,13,12,6/26/2023,9710
Solar,17,16,8/17/2024,5446
Wind,16,15,3/9/2022,7922
Wind,5,4,11/29/2020,4505
Wind,20,19,5/23/2020,7295
Wind,0,23,11/4/2022,4294
Wind,0,23,6/2/2024,3481
Wind,11,10,12/16/2024,7735
Wind,21,20,2/6/2021,5019
Wind,0,23,11/9/2021,871
Wind,1,0,5/12/2022,5274
Wind,19,18,5/11/2020,11450
Wind,11,10,3/11/2021,15343
Wind,18,17,7/19/2021,7420
Wind,19,18,7/11/2020,4848
Wind,21,20,3/20/2024,1807
Wind,6,5,1/29/2025,13127
Wind,4,3,2/4/2024,6061
Solar,13,12,3/2/2025,12731
Wind,3,2,2/6/2025,3446
Wind,23,22,9/12/2024,3733
Wind,1,0,4/22/2020,4913
Wind,11,10,11/2/2020,12708
Wind,18,17,9/17/2022,8890
Wind,9,8,4/20/2025,8177
Wind,17,16,1/25/2021,4070
Wind,9,8,12/4/2020,9046
Wind,16,15,8/1/2023,16234
Wind,0,23,10/31/2022,12858
Solar,13,12,11/12/2022,5376
Solar,17,16,8/20/2023,6206
Wind,22,21,6/14/2023,3516
Wind,12,11,4/23/2022,7331
Wind,19,18,10/2/2023,4842
Wind,19,18,1/3/2024,18044
Wind,9,8,10/14/2021,2391
Wind,8,7,1/12/2020,7395
Solar,19,18,7/8/2023,4324
Wind,19,18,4/6/2025,10223
Wind,5,4,11/1/2021,8718
Wind,14,13,4/20/2023,12448
Wind,0,23,6/29/2024,3681
Wind,20,19,11/28/2022,3265
Wind,5,4,3/10/2024,2756
Wind,4,3,3/28/2021,3508
Wind,2,1,8/25/2023,2215
Wind,23,22,10/19/2021,10753
Solar,10,9,9/2/2024,4316
Wind,8,7,5/23/2023,6042
Wind,5,4,5/3/2020,1977
Wind,5,4,5/9/2024,3813
Solar,9,8,5/17/2024,3361
Wind,7,6,2/12/2023,2940
Solar,17,16,7/29/2025,10808
Wind,0,23,9/29/2021,2764
Wind,21,20,7/4/2020,7973
Wind,21,20,12/27/2022,9837
Wind,6,5,11/12/2024,9736
Wind,23,22,9/6/2022,2980
Solar,12,11,11/26/2025,6772
Solar,14,13,5/20/2020,5433
Wind,6,5,8/30/2025,4447
Solar,18,17,4/14/2024,5047
Wind,17,16,9/30/2021,6986
Wind,3,2,8/25/2024,6839
Wind,18,17,3/23/2024,15588
Wind,15,14,3/7/2022,10522
Solar,14,13,8/29/2021,7380
Solar,17,16,5/3/2020,4316
Wind,7,6,3/4/2025,2904
Wind,20,19,8/19/2022,4511
Wind,22,21,11/5/2024,91
Solar,14,13,11/26/2020,3501
Wind,21,20,11/22/2023,4282
Wind,7,6,3/30/2021,2984
Wind,8,7,9/25/2025,3047
Solar,11,10,8/31/2022,4337
Wind,9,8,1/15/2024,3779
Wind,7,6,8/19/2022,2570
Solar,12,11,7/17/2022,8145
Wind,9,8,2/14/2022,11199
Wind,1,0,12/7/2020,1051
Wind,21,20,1/3/2025,3705
Wind,7,6,10/10/2024,8274
Solar,20,19,7/13/2024,2289
Solar,11,10,10/13/2021,4051
Wind,8,7,2/19/2021,5554
Wind,21,20,3/8/2025,12639
Wind,23,22,11/3/2020,3571
Wind,23,22,6/6/2024,2561
Wind,17,16,9/30/2024,11102
Wind,3,2,4/11/2020,3011
Solar,9,8,6/29/2022,2385
Solar,9,8,6/15/2021,2124
Wind,3,2,8/14/2022,4666
Wind,4,3,5/5/2022,2050
Wind,21,20,8/7/2022,6195
Solar,17,16,8/31/2024,7347
Wind,19,18,6/23/2022,3896
Wind,8,7,8/10/2025,3182
Wind,7,6,6/7/2020,2147
Wind,5,4,1/1/2021,998
Wind,3,2,1/25/2021,6191
Wind,0,23,8/20/2022,981
Wind,23,22,3/8/2021,2943
Wind,0,23,10/11/2023,7262
Wind,2,1,12/31/2020,5746
Wind,10,9,3/31/2021,3600
Wind,14,13,8/23/2020,8729
Wind,22,21,12/1/2021,5719
Wind,15,14,1/11/2024,8407
Wind,22,21,4/19/2022,4160
Wind,23,22,7/30/2023,5928
Wind,19,18,5/20/2025,8914
Solar,18,17,6/13/2025,8341
Solar,13,12,4/30/2025,5410
Solar,15,14,7/6/2022,7868
Solar,11,10,6/7/2020,3437
Wind,17,16,2/19/2021,6776
Wind,1,0,5/11/2024,6497
Solar,13,12,7/7/2021,5172
Solar,15,14,7/20/2020,5919
Wind,17,16,2/24/2025,9544
Wind,21,20,4/15/2020,3450
Wind,7,6,6/2/2023,7517
Wind,3,2,1/19/2023,3478
Wind,20,19,11/16/2021,1157
Wind,5,4,7/1/2025,1055
Wind,10,9,2/21/2023,3045
Wind,8,7,8/9/2024,5677
Wind,10,9,3/25/2020,4738
Wind,16,15,9/19/2024,15959
Wind,22,21,8/24/2025,3236
Wind,19,18,3/4/2022,3151
Wind,22,21,7/21/2023,3094
Solar,19,18,7/4/2025,5949
Wind,8,7,1/3/2024,17121
Wind,19,18,9/14/2025,13786
Wind,3,2,6/30/2024,3727
Wind,17,16,12/19/2023,12111
Wind,14,13,3/26/2022,13203
Wind,6,5,2/9/2021,1784
Wind,4,3,2/5/2025,2214
Wind,6,5,5/31/2025,1059
Wind,8,7,10/31/2021,10139
Solar,15,14,4/27/2025,4067
Wind,22,21,2/13/2022,15035
Wind,6,5,6/23/2024,2326
Solar,12,11,4/21/2025,8025
Wind,6,5,3/16/2021,3210
Wind,3,2,4/29/2023,1638
Wind,21,20,12/23/2022,12401
Wind,17,16,1/30/2021,6987
Wind,2,1,7/30/2020,2163
Wind,19,18,5/5/2021,8828
Wind,0,23,2/4/2021,3467
Wind,10,9,1/19/2021,11722
Wind,0,23,7/21/2023,3035
Wind,5,4,6/8/2023,4806
Wind,22,21,5/14/2023,3817
Wind,7,6,6/19/2025,4893
Solar,11,10,5/18/2023,7144
Wind,8,7,2/15/2025,5705
Wind,13,12,11/20/2024,9330
Solar,16,15,9/22/2020,2638
Wind,18,17,12/15/2024,8504
Wind,9,8,11/20/2024,5746
Wind,1,0,6/14/2023,4779
Wind,18,17,3/11/2022,11304
Wind,19,18,4/28/2023,6113
Wind,15,14,4/1/2024,9631
Solar,15,14,9/13/2023,5717
Solar,11,10,5/29/2021,4347
Wind,20,19,4/1/2024,9379
Wind,3,2,12/3/2021,2724
Wind,19,18,11/9/2023,13237
Wind,8,7,1/13/2023,14510
Wind,9,8,1/22/2023,5974
Wind,8,7,4/13/2020,5354
Wind,4,3,6/29/2022,1211
Wind,21,20,4/29/2020,6006
Wind,15,14,10/5/2021,12713
Wind,9,8,8/27/2025,3210
Wind,5,4,6/23/2023,1872
Wind,5,4,5/4/2021,13020
Wind,4,3,5/3/2021,632
Wind,3,2,9/10/2023,3759
Solar,11,10,7/22/2024,7974
Wind,21,20,6/20/2020,1472
Wind,2,1,9/1/2024,4179
Solar,16,15,8/7/2023,9917
Wind,20,19,8/9/2022,7289
Wind,1,0,5/11/2021,2157
Wind,0,23,2/5/2021,2434
Wind,15,14,11/23/2024,19392
Wind,19,18,2/4/2025,3899
Wind,1,0,12/24/2020,11579
Solar,12,11,6/19/2023,5286
Wind,7,6,2/24/2024,7785
Wind,21,20,11/20/2023,8192
Wind,11,10,10/26/2021,3866
Solar,19,18,9/3/2021,1713
Wind,3,2,8/21/2022,603
Wind,23,22,5/17/2024,897
Wind,21,20,3/5/2024,3263
Wind,8,7,5/24/2023,5947
Solar,13,12,9/13/2020,3974
Wind,3,2,10/7/2021,1888
Wind,4,3,10/26/2025,9730
Wind,20,19,11/13/2024,5232
Wind,1,0,3/5/2025,2433
Wind,1,0,3/17/2022,5222
Wind,9,8,11/3/2022,10595
Wind,19,18,4/22/2023,6589
Solar,16,15,9/6/2024,6409
Wind,18,17,8/23/2021,7555
Solar,15,14,2/6/2020,4784
Wind,22,21,10/24/2020,11731
Wind,10,9,4/6/2021,4798
Wind,4,3,11/12/2020,7385
Wind,6,5,4/22/2021,5855
Wind,23,22,6/18/2021,3480
Wind,22,21,12/6/2022,2155
Wind,5,4,11/17/2021,1951
Solar,11,10,10/18/2025,8416
Wind,3,2,4/15/2020,6207
Wind,23,22,2/17/2020,10239
Wind,5,4,3/16/2025,8436
Wind,4,3,5/9/2021,7771
Wind,9,8,8/12/2020,2236
Wind,23,22,10/13/2021,2205
Wind,22,21,9/11/2024,5700
Wind,9,8,11/7/2024,2657
Wind,0,23,3/31/2020,7111
Wind,10,9,10/18/2023,11888
Wind,6,5,12/30/2021,8676
Solar,10,9,6/5/2021,4441
Wind,15,14,2/18/2024,13623
Solar,12,11,8/7/2020,3922
Wind,23,22,2/12/2024,3745
Wind,5,4,3/9/2024,11240
Wind,9,8,9/5/2022,3208
Wind,4,3,10/14/2020,1902
Solar,14,13,10/12/2023,9093
Wind,1,0,12/20/2023,9136
Wind,23,22,11/28/2021,5114
Wind,4,3,8/29/2024,2495
Wind,10,9,4/22/2023,6597
Solar,15,14,10/2/2024,5400
Wind,12,11,5/25/2023,14511
Wind,18,17,1/21/2024,14481
Wind,1,0,5/21/2020,2748
Wind,19,18,3/4/2023,3131
Wind,10,9,3/21/2022,5460
Wind,11,10,1/2/2023,5987
Wind,21,20,1/20/2023,5467
Wind,8,7,7/22/2023,2381
Wind,10,9,11/17/2025,8893
Wind,23,22,1/15/2025,3441
Wind,19,18,10/15/2023,3213
Solar,16,15,7/5/2024,11741
Solar,18,17,8/15/2024,8514
Wind,14,13,10/1/2021,9911
Wind,5,4,1/21/2022,4963
Wind,8,7,12/19/2022,13202
Wind,6,5,8/13/2025,1029
Wind,10,9,12/22/2021,3623
Wind,18,17,5/26/2025,10107
Wind,22,21,3/19/2024,1227
Wind,2,1,1/17/2022,1358
Wind,20,19,10/15/2023,3573
Solar,13,12,2/16/2025,8762
Wind,3,2,10/7/2022,1154
Wind,5,4,9/15/2021,1977
Wind,23,22,3/6/2025,10880
Wind,16,15,12/9/2021,5400
Wind,1,0,1/2/2023,11969
Wind,0,23,4/17/2021,5520
Wind,3,2,7/30/2021,1817
Wind,20,19,8/24/2020,1914
Wind,4,3,5/15/2020,7329
Wind,17,16,11/24/2023,11600
Wind,23,22,9/6/2023,3137
Wind,17,16,11/3/2025,8685
Wind,17,16,10/27/2025,15610
Wind,1,0,6/28/2025,1627
Wind,4,3,6/10/2025,1674
Wind,3,2,5/31/2022,1818
Wind,15,14,10/14/2020,7046
Wind,8,7,8/14/2023,2587
Wind,5,4,7/23/2020,1527
Solar,13,12,4/16/2022,10869
Wind,19,18,4/16/2025,4853
Wind,1,0,6/5/2021,2191
Wind,23,22,4/24/2020,2176
Wind,13,12,11/23/2023,7931
Wind,5,4,11/10/2023,12591
Wind,10,9,9/24/2024,8855
Wind,16,15,2/22/2025,10495
Wind,6,5,5/5/2025,9828
Solar,11,10,3/5/2025,8585
Wind,5,4,6/28/2024,3214
Wind,12,11,10/16/2020,4358
Wind,6,5,1/6/2023,7744
Wind,6,5,9/5/2022,2599
Wind,13,12,11/25/2022,6116
Wind,1,0,12/14/2020,9700
Wind,10,9,12/23/2023,14222
Wind,20,19,10/4/2022,937
Wind,8,7,8/26/2020,8615
Wind,3,2,10/7/2023,1790
Wind,10,9,1/26/2020,3118
Wind,21,20,1/5/2022,4018
Wind,21,20,11/26/2025,2920
Wind,23,22,6/15/2022,2879
Wind,2,1,9/26/2021,2233
Wind,22,21,7/28/2023,3768
Wind,9,8,6/4/2022,3189
Wind,11,10,1/10/2020,6407
Wind,5,4,9/30/2024,12240
Wind,6,5,10/1/2024,7834
Wind,22,21,11/18/2025,8784
Wind,0,23,4/3/2024,11683
Wind,3,2,10/31/2025,10049
Wind,3,2,2/22/2025,10894
Wind,15,14,7/27/2023,16122
Wind,19,18,9/17/2024,13680
Wind,11,10,12/6/2021,3931
Wind,3,2,11/25/2023,8586
Wind,11,10,2/26/2021,3948
Wind,0,23,7/3/2020,2522
Wind,2,1,3/19/2024,1178
Solar,13,12,11/12/2021,4637
Wind,17,16,9/20/2023,14551
Wind,17,16,1/23/2022,3865
Wind,13,12,9/30/2024,20041
Wind,23,22,11/11/2020,7638
Wind,5,4,1/17/2021,5008
Wind,7,6,11/26/2020,2436
Wind,6,5,9/14/2023,710
Wind,8,7,12/17/2020,5368
Wind,18,17,11/10/2022,3142
Wind,23,22,7/2/2022,1832
Wind,10,9,3/17/2023,9108
Solar,13,12,3/29/2023,9902
Solar,12,11,6/27/2025,9500
Wind,6,5,2/9/2025,3088
Wind,15,14,9/18/2020,6021
Wind,8,7,11/18/2024,9481
Solar,12,11,4/19/2022,4623
Wind,11,10,11/27/2020,2632
Wind,12,11,11/16/2020,9214
Wind,3,2,2/12/2020,9274
Wind,1,0,7/15/2021,7907
Wind,5,4,11/27/2025,6967
Solar,15,14,8/5/2024,8671
Wind,21,20,5/16/2021,9142
Wind,22,21,2/24/2021,6699
Wind,7,6,3/5/2020,5871
Wind,2,1,6/3/2024,3047
Wind,8,7,2/6/2025,5595
Wind,3,2,9/2/2023,2089
Wind,17,16,11/14/2022,4420
Wind,10,9,1/31/2020,6229
Wind,8,7,6/13/2021,2420
Wind,20,19,8/14/2024,3688
Solar,19,18,5/25/2024,3720
Wind,23,22,12/27/2020,7389
Solar,14,13,4/1/2020,5326
Wind,19,18,1/18/2023,5216
Wind,0,23,3/13/2021,11499
Solar,10,9,7/25/2024,4811
Solar,12,11,12/25/2024,3467
Wind,7,6,6/23/2023,1435
Solar,15,14,4/22/2022,8327
Wind,15,14,3/16/2020,3423
Wind,2,1,6/6/2022,2710
Wind,1,0,12/11/2021,10034
Wind,9,8,10/12/2021,2616
Solar,12,11,4/8/2025,9010
Solar,12,11,7/30/2025,7443
Wind,9,8,12/19/2020,11340
Solar,14,13,7/6/2023,7124
Solar,16,15,6/13/2021,4905
Solar,11,10,7/11/2020,4169
Solar,19,18,9/4/2020,2508
Wind,22,21,8/18/2020,697
Solar,20,19,6/23/2024,3387
Wind,6,5,12/18/2020,5793
Wind,7,6,10/4/2025,17093
Wind,23,22,3/12/2024,8894
Wind,10,9,10/21/2024,5133
Wind,23,22,3/11/2025,4647
Wind,14,13,8/6/2021,12722
Wind,16,15,1/25/2025,5523
Wind,4,3,3/12/2020,10434
Wind,2,1,12/28/2021,12227
Wind,8,7,6/8/2023,4772
Wind,12,11,10/3/2024,11198
Wind,20,19,1/18/2023,5226
Wind,5,4,6/6/2022,1864
Wind,19,18,12/8/2021,5364
Wind,2,1,3/15/2020,3727
Wind,13,12,3/18/2022,14015
Wind,21,20,3/11/2022,10416
Wind,17,16,2/6/2025,12071
Wind,1,0,4/23/2022,5823
Solar,15,14,2/13/2023,6344
Wind,21,20,12/26/2023,2721
Wind,1,0,8/24/2020,2460
Wind,14,13,10/29/2020,8549
Wind,0,23,5/24/2022,1737
Wind,9,8,10/21/2024,4204
Wind,19,18,4/16/2022,8184
Solar,20,19,5/16/2022,1701
Wind,0,23,5/19/2024,1146
Solar,18,17,10/9/2022,3480
Wind,11,10,5/19/2022,7130
Wind,8,7,7/1/2022,2336
Wind,9,8,5/9/2023,4052
Wind,17,16,2/3/2022,2472
Solar,15,14,6/6/2021,5111
Wind,5,4,9/20/2021,1552
Wind,20,19,5/8/2024,4590
Wind,18,17,5/31/2020,6587
Wind,23,22,3/27/2022,2412
Wind,19,18,9/12/2022,2581
Solar,12,11,8/18/2024,8765
Solar,16,15,5/4/2020,5337
Wind,7,6,10/23/2024,1709
Wind,7,6,2/10/2022,5360
Solar,18,17,4/8/2020,2595
Wind,2,1,9/2/2022,2750
Wind,3,2,5/22/2022,2963
Wind,9,8,1/28/2022,1216
Wind,6,5,7/12/2021,2454
Wind,2,1,11/5/2023,14785
Wind,8,7,2/12/2024,2207
Wind,5,4,6/9/2024,3499
Wind,19,18,5/3/2023,8694
Wind,10,9,2/22/2025,10315
Wind,4,3,11/23/2024,9018
Wind,0,23,4/20/2024,6161
Solar,11,10,1/14/2022,2655
Wind,15,14,12/22/2024,18534
Wind,17,16,1/1/2023,9041
Wind,7,6,7/31/2023,8004
Solar,16,15,6/19/2021,4434
Wind,8,7,6/15/2025,2381
Solar,12,11,7/13/2023,8460
Wind,15,14,11/20/2022,11679
Wind,17,16,7/29/2023,11633
Solar,18,17,6/26/2024,5746
Wind,3,2,5/27/2025,6782
Solar,12,11,5/17/2023,12591
Wind,9,8,11/5/2021,3138
Wind,10,9,9/20/2024,6343
Wind,16,15,8/2/2023,20359
Wind,0,23,5/13/2024,6358
Wind,17,16,12/25/2024,1322
Wind,19,18,9/29/2020,1250
Wind,10,9,2/4/2021,2756
Wind,13,12,1/26/2021,5374
Solar,12,11,3/2/2023,5920
Wind,1,0,8/29/2020,3168
Wind,15,14,8/28/2020,8716
Wind,9,8,5/10/2023,7126
Wind,18,17,4/24/2023,8130
Wind,3,2,4/19/2022,2920
Wind,14,13,4/23/2022,8065
Wind,2,1,9/25/2025,3175
Solar,11,10,5/17/2023,10667
Wind,22,21,3/17/2020,596
Solar,13,12,7/6/2023,6939
Solar,10,9,4/9/2020,2595
Solar,13,12,5/1/2023,7715
Solar,19,18,4/21/2023,4021
Wind,23,22,5/5/2023,1319
Wind,2,1,4/24/2020,1022
Solar,13,12,7/17/2023,9207
Wind,19,18,11/6/2020,6817
Solar,10,9,3/17/2020,1714
Wind,8,7,7/28/2020,3211
Wind,7,6,7/19/2022,5940
Wind,19,18,7/9/2020,5677
Wind,8,7,6/24/2023,3270
Wind,11,10,11/27/2021,9185
Solar,15,14,2/12/2022,7521
Wind,5,4,11/6/2021,2796
Wind,16,15,2/14/2021,9763
Solar,19,18,6/24/2024,5797
Wind,10,9,4/4/2020,3591
Wind,1,0,10/23/2022,6954
Wind,21,20,12/10/2023,15601
Wind,22,21,5/26/2023,7754
Wind,21,20,5/22/2025,5574
Wind,2,1,12/27/2021,3966
Wind,7,6,6/27/2022,1238
Solar,17,16,3/24/2022,4803
Wind,19,18,9/27/2020,8052
Wind,7,6,5/2/2022,2029
Wind,10,9,1/5/2020,2245
Wind,1,0,2/15/2021,9792
Wind,2,1,1/16/2024,2010
Wind,17,16,1/16/2025,3827
Solar,15,14,6/20/2025,11681
Wind,9,8,5/14/2023,3884
Solar,10,9,6/16/2025,6557
Wind,18,17,2/4/2021,2798
Wind,4,3,10/22/2023,8628
Solar,11,10,5/19/2024,2455
Solar,10,9,5/17/2022,4347
Solar,16,15,6/4/2022,5828
Wind,6,5,2/22/2025,10238
Wind,15,14,12/7/2021,12122
Solar,18,17,9/6/2024,4893
Wind,7,6,7/12/2022,2572
Solar,15,14,11/15/2024,4951
Wind,14,13,3/22/2020,10827
Wind,8,7,9/30/2023,889
Wind,2,1,8/15/2025,4242
Wind,15,14,1/7/2023,15880
Wind,3,2,2/28/2024,3703
Wind,18,17,4/15/2023,13143
Solar,16,15,4/1/2021,6405
Wind,13,12,9/22/2025,15222
Wind,3,2,3/29/2023,4865
Wind,9,8,2/7/2021,4598
Solar,19,18,8/3/2022,3379
Wind,17,16,3/11/2022,12628
Wind,21,20,9/22/2021,1945
Wind,7,6,7/24/2024,1089
Wind,19,18,4/2/2025,15030
Wind,1,0,8/1/2024,1649
Wind,10,9,2/15/2020,8611
Wind,17,16,12/28/2020,9395
Solar,14,13,6/30/2023,8565
Wind,1,0,5/31/2022,2131
Wind,7,6,6/21/2024,1717
Wind,18,17,8/5/2021,9475
Solar,17,16,5/13/2022,6107
Wind,12,11,12/19/2022,14450
Wind,8,7,4/21/2024,5871
Wind,1,0,11/2/2023,17146
Wind,14,13,11/4/2023,18105
Wind,17,16,11/29/2020,2659
Wind,8,7,1/4/2021,1589
Wind,23,22,12/23/2020,12177
Wind,0,23,12/28/2024,638
Wind,18,17,5/28/2020,6840
Wind,1,0,4/12/2020,978
Wind,22,21,12/15/2020,4427
Wind,19,18,3/21/2022,3512
Wind,20,19,12/31/2022,16435
Solar,16,15,5/31/2021,7096
Wind,5,4,11/13/2024,6882
Solar,13,12,4/9/2023,7478
Wind,2,1,2/22/2021,7591
Wind,5,4,2/25/2025,3644
Wind,19,18,12/19/2021,3022
Wind,0,23,11/24/2020,6768
Wind,23,22,9/10/2021,1997
Wind,2,1,4/13/2021,1796
Wind,1,0,8/4/2022,1586
Wind,19,18,5/4/2025,12606
Wind,15,14,8/29/2020,5103
Wind,9,8,7/19/2023,4118
Wind,4,3,12/4/2023,13158
Wind,5,4,12/4/2022,3430
Wind,21,20,6/13/2024,4639
Wind,2,1,5/7/2025,8947
Wind,20,19,8/28/2023,4554
Wind,21,20,8/5/2023,14188
Wind,4,3,1/18/2025,1157
Wind,1,0,5/23/2022,3636
Wind,7,6,11/30/2025,4387
Solar,17,16,10/7/2021,4917
Wind,7,6,3/12/2020,9223
Wind,16,15,1/20/2021,14624
Wind,23,22,8/5/2024,1034
Wind,4,3,10/23/2025,12997
Wind,7,6,10/20/2020,10003
Solar,13,12,5/5/2022,5897
Wind,23,22,1/23/2020,2779
Solar,14,13,7/7/2021,5429
Wind,2,1,7/25/2020,1543
Wind,2,1,7/18/2020,1515
Wind,7,6,9/26/2021,2281
Wind,2,1,4/29/2024,2419
Wind,23,22,9/19/2021,2332
Wind,5,4,8/30/2022,3592
Solar,14,13,9/16/2023,8664
Wind,2,1,6/22/2022,3887
Wind,20,19,4/19/2020,4931
Wind,23,22,4/9/2024,8756
Wind,18,17,3/11/2025,5580
Wind,10,9,10/1/2024,7164
Wind,20,19,8/16/2024,3335
Wind,2,1,9/5/2024,3657
Solar,12,11,9/29/2025,7678
Wind,6,5,5/24/2020,3046
Wind,11,10,4/15/2023,10771
Wind,4,3,6/7/2023,4685
Wind,18,17,9/2/2021,5612
Wind,23,22,1/2/2023,4218
Wind,17,16,11/4/2021,3606
Wind,12,11,12/6/2024,12425
Wind,5,4,12/13/2023,9180
Solar,14,13,11/30/2024,4668
Wind,7,6,9/16/2025,9715
Wind,21,20,3/3/2023,5832
Wind,4,3,2/17/2023,7265
Wind,4,3,7/19/2024,1551
Solar,11,10,5/9/2022,4782
Wind,10,9,4/8/2022,6382
Wind,20,19,8/30/2023,5549
Solar,17,16,2/15/2023,3695
Solar,17,16,6/9/2022,8567
Wind,7,6,2/13/2020,11612
Solar,17,16,3/20/2023,5436
Wind,15,14,11/15/2023,10772
Wind,23,22,12/12/2024,3318
Wind,22,21,5/14/2021,3668
Solar,10,9,5/18/2024,3617
Wind,1,0,10/24/2020,5673
Wind,12,11,11/19/2020,10362
Wind,1,0,5/17/2023,7939
Solar,15,14,8/19/2021,5079
Solar,10,9,8/7/2024,3763
Wind,8,7,8/10/2022,5109
Wind,1,0,5/30/2020,5257
Wind,20,19,10/14/2021,884
Wind,1,0,10/30/2020,8074
Wind,0,23,11/30/2021,12923
Wind,4,3,10/18/2024,5240
Wind,11,10,11/13/2021,5285
Solar,15,14,6/17/2023,6725
Wind,10,9,3/26/2021,5822
Solar,16,15,7/11/2022,8839
Wind,9,8,10/6/2022,1848
Wind,19,18,11/21/2020,2645
Wind,21,20,6/2/2020,1623
Wind,9,8,12/8/2021,7536
Wind,6,5,6/10/2021,1077
Solar,16,15,8/31/2021,8581
Wind,9,8,1/14/2022,891
Solar,10,9,4/17/2023,5631
Wind,5,4,4/28/2023,4743
Wind,17,16,2/2/2023,7966
Wind,23,22,5/26/2024,3079
Wind,19,18,3/17/2022,5041
Wind,6,5,6/12/2021,1612
Wind,0,23,8/22/2022,1343
Wind,6,5,4/13/2021,2747
Wind,23,22,5/25/2024,1939
Wind,5,4,7/23/2024,5296
Solar,15,14,10/22/2024,5151
Wind,2,1,9/8/2025,3247
Wind,1,0,2/5/2024,7250
Wind,1,0,11/2/2025,8891
Wind,21,20,5/30/2021,3606
Wind,16,15,7/18/2021,8491
Wind,9,8,10/4/2023,2909
Wind,21,20,12/16/2020,7854
Wind,16,15,11/18/2022,4771
Wind,20,19,8/6/2022,7487
Wind,6,5,8/10/2022,5582
Wind,5,4,4/8/2024,3115
Wind,15,14,12/30/2021,8402
Wind,17,16,11/27/2022,6863
Wind,4,3,4/25/2024,1051
Wind,22,21,2/7/2022,4624
Wind,8,7,5/29/2022,4550
Wind,10,9,11/26/2021,5880
Wind,21,20,3/6/2022,7259
Wind,19,18,4/9/2024,14993
Wind,20,19,7/5/2020,9243
Solar,15,14,11/8/2020,3198
Wind,5,4,7/3/2021,2200
Wind,22,21,8/18/2024,3802
Wind,16,15,2/3/2024,7256
Wind,6,5,2/22/2020,8212
Solar,18,17,8/24/2025,7445
Wind,8,7,1/31/2025,4032
Wind,7,6,1/29/2022,6295
Wind,5,4,5/16/2024,1985
Wind,6,5,9/9/2025,1712
Wind,23,22,5/7/2025,5970
Wind,6,5,11/4/2021,3125
Solar,15,14,8/26/2024,10162
Wind,6,5,5/24/2022,6008
Solar,18,17,8/21/2022,4032
Wind,9,8,11/3/2021,3933
Solar,17,16,4/8/2020,3264
Wind,9,8,8/30/2024,4148
Wind,1,0,6/30/2022,1528
Solar,13,12,8/27/2022,7198
Solar,13,12,11/5/2021,4648
Wind,3,2,5/3/2022,4519
Wind,21,20,6/14/2020,1888
Wind,1,0,10/9/2024,12523
Wind,21,20,11/24/2024,19513
Wind,21,20,12/17/2024,9136
Wind,5,4,4/2/2024,13180
Wind,6,5,9/2/2021,5765
Wind,9,8,12/29/2020,4269
Wind,21,20,3/16/2023,10081
Wind,20,19,2/4/2024,8459
Wind,19,18,4/20/2023,6268
Solar,10,9,3/23/2022,5419
Wind,20,19,3/5/2024,3141
Wind,3,2,1/17/2020,9390
Wind,2,1,9/7/2023,2893
Wind,23,22,12/23/2024,4916
Solar,15,14,6/23/2024,4090
Wind,12,11,9/27/2021,10123
Wind,3,2,7/18/2025,1564
Wind,5,4,12/10/2022,1533
Wind,19,18,4/19/2023,7115
Solar,16,15,5/30/2025,4444
Solar,11,10,11/15/2024,5039
Wind,4,3,8/22/2022,1609
Solar,17,16,6/14/2022,5556
Wind,21,20,1/29/2023,4213
Wind,0,23,12/1/2022,2895
Wind,19,18,12/5/2024,16688
Wind,21,20,10/16/2022,7022
Wind,4,3,8/21/2020,6690
Wind,7,6,12/22/2021,2824
Wind,7,6,7/21/2025,11030
Wind,6,5,1/2/2024,17248
Wind,8,7,4/11/2025,3644
Solar,16,15,8/2/2025,12289
Wind,20,19,4/2/2021,11290
Wind,9,8,3/13/2023,15437
Wind,3,2,11/2/2024,1771
Wind,12,11,5/16/2023,13805
Wind,19,18,9/22/2024,4071
Wind,11,10,10/28/2021,7333
Wind,2,1,8/31/2021,4199
Wind,2,1,2/6/2023,8096
Wind,10,9,10/3/2025,6874
Wind,21,20,7/8/2023,1493
Wind,16,15,11/7/2024,3966
Wind,21,20,8/1/2023,7412
Wind,5,4,12/4/2024,1527
Wind,9,8,3/18/2024,2921
Wind,20,19,12/30/2020,5298
Wind,14,13,5/20/2023,11018
Wind,7,6,2/23/2022,915
Wind,7,6,6/24/2024,3013
Wind,23,22,12/9/2020,4120
Wind,7,6,12/2/2020,3538
Wind,21,20,4/18/2025,7067
Wind,23,22,4/17/2022,5787
Wind,22,21,10/6/2020,11000
Solar,19,18,7/28/2024,7133
Wind,7,6,9/14/2021,2764
Wind,7,6,9/3/2025,13678
Wind,18,17,5/5/2025,12722
Solar,15,14,9/1/2020,4740
Wind,6,5,6/6/2022,1806
Wind,3,2,10/4/2020,8818
Solar,8,7,6/26/2021,633
Wind,3,2,6/2/2023,7043
Wind,5,4,2/15/2025,5875
Wind,11,10,1/29/2022,9123
Wind,21,20,2/13/2025,4432
Solar,12,11,9/19/2022,6983
Wind,4,3,6/29/2024,4100
Solar,13,12,7/11/2025,12811
Solar,15,14,3/7/2021,2799
Wind,5,4,3/7/2022,6613
Wind,21,20,6/17/2020,1500
Wind,3,2,3/14/2022,6130
Wind,3,2,5/2/2024,5050
Wind,23,22,3/8/2025,12431
Wind,7,6,5/5/2022,1715
Wind,1,0,6/23/2024,2581
Wind,9,8,2/14/2020,3683
Wind,2,1,8/2/2025,4270
Wind,2,1,5/5/2024,3256
Wind,10,9,4/30/2023,4169
Wind,18,17,2/9/2025,1709
Solar,19,18,8/11/2025,6420
Wind,9,8,3/10/2025,3471
Wind,20,19,4/3/2020,1256
Wind,15,14,2/1/2022,14323
Wind,22,21,4/9/2024,9329
Wind,20,19,5/2/2022,3754
Wind,1,0,10/8/2022,3051
Wind,7,6,11/11/2022,3328
Wind,12,11,10/5/2022,11975
Solar,15,14,5/26/2025,6702
Wind,5,4,2/16/2023,3973
Wind,16,15,12/14/2022,2542
Wind,13,12,2/14/2020,5860
Wind,8,7,3/13/2020,6097
Wind,9,8,12/7/2021,5489
Wind,20,19,9/23/2021,1224
Wind,7,6,9/5/2024,5710
Wind,23,22,11/16/2022,15448
Wind,7,6,3/12/2022,6239
Wind,18,17,2/19/2024,7758
Wind,11,10,3/8/2022,7990
Solar,10,9,9/7/2020,3027
Solar,16,15,9/6/2020,4473
Wind,9,8,1/21/2022,4551
Solar,11,10,9/16/2021,1635
Wind,19,18,4/6/2024,8976
Wind,2,1,11/12/2024,8188
Wind,3,2,10/19/2025,6818
Wind,23,22,5/13/2023,5777
Wind,22,21,12/8/2022,2632
Solar,12,11,3/22/2022,8531
Wind,16,15,12/25/2023,12985
Wind,21,20,2/6/2025,12160
Wind,3,2,2/7/2022,13497
Wind,17,16,1/18/2023,5234
Wind,2,1,1/26/2025,10365
Wind,0,23,5/4/2024,3298
Wind,0,23,6/4/2024,4473
Wind,9,8,1/18/2021,2915
Wind,16,15,11/22/2021,11582
Wind,7,6,2/28/2024,2370
Wind,10,9,11/12/2020,5105
Solar,13,12,8/24/2022,6402
Solar,15,14,11/8/2021,4153
Wind,6,5,1/14/2022,1127
Wind,14,13,6/3/2025,6959
Wind,16,15,1/1/2020,1323
Wind,6,5,5/19/2023,5256
Wind,21,20,7/3/2022,2890
Wind,0,23,6/16/2020,1468
Wind,13,12,2/19/2024,10225
Wind,22,21,1/9/2020,10944
Wind,19,18,6/12/2022,5222
Wind,21,20,4/11/2020,725
Wind,5,4,9/6/2022,3166
Wind,2,1,6/8/2020,1496
Wind,4,3,12/13/2022,6816
Wind,16,15,10/7/2024,7138
Wind,1,0,8/13/2024,1600
Wind,9,8,5/26/2024,5565
Solar,16,15,8/19/2024,9088
Wind,19,18,11/4/2023,15770
Solar,11,10,4/14/2021,5528
Wind,8,7,11/2/2023,15300
Wind,23,22,7/31/2023,10752
Solar,19,18,8/1/2022,3859
Wind,2,1,2/13/2025,1112
Wind,8,7,11/6/2021,2797
Wind,10,9,10/11/2025,5515
Wind,5,4,11/28/2020,3659
Wind,20,19,9/17/2025,3567
Wind,23,22,2/1/2024,1902
Wind,6,5,8/9/2025,1061
Wind,23,22,10/22/2021,2376
Wind,3,2,12/16/2022,6144
Wind,13,12,2/22/2022,14675
Wind,22,21,9/15/2023,4226
Wind,22,21,8/6/2021,2893
Wind,4,3,9/6/2024,1393
Solar,13,12,7/28/2025,11478
Solar,17,16,7/26/2024,6307
Wind,9,8,9/15/2021,2190
Solar,16,15,3/26/2025,7167
Wind,22,21,7/22/2025,1826
Solar,13,12,6/9/2020,4970
Wind,12,11,12/31/2022,17264
Solar,16,15,2/15/2025,7084
Wind,19,18,8/9/2020,3103
Wind,0,23,10/18/2023,11879
Wind,22,21,3/9/2023,15820
Wind,17,16,9/17/2023,5366
Wind,19,18,11/18/2023,12524
Solar,14,13,11/22/2020,3338
Wind,17,16,12/31/2024,8495
Solar,15,14,11/9/2025,7371
Solar,17,16,6/29/2021,5193
Wind,19,18,10/20/2025,16757
Wind,20,19,5/3/2024,2964
Wind,21,20,9/16/2025,3536
Wind,19,18,4/12/2025,11549
Wind,19,18,5/24/2021,12791
Solar,11,10,3/10/2025,6063
Wind,10,9,6/20/2021,3324
Wind,8,7,8/16/2020,1272
Wind,5,4,8/25/2023,2460
Wind,18,17,1/22/2025,5102
Wind,10,9,1/6/2025,18975
Solar,13,12,5/15/2023,9340
Solar,11,10,7/12/2020,4498
Wind,22,21,6/13/2024,5123
Solar,15,14,7/3/2025,9855
Solar,17,16,8/26/2024,8375
Solar,16,15,9/29/2025,8318
Wind,10,9,4/19/2020,2105
Wind,5,4,3/4/2023,4490
Wind,16,15,7/13/2021,7535
Solar,12,11,10/9/2025,5069
Solar,11,10,9/6/2021,3616
Wind,19,18,10/3/2025,10465
Wind,17,16,4/24/2024,10914
Wind,10,9,7/3/2023,6964
Wind,2,1,4/9/2020,894
Wind,2,1,8/8/2020,1875
Solar,16,15,9/26/2021,5531
Wind,12,11,12/25/2023,15160
Wind,23,22,4/2/2022,4539
Wind,6,5,12/14/2023,7047
Wind,17,16,1/23/2020,3347
Solar,16,15,10/15/2023,6957
Wind,7,6,5/31/2020,4859
Wind,22,21,3/29/2025,5649
Wind,23,22,10/8/2020,4432
Wind,3,2,2/17/2021,8531
Wind,6,5,5/11/2020,10139
Wind,8,7,9/5/2022,2789
Wind,4,3,7/7/2021,4006
Wind,7,6,10/12/2024,6023
Wind,5,4,6/20/2022,3009
Wind,8,7,10/26/2024,2152
Wind,4,3,5/18/2020,2064
Wind,1,0,8/2/2022,1397
Wind,3,2,1/14/2022,1410
Solar,17,16,7/25/2024,8796
Solar,12,11,5/26/2023,10688
Solar,11,10,8/22/2024,10231
Wind,6,5,3/22/2024,2130
Wind,17,16,10/26/2021,5120
Wind,14,13,7/19/2025,14450
Wind,7,6,7/28/2024,2348
Wind,16,15,2/1/2024,3444
Wind,14,13,12/26/2022,10092
Solar,18,17,7/30/2024,4665
Wind,3,2,8/18/2022,1182
Solar,18,17,4/16/2025,6246
Wind,22,21,11/15/2020,12149
Wind,10,9,2/26/2025,9755
Wind,8,7,2/20/2022,12571
Wind,10,9,2/20/2025,9967
Wind,4,3,2/27/2022,9685
Wind,19,18,12/31/2021,3904
Solar,13,12,7/28/2022,5588
Wind,3,2,4/28/2021,1371
Wind,6,5,12/23/2021,6602
Wind,0,23,3/14/2024,10690
Solar,10,9,7/14/2023,6490
Wind,5,4,10/18/2025,5140
Wind,4,3,4/7/2021,4251
Solar,14,13,1/14/2024,3639
Wind,4,3,4/18/2022,4344
Wind,10,9,6/1/2024,8993
Solar,16,15,4/24/2020,3799
Wind,19,18,3/13/2022,5913
Wind,13,12,2/23/2025,11643
Solar,13,12,11/6/2021,5852
Wind,16,15,4/4/2025,6218
Solar,14,13,2/10/2022,6325
Wind,3,2,8/15/2021,1057
Wind,15,14,6/22/2023,9306
Wind,11,10,2/23/2020,13480
Wind,23,22,3/10/2022,7481
Wind,1,0,8/14/2021,1478
Wind,4,3,6/5/2020,3542
Wind,22,21,5/22/2020,2177
Wind,21,20,8/26/2025,3405
Wind,8,7,7/5/2022,2105
Solar,14,13,3/30/2024,7615
Wind,12,11,1/4/2022,5975
Solar,11,10,8/19/2025,4540
Wind,4,3,8/12/2023,1596
Wind,11,10,3/23/2024,17377
Wind,0,23,7/7/2025,4873
Wind,11,10,1/20/2023,4641
Wind,17,16,3/2/2024,6629
Wind,15,14,1/5/2022,7511
Wind,14,13,9/12/2025,15434
Wind,19,18,2/8/2025,3104
Wind,8,7,4/11/2020,1900
Wind,19,18,1/23/2020,3556
Wind,9,8,9/30/2025,2872
Wind,23,22,5/1/2020,6712
Solar,14,13,8/10/2021,5911
Solar,19,18,9/16/2021,1495
Wind,13,12,10/27/2023,12650
Wind,4,3,11/11/2025,7897
Wind,8,7,3/24/2020,5774
Wind,18,17,10/20/2023,6907
Wind,16,15,10/29/2025,8506
Wind,17,16,11/21/2023,6703
Wind,21,20,3/26/2024,8261
Wind,21,20,6/30/2022,2522
Wind,5,4,12/25/2020,6542
Solar,16,15,6/26/2021,4697
Wind,1,0,8/4/2020,3666
Wind,3,2,8/22/2022,1927
Solar,17,16,4/17/2022,7694
Wind,6,5,1/7/2021,487
Solar,10,9,5/12/2025,5922
Solar,19,18,6/26/2024,4295
Wind,3,2,7/1/2025,778
Wind,6,5,6/9/2023,4644
Wind,18,17,8/24/2023,9861
Solar,10,9,7/28/2025,6834
Wind,4,3,8/15/2021,883
Wind,17,16,9/23/2024,9135
Wind,14,13,3/25/2024,10853
Wind,5,4,10/7/2025,1733
Wind,2,1,11/15/2020,10998
Solar,15,14,9/14/2023,6131
Wind,5,4,7/1/2024,1845
Wind,13,12,3/13/2022,10835
Wind,23,22,3/4/2021,3145
Wind,6,5,8/24/2022,956
Wind,19,18,6/6/2025,10880
Wind,10,9,12/30/2021,8720
Wind,3,2,4/1/2021,1907
Wind,23,22,8/6/2023,5369
Wind,20,19,6/13/2025,5374
Wind,20,19,10/10/2022,2196
Wind,19,18,9/20/2025,11616
Solar,18,17,9/8/2023,4384
Wind,23,22,12/30/2021,5452
Wind,8,7,3/30/2024,3497
Solar,18,17,5/8/2023,5446
Wind,12,11,4/25/2021,10262
Wind,5,4,7/15/2022,4379
Wind,2,1,11/26/2021,2597
Wind,0,23,10/15/2025,5351
Solar,11,10,1/18/2025,3129
Wind,17,16,3/16/2025,9489
Solar,15,14,10/18/2022,5808
Wind,5,4,2/10/2020,10052
Wind,6,5,4/25/2020,1788
Wind,6,5,5/18/2023,5769
Wind,0,23,4/16/2022,8150
Wind,11,10,3/29/2020,13965
Wind,21,20,3/28/2025,8242
Wind,10,9,12/18/2024,15999
Wind,9,8,3/9/2020,6477
Wind,1,0,5/22/2023,3806
Solar,14,13,11/2/2024,7954
Wind,1,0,3/7/2022,7417
Wind,9,8,1/25/2023,2111
Wind,10,9,1/15/2021,6240
Wind,6,5,5/19/2022,3542
Wind,7,6,10/24/2020,7495
Wind,9,8,10/28/2021,5807
Wind,22,21,1/8/2025,12892
Wind,1,0,4/4/2024,12543
Wind,9,8,12/18/2020,6733
Solar,16,15,9/25/2022,6102
Wind,4,3,10/19/2020,1464
Wind,12,11,2/6/2024,14493
Wind,7,6,4/18/2023,6520
Wind,19,18,5/2/2023,7162
Wind,10,9,6/26/2025,9995
Wind,17,16,9/18/2024,16325
Wind,2,1,11/22/2024,6061
Wind,2,1,3/20/2023,1521
Wind,2,1,1/13/2022,3054
Wind,6,5,6/15/2021,1611
Wind,10,9,1/9/2021,4051
Wind,1,0,2/15/2022,6687
Solar,13,12,3/18/2020,4055
Wind,2,1,8/31/2025,8549
Wind,9,8,11/23/2023,3718
Solar,13,12,9/12/2023,4437
Wind,22,21,9/10/2020,2030
Solar,16,15,7/11/2023,9554
Solar,14,13,9/15/2021,3942
Wind,10,9,5/21/2023,5307
Solar,11,10,4/15/2021,6346
Wind,20,19,11/26/2024,4935
Wind,6,5,10/14/2025,5919
Wind,19,18,3/22/2021,2993
Solar,11,10,2/9/2025,4315
Solar,9,8,7/14/2024,2477
Wind,17,16,2/5/2021,1998
Wind,7,6,8/26/2020,8678
Wind,5,4,4/27/2023,1206
Wind,1,0,3/6/2023,1228
Wind,2,1,5/12/2025,2951
Wind,16,15,2/6/2023,8670
Solar,15,14,8/4/2020,5625
Wind,22,21,3/1/2023,7713
Wind,23,22,10/1/2022,7629
Wind,14,13,11/17/2023,7387
Wind,6,5,10/2/2023,2482
Wind,2,1,2/26/2025,10324
Wind,1,0,12/12/2021,5469
Wind,21,20,9/8/2022,5147
Wind,18,17,5/26/2020,6931
Wind,0,23,3/10/2021,13439
Wind,5,4,5/24/2024,712
Solar,14,13,6/9/2020,5042
Wind,1,0,9/3/2023,4539
Solar,13,12,9/16/2020,3732
Wind,2,1,9/19/2024,8994
Wind,0,23,6/7/2023,5602
Wind,1,0,10/14/2023,14148
Wind,8,7,1/12/2022,2263
Wind,7,6,5/13/2022,1900
Wind,3,2,11/4/2021,2836
Wind,3,2,5/2/2020,5334
Wind,1,0,9/18/2022,3466
Solar,16,15,6/8/2023,8328
Wind,5,4,9/15/2022,1546
Wind,2,1,3/17/2023,8075
Wind,14,13,1/9/2025,13396
Solar,16,15,4/12/2024,4291
Solar,11,10,9/2/2024,5818
Wind,3,2,8/16/2020,1867
Wind,8,7,9/30/2020,1223
Solar,18,17,6/20/2022,6713
Wind,4,3,6/5/2021,2400
Wind,17,16,4/21/2022,6557
Wind,4,3,6/22/2024,6081
Wind,6,5,10/27/2024,1792
Wind,22,21,5/30/2023,9690
Wind,6,5,5/20/2024,1434
Wind,0,23,4/3/2025,6528
Solar,15,14,8/18/2025,8983
Wind,0,23,9/16/2022,5346
Wind,1,0,1/30/2020,5384
Solar,18,17,4/10/2022,5961
Wind,22,21,7/29/2024,2404
Wind,2,1,12/3/2020,3330
Wind,7,6,7/30/2022,936
Wind,4,3,10/20/2023,4769
Solar,18,17,8/17/2022,3938
Wind,2,1,7/7/2022,3488
Wind,7,6,12/27/2024,1298
Wind,0,23,9/13/2024,4267
Solar,16,15,5/20/2020,5220
Wind,22,21,9/19/2020,2449
Wind,23,22,2/19/2022,13745
Wind,11,10,6/22/2023,5018
Wind,17,16,12/17/2024,5399
Wind,3,2,3/4/2023,4916
Wind,4,3,1/19/2022,1605
Solar,10,9,6/8/2023,6235
Solar,18,17,9/10/2023,4930
Wind,12,11,4/29/2021,3791
Wind,17,16,11/19/2025,13285
Wind,10,9,11/6/2023,12593
Solar,12,11,7/18/2022,6471
Wind,3,2,9/15/2021,2419
Wind,9,8,5/8/2022,4118
Solar,16,15,5/27/2022,8174
Wind,21,20,10/4/2022,1168
Wind,2,1,6/19/2020,2319
Solar,11,10,6/12/2022,4684
Wind,10,9,10/8/2022,2465
Wind,20,19,5/24/2025,8852
Wind,21,20,9/30/2025,2697
Wind,21,20,7/6/2025,8639
Wind,16,15,7/6/2020,9681
Wind,8,7,8/11/2023,1918
Wind,17,16,8/20/2025,8881
Wind,23,22,4/19/2021,906
Wind,8,7,5/10/2021,7041
Wind,3,2,3/7/2021,2521
Wind,17,16,1/22/2021,3696
Solar,11,10,4/23/2021,5659
Wind,6,5,12/8/2021,9297
Wind,23,22,8/4/2020,1340
Wind,0,23,2/18/2023,8067
Wind,22,21,12/14/2022,2161
Wind,4,3,7/9/2023,2355
Wind,3,2,7/11/2024,1053
Wind,11,10,2/24/2020,11258
Wind,3,2,2/3/2021,9275
Wind,0,23,12/5/2022,1854
Wind,1,0,4/23/2023,6724
Solar,11,10,6/8/2021,4183
Wind,11,10,2/26/2023,20500
Wind,11,10,3/2/2024,12926
Wind,2,1,5/18/2024,713
Wind,12,11,8/30/2020,5251
Wind,15,14,9/29/2021,11739
Wind,1,0,8/3/2021,930
Wind,2,1,1/11/2023,14468
Wind,16,15,2/21/2024,15550
Wind,7,6,3/16/2020,3309
Wind,22,21,11/10/2020,805
Wind,2,1,11/8/2022,12163
Wind,3,2,11/14/2022,3659
Wind,19,18,2/15/2024,10200
Wind,1,0,11/3/2023,12874
Wind,9,8,1/24/2025,18114
Wind,1,0,1/2/2024,17307
Wind,22,21,8/4/2023,3747
Wind,0,23,7/18/2020,1750
Wind,5,4,7/21/2021,2191
Wind,16,15,3/31/2023,21172
Wind,13,12,1/5/2023,7199
Wind,20,19,3/27/2022,1675
Solar,11,10,9/24/2023,7784
Wind,21,20,7/7/2021,2231
Wind,5,4,5/18/2024,556
Wind,19,18,4/1/2022,13751
Wind,8,7,12/1/2023,2590
Wind,19,18,3/10/2024,975
Wind,21,20,3/2/2020,8827
Solar,11,10,9/19/2025,9787
Wind,2,1,12/21/2020,6095
Wind,5,4,6/30/2023,2629
Solar,13,12,5/13/2024,6365
Wind,3,2,11/25/2024,17724
Wind,0,23,6/2/2022,4438
Solar,11,10,3/1/2022,4347
Solar,10,9,9/12/2020,2461
Wind,20,19,5/8/2021,6309
Wind,3,2,9/25/2022,2749
Wind,10,9,3/6/2021,6040
Wind,22,21,1/15/2022,1036
Wind,8,7,11/17/2023,4109
Wind,21,20,7/5/2025,5175
Solar,13,12,6/12/2021,4821
Wind,20,19,7/31/2022,5209
Solar,16,15,3/20/2024,5622
Wind,8,7,4/23/2020,1746
Wind,21,20,5/9/2022,514
Solar,11,10,3/6/2024,5162
Wind,6,5,2/26/2021,2352
Wind,6,5,11/20/2025,7116
Wind,6,5,5/9/2020,1685
Wind,2,1,8/21/2025,3653
Wind,21,20,6/11/2025,5029
Solar,12,11,8/27/2022,6767
Solar,13,12,9/10/2023,8323
Wind,1,0,4/20/2023,8926
Wind,5,4,3/24/2021,1493
Solar,13,12,11/19/2022,5271
Wind,11,10,12/5/2024,16407
Wind,4,3,4/22/2025,2038
Wind,20,19,9/14/2021,1986
Wind,4,3,11/23/2020,245
Wind,17,16,2/3/2023,7659
Wind,5,4,11/2/2023,15164
Solar,15,14,5/29/2025,5853
Wind,13,12,1/12/2020,9137
Wind,21,20,8/28/2021,4826
Wind,1,0,12/11/2023,13562
Wind,21,20,8/20/2021,525
Wind,10,9,2/14/2024,10647
Wind,18,17,11/9/2022,4408
Wind,10,9,10/13/2020,4332
Wind,22,21,9/25/2023,525
Wind,8,7,10/8/2024,10208
Wind,3,2,8/16/2021,4074
Wind,10,9,4/25/2022,4334
Wind,23,22,6/5/2025,12352
Solar,13,12,5/30/2023,13676
Wind,4,3,8/22/2020,4955
Wind,17,16,12/9/2021,5379
Solar,13,12,1/25/2020,2654
Wind,2,1,5/16/2023,7661
Wind,12,11,10/28/2023,16187
Wind,1,0,6/19/2021,3276
Solar,16,15,2/14/2023,5164
Solar,11,10,3/21/2022,6419
Wind,22,21,9/22/2023,5871
Wind,2,1,10/17/2021,1752
Wind,5,4,7/29/2024,5316
Wind,5,4,2/9/2024,16307
Wind,14,13,3/17/2022,5469
Wind,20,19,4/2/2022,7493
Wind,8,7,9/25/2022,2772
Solar,19,18,9/26/2025,1324
Wind,1,0,10/28/2024,477
Wind,5,4,1/21/2023,7168
Wind,19,18,10/23/2024,2844
Wind,23,22,6/27/2020,4430
Wind,21,20,7/29/2020,708
Solar,10,9,7/9/2022,4215
Wind,5,4,12/31/2021,5884
Wind,11,10,3/1/2025,12156
Wind,0,23,2/16/2021,9342
Wind,8,7,1/13/2022,2614
Wind,21,20,2/14/2024,7478
Wind,3,2,11/9/2024,1560
Wind,3,2,3/2/2020,8017
Wind,20,19,6/18/2020,3276
Wind,19,18,9/8/2021,3479
Wind,9,8,4/16/2022,5476
Wind,19,18,1/26/2024,3375
Solar,16,15,9/5/2020,5374
Wind,7,6,11/28/2021,9221
Solar,13,12,12/13/2021,3477
Wind,20,19,4/7/2024,6864
Wind,8,7,10/23/2023,7522
Wind,20,19,10/26/2021,3013
Solar,11,10,4/25/2020,3420
Wind,8,7,12/10/2022,1455
Wind,22,21,9/7/2022,3796
Wind,0,23,9/10/2022,1212
Wind,10,9,1/31/2023,4810
Wind,23,22,5/24/2025,6806
Solar,13,12,10/18/2022,5685
Wind,14,13,11/8/2023,18274
Wind,18,17,11/18/2020,6191
Wind,11,10,12/7/2020,1923
Wind,18,17,3/30/2024,6296
Wind,10,9,5/13/2023,6102
Wind,16,15,12/19/2022,13925
Solar,13,12,5/27/2022,6760
Solar,14,13,4/18/2022,5569
Wind,5,4,2/7/2023,8388
Wind,5,4,6/13/2022,3562
Wind,10,9,5/20/2022,5745
Wind,9,8,8/31/2025,4739
Wind,9,8,7/16/2024,9494
Wind,23,22,6/22/2025,2524
Wind,22,21,12/6/2023,2268
Wind,13,12,8/29/2025,16980
Wind,19,18,5/24/2022,4509
Wind,0,23,9/10/2023,2891
Solar,16,15,4/14/2025,8284
Solar,13,12,2/14/2025,9622
Wind,2,1,5/24/2025,2417
Solar,11,10,7/19/2022,6985
Wind,0,23,11/30/2023,1459
Wind,1,0,2/3/2025,1663
Wind,18,17,7/2/2020,6989
Wind,16,15,3/29/2025,12588
Wind,22,21,10/20/2025,17019
Wind,9,8,7/11/2020,2387
Solar,11,10,8/13/2021,3071
Wind,20,19,5/13/2025,3028
Wind,8,7,5/28/2022,3736
Solar,20,19,5/25/2024,2497
Wind,17,16,3/1/2024,15488
Solar,13,12,2/1/2025,6265
Wind,12,11,1/29/2020,8656
Wind,7,6,6/24/2025,2381
Wind,20,19,7/25/2024,3757
Wind,16,15,12/12/2021,3406
Wind,11,10,7/30/2023,10162
Solar,13,12,8/10/2021,5674
Wind,7,6,4/19/2023,6801
Wind,22,21,9/12/2025,6028
Wind,14,13,3/14/2023,20075
Solar,14,13,8/19/2022,8025
Wind,17,16,8/28/2021,9387
Solar,13,12,3/3/2022,4140
Wind,13,12,2/19/2020,8496
Wind,23,22,3/9/2022,6290
Wind,11,10,8/25/2023,7231
Wind,19,18,8/26/2023,3633
Wind,3,2,1/5/2025,11792
Solar,18,17,6/15/2023,6607
Solar,11,10,6/22/2022,4827
Wind,13,12,7/28/2021,8959
Wind,3,2,8/9/2022,6809
Wind,1,0,9/19/2021,3579
Wind,23,22,6/5/2022,3284
Wind,2,1,5/17/2021,10855
Wind,23,22,1/6/2024,7362
Wind,9,8,6/22/2025,4620
Wind,16,15,5/24/2021,13322
Wind,5,4,12/16/2021,1969
Wind,15,14,9/9/2021,5286
Wind,0,23,11/28/2020,4754
Wind,16,15,6/5/2020,14071
Wind,17,16,11/15/2024,1821
Solar,17,16,9/13/2024,10679
Wind,18,17,7/19/2022,8845
Wind,3,2,6/17/2021,4974
Wind,22,21,2/22/2022,8837
Wind,21,20,1/17/2024,7330
Wind,3,2,4/8/2022,7881
Wind,19,18,10/30/2022,1624
Solar,10,9,7/9/2023,4410
Solar,12,11,6/2/2020,3384
Wind,5,4,7/21/2025,10394
Wind,19,18,10/18/2024,2532
Wind,23,22,9/2/2022,1024
Solar,15,14,5/27/2023,5976
Wind,9,8,3/15/2020,5982
Wind,10,9,10/23/2024,3405
Wind,10,9,12/25/2020,6570
Wind,22,21,3/12/2025,2248
Wind,22,21,3/3/2023,5856
Wind,23,22,10/10/2022,2564
Wind,9,8,6/24/2020,3766
Wind,3,2,10/26/2020,5700
Wind,22,21,1/10/2022,2603
Wind,3,2,9/3/2024,513
Wind,8,7,2/3/2021,9834
Wind,7,6,10/5/2020,9314
Wind,19,18,8/18/2021,3918
Wind,4,3,7/8/2021,1458
Solar,13,12,8/20/2022,6090
Solar,14,13,2/24/2023,6198
Solar,10,9,7/5/2025,6839
Wind,3,2,1/21/2024,11855
Wind,0,23,2/27/2021,8380
Wind,6,5,10/13/2024,2418
Wind,4,3,6/20/2022,4084
Wind,6,5,12/3/2023,6861
Solar,15,14,8/4/2021,3337
Solar,10,9,7/7/2020,3236
Solar,16,15,10/10/2023,6674
Wind,3,2,2/11/2020,12337
Solar,14,13,7/2/2021,4836
Wind,1,0,8/27/2024,2350
Wind,20,19,7/18/2022,3281
Wind,19,18,10/8/2025,2375
Wind,2,1,12/6/2023,3323
Wind,10,9,9/30/2024,15849
Wind,2,1,5/5/2022,2097
Wind,19,18,4/17/2020,2983
Solar,13,12,9/29/2020,3747
Wind,18,17,3/29/2023,9807
Wind,6,5,2/26/2025,7888
Wind,0,23,2/1/2025,3977
Wind,7,6,4/30/2025,3827
Wind,4,3,4/23/2021,6116
Wind,23,22,7/11/2022,3652
Wind,7,6,6/26/2020,3199
Wind,8,7,8/2/2025,4482
Wind,18,17,5/11/2025,4090
Wind,19,18,11/16/2021,1101
Wind,20,19,4/20/2021,1160
Solar,15,14,3/24/2022,6833
Wind,8,7,12/9/2020,2764
Wind,11,10,2/21/2020,5295
Wind,22,21,4/5/2025,8059
Wind,1,0,9/6/2024,764
Wind,5,4,4/5/2025,7492
Wind,1,0,7/13/2025,4224
Wind,22,21,3/9/2024,5774
Wind,20,19,4/7/2023,3276
Solar,13,12,8/2/2022,6726
Solar,15,14,6/17/2022,6767
Solar,15,14,8/14/2020,4993
Wind,21,20,12/3/2024,1073
Wind,23,22,10/13/2024,2745
Wind,1,0,8/29/2023,2934
Wind,5,4,2/22/2023,3066
Wind,6,5,9/8/2021,5438
Solar,11,10,5/5/2022,4537
Wind,8,7,11/4/2022,6522
Wind,0,23,7/16/2021,3250
Wind,8,7,7/23/2022,1348
Wind,16,15,3/18/2025,14023
Wind,23,22,9/21/2023,6683
Wind,10,9,4/24/2023,7316
Wind,8,7,9/3/2021,2116
Wind,0,23,9/2/2023,4684
Wind,7,6,10/20/2021,10876
Wind,0,23,3/12/2021,13614
Wind,7,6,10/3/2025,5127
Wind,0,23,9/19/2023,6877
Wind,2,1,2/17/2020,8444
Wind,7,6,10/17/2022,7788
Wind,4,3,1/5/2022,7616
Solar,10,9,7/17/2025,5531
Wind,19,18,9/22/2021,2088
Solar,12,11,6/20/2025,10259
Wind,16,15,2/18/2022,14791
Wind,23,22,4/3/2022,1510
Wind,19,18,10/16/2020,1636
Wind,6,5,10/6/2022,2090
Wind,0,23,4/28/2020,4946
Wind,0,23,3/13/2023,15758
Wind,22,21,5/26/2020,4408
Wind,7,6,9/29/2022,1419
Wind,5,4,6/29/2025,2696
Wind,13,12,6/26/2025,14264
Wind,19,18,5/26/2020,6277
Wind,18,17,9/7/2021,6012
Wind,6,5,10/16/2020,3142
Wind,23,22,6/20/2025,4161
Wind,15,14,12/2/2020,2577
Solar,14,13,4/3/2020,5002
Solar,13,12,6/19/2023,6321
Wind,22,21,7/14/2022,5239
Wind,22,21,3/17/2021,5437
Wind,4,3,12/8/2022,1242
Wind,20,19,12/12/2020,6484
Wind,19,18,9/15/2022,3250
Wind,7,6,11/19/2023,11720
Wind,12,11,3/8/2024,10265
Wind,19,18,11/13/2025,10591
Wind,22,21,3/22/2020,9593
Wind,2,1,5/22/2024,4611
Wind,0,23,7/25/2022,5596
Wind,2,1,1/1/2023,11283
Wind,2,1,12/11/2020,6767
Wind,6,5,7/1/2023,7440
Wind,5,4,5/3/2021,657
Wind,16,15,8/27/2020,7459
Wind,13,12,12/27/2023,13912
Solar,18,17,4/11/2024,5597
Wind,23,22,10/1/2021,4034
Wind,13,12,9/23/2025,12969
Wind,21,20,3/19/2021,7181
Wind,20,19,12/27/2020,8326
Wind,19,18,5/10/2021,4506
Wind,6,5,11/3/2020,3252
Wind,23,22,11/3/2024,2791
Wind,5,4,5/9/2021,8251
Solar,10,9,6/10/2025,7037
Wind,23,22,3/6/2024,2314
Wind,12,11,11/3/2020,7836
Wind,8,7,9/18/2021,1755
Wind,20,19,5/4/2020,4587
Wind,19,18,2/14/2022,6618
Wind,19,18,10/18/2020,522
Wind,7,6,11/11/2020,733
Wind,21,20,5/13/2024,3925
Wind,0,23,1/14/2025,2984
Solar,18,17,8/26/2022,5462
Wind,19,18,6/26/2020,3680
Wind,22,21,4/24/2025,4076
Wind,23,22,11/24/2025,9801
Wind,6,5,7/13/2023,2155
Wind,7,6,8/28/2021,3722
Wind,16,15,9/23/2025,12917
Solar,11,10,9/16/2022,4975
Wind,18,17,3/10/2022,4799
Wind,9,8,6/7/2025,9072
Wind,5,4,7/25/2025,2111
Wind,14,13,12/14/2020,6019
Wind,21,20,4/21/2021,5054
Wind,22,21,10/19/2022,7426
Wind,14,13,4/13/2025,4783
Wind,1,0,11/7/2025,2662
Wind,8,7,8/20/2024,3600
Wind,22,21,7/30/2024,2502
Wind,23,22,3/7/2023,6916
Wind,4,3,12/13/2020,4008
Wind,14,13,3/17/2023,12263
Wind,5,4,9/11/2023,1317
Wind,2,1,3/12/2023,6082
Wind,19,18,10/14/2020,5325
Wind,13,12,11/6/2025,6278
Solar,17,16,4/26/2024,5775
Wind,4,3,11/3/2024,3106
Wind,0,23,6/22/2022,1640
Wind,0,23,3/20/2020,8105
Wind,20,19,8/19/2025,4330
Solar,11,10,9/28/2021,3345
Wind,13,12,8/22/2021,8102
Wind,13,12,5/4/2024,9129
Wind,4,3,10/4/2024,4898
Wind,0,23,3/4/2022,3137
Wind,20,19,12/10/2022,1861
Wind,4,3,1/29/2025,15556
Wind,11,10,1/10/2021,4394
Wind,1,0,11/15/2020,10818
Solar,16,15,4/18/2020,2973
Wind,6,5,2/3/2022,2929
Wind,22,21,9/13/2022,2822
Wind,18,17,11/26/2024,3769
Wind,11,10,1/27/2021,5277
Wind,18,17,8/21/2025,10878
Wind,2,1,7/11/2025,4862
Wind,5,4,12/31/2022,15764
Solar,11,10,8/8/2023,7019
Wind,22,21,12/29/2020,3155
Wind,12,11,9/1/2021,9100
Wind,6,5,12/7/2020,910
Wind,16,15,10/4/2025,13739
Wind,6,5,6/19/2025,4974
Wind,18,17,9/3/2022,5467
Solar,17,16,7/1/2024,9539
Solar,16,15,9/18/2021,3777
Wind,13,12,1/14/2020,14254
Wind,3,2,9/20/2021,1783
Wind,4,3,12/11/2021,7886
Wind,22,21,4/4/2020,5074
Wind,19,18,11/5/2022,5536
Wind,21,20,7/26/2021,2420
Wind,13,12,11/26/2022,5590
Wind,14,13,9/18/2020,6346
Wind,17,16,2/4/2020,11924
Wind,5,4,5/14/2024,7995
Wind,20,19,7/28/2023,5624
Solar,18,17,6/29/2022,5001
Wind,0,23,6/24/2023,2828
Wind,9,8,5/27/2023,5721
Wind,21,20,6/16/2025,2901
Solar,19,18,6/10/2023,4468
Solar,9,8,8/1/2025,3518
Wind,3,2,10/18/2023,10652
Solar,17,16,3/18/2020,2387
Wind,9,8,3/14/2024,7457
Wind,0,23,5/16/2025,8373
Wind,1,0,2/18/2023,5548
Solar,17,16,7/23/2022,6197
Solar,13,12,8/16/2022,6043
Wind,13,12,2/18/2024,14825
Wind,4,3,12/20/2024,8808
Wind,23,22,10/25/2022,6592
Wind,22,21,12/11/2022,1627
Wind,19,18,11/4/2025,14445
Wind,1,0,8/14/2020,2144
Wind,14,13,5/10/2020,2623
Wind,21,20,3/3/2020,2875
Wind,1,0,12/18/2022,4061
Solar,18,17,10/11/2022,1835
Wind,17,16,11/3/2021,3274
Wind,3,2,3/3/2023,4064
Solar,15,14,7/30/2022,7363
Wind,20,19,4/27/2022,6697
Wind,2,1,11/8/2025,1793
Wind,4,3,5/31/2025,879
Solar,14,13,8/8/2020,4095
Solar,19,18,5/31/2025,5672
Solar,11,10,8/16/2025,10645
Wind,15,14,12/25/2023,14253
Wind,20,19,6/1/2022,2649
Wind,2,1,4/13/2023,15743
Wind,23,22,7/21/2020,5093
Wind,22,21,5/1/2020,7037
Wind,4,3,1/1/2024,9309
Solar,16,15,1/16/2024,1871
Solar,15,14,7/11/2025,13109
Wind,4,3,6/29/2020,2917
Wind,19,18,1/17/2024,9363
Solar,11,10,3/31/2025,9527
Wind,4,3,9/22/2021,2010
Wind,9,8,1/3/2021,1604
Wind,16,15,4/1/2023,16341
Wind,10,9,2/14/2025,6637
Wind,0,23,9/14/2024,3929
Wind,7,6,2/9/2023,1172
Wind,5,4,10/23/2023,5375
Wind,7,6,1/31/2021,3009
Wind,12,11,2/26/2023,22043
Solar,15,14,7/25/2025,9373
Wind,22,21,11/23/2024,19031
Wind,23,22,7/1/2022,845
Wind,22,21,6/6/2021,1802
Solar,9,8,7/8/2024,3111
Wind,0,23,4/7/2024,4677
Wind,13,12,5/17/2021,15300
Wind,20,19,3/15/2023,2059
Wind,1,0,2/18/2024,5504
Wind,22,21,3/25/2025,3839
Wind,9,8,5/5/2020,5591
Wind,4,3,5/3/2025,6936
Wind,0,23,6/4/2023,6760
Wind,23,22,9/22/2023,6457
Wind,6,5,5/10/2020,2056
Solar,12,11,7/11/2020,4885
Wind,1,0,7/21/2024,3435
Solar,10,9,7/18/2023,4325
Wind,2,1,6/29/2025,3834
Wind,10,9,5/22/2024,8005
Wind,23,22,4/8/2024,9778
Wind,2,1,7/5/2020,7405
Wind,18,17,1/11/2021,6090
Wind,4,3,2/28/2021,7607
Wind,6,5,8/13/2024,1209
Solar,11,10,5/29/2020,5407
Wind,20,19,2/25/2022,3155
Wind,14,13,8/24/2024,10581
Solar,12,11,8/19/2023,6990
Wind,8,7,3/3/2020,4102
Wind,18,17,8/17/2021,7713
Wind,1,0,3/3/2024,2949
Wind,1,0,8/30/2020,2869
Wind,3,2,10/9/2021,3926
Wind,18,17,5/10/2020,4035
Wind,19,18,3/27/2020,2867
Solar,14,13,11/11/2023,5880
Wind,2,1,10/31/2023,7202
Wind,11,10,3/15/2025,15859
Wind,15,14,9/22/2023,13152
Wind,10,9,2/19/2023,5578
Wind,9,8,5/4/2023,7756
Solar,15,14,6/13/2021,5069
Solar,10,9,1/25/2022,1114
Wind,22,21,7/8/2023,1136
Wind,7,6,9/29/2021,6686
Solar,12,11,6/26/2020,4861
Solar,13,12,7/26/2022,6546
Solar,15,14,6/13/2022,7174
Wind,9,8,7/3/2021,2116
Solar,13,12,1/14/2024,3571
Wind,9,8,3/7/2024,7880
Wind,11,10,6/17/2021,5129
Wind,18,17,3/17/2025,12710
Wind,0,23,8/20/2023,2891
Wind,8,7,2/16/2021,10321
Wind,17,16,11/13/2022,1605
Wind,19,18,8/19/2020,5719
Solar,17,16,5/19/2024,2867
Wind,21,20,1/13/2022,2891
Wind,7,6,6/7/2025,7180
Wind,0,23,4/18/2021,1954
Wind,6,5,8/1/2021,2357
Wind,1,0,4/27/2021,6406
Wind,10,9,5/31/2023,7949
Wind,10,9,10/3/2023,9763
Wind,20,19,5/13/2020,8135
Wind,23,22,6/12/2023,2753
Wind,5,4,11/11/2022,2858
Wind,14,13,4/14/2021,8978
Wind,3,2,12/16/2023,1986
Wind,23,22,7/17/2021,4501
Solar,17,16,4/18/2024,8128
Wind,19,18,7/19/2025,8795
Wind,7,6,1/26/2023,2238
Wind,22,21,8/11/2022,4852
Wind,22,21,6/21/2024,4798
Wind,10,9,3/22/2023,13652
Solar,15,14,8/3/2025,6657
Wind,2,1,2/13/2020,7835
Wind,9,8,1/4/2021,1699
Solar,12,11,5/7/2022,6711
Solar,11,10,7/31/2020,4357
Wind,7,6,5/23/2024,2688
Wind,22,21,7/11/2021,868
Wind,23,22,9/26/2025,313
Wind,7,6,5/6/2024,3361
Solar,14,13,9/12/2023,4933
Wind,21,20,5/25/2023,7031
Wind,22,21,11/30/2021,12769
Wind,18,17,5/12/2024,6724
Wind,11,10,11/2/2023,15126
Wind,6,5,8/5/2023,2691
Wind,0,23,2/4/2024,7222
Wind,9,8,6/2/2022,3841
Wind,11,10,1/29/2021,14856
Wind,6,5,10/11/2021,2918
Wind,4,3,8/15/2024,1492
Wind,2,1,4/28/2020,2577
Solar,18,17,5/8/2020,3383
Wind,10,9,11/26/2023,3686
Wind,0,23,11/22/2022,8882
Wind,18,17,12/9/2020,2329
Solar,15,14,4/27/2022,9731
Wind,8,7,11/6/2022,8112
Wind,20,19,6/15/2023,3676
Solar,11,10,5/8/2022,6177
Wind,1,0,10/11/2021,3875
Wind,5,4,6/24/2020,4432
Wind,20,19,5/9/2021,9742
Wind,20,19,5/30/2020,4315
Wind,1,0,11/24/2020,1746
Wind,11,10,12/27/2021,8533
Wind,8,7,10/20/2020,10025
Wind,0,23,6/8/2025,2194
Wind,9,8,2/15/2021,10609
Wind,20,19,3/18/2021,3876
Wind,16,15,5/17/2021,15134
Wind,22,21,1/20/2020,5336
Wind,1,0,4/10/2022,1683
Wind,19,18,10/15/2025,5526
Wind,14,13,1/7/2020,4300
Wind,6,5,8/28/2021,3976
Wind,12,11,12/21/2020,12351
Wind,9,8,10/22/2023,6622
Wind,7,6,9/13/2023,1142
Wind,1,0,3/18/2023,6164
Solar,14,13,11/11/2022,6121
Wind,8,7,8/4/2020,1848
Wind,20,19,9/24/2021,811
Wind,18,17,4/6/2023,9974
Wind,13,12,1/24/2025,20266
Wind,8,7,2/27/2024,11863
Wind,3,2,7/13/2024,1314
Wind,19,18,10/16/2025,4569
Wind,1,0,1/19/2023,3941
Wind,13,12,10/29/2020,8304
Wind,11,10,4/13/2023,12488
Wind,13,12,11/16/2020,8614
Wind,19,18,7/29/2023,9214
Wind,23,22,11/12/2025,13981
Wind,6,5,10/26/2025,9488
Solar,14,13,10/2/2025,10562
Solar,17,16,9/1/2020,4322
Wind,8,7,9/19/2024,8099
Wind,5,4,5/15/2021,4140
Wind,19,18,2/13/2021,6179
Wind,4,3,8/20/2023,1018
Solar,10,9,3/17/2025,9414
Wind,20,19,4/15/2023,10025
Wind,7,6,10/6/2022,1907
Wind,2,1,12/20/2023,8716
Wind,22,21,4/20/2025,3971
Wind,7,6,11/28/2024,2505
Wind,6,5,9/7/2025,6061
Solar,15,14,8/19/2024,9521
Wind,18,17,11/20/2022,9046
Wind,4,3,2/9/2021,2115
Wind,17,16,5/10/2021,7215
Wind,1,0,12/23/2020,7054
Solar,13,12,9/12/2020,4331
Wind,6,5,10/11/2024,622
Wind,17,16,1/21/2024,14424
Wind,16,15,6/30/2023,9841
Wind,3,2,2/17/2023,7016
Wind,16,15,8/3/2023,12675
Wind,21,20,12/28/2023,13984
Wind,13,12,5/10/2020,2636
Wind,19,18,11/3/2025,8937
Wind,22,21,2/3/2025,1946
Wind,1,0,2/24/2024,6656
Wind,1,0,9/6/2020,2406
Wind,15,14,8/19/2020,7727
Wind,21,20,2/22/2021,5302
Solar,12,11,9/6/2021,4607
Wind,8,7,4/5/2024,14615
Wind,8,7,12/24/2020,11043
Wind,22,21,4/11/2023,8468
Wind,0,23,5/6/2025,9254
Wind,20,19,3/10/2023,6183
Solar,14,13,7/27/2024,6448
Wind,10,9,8/15/2022,4944
Wind,9,8,1/24/2024,15725
Wind,7,6,6/11/2024,1917
Wind,21,20,10/5/2024,7671
Wind,7,6,5/22/2020,3939
Wind,1,0,12/31/2021,5685
Wind,5,4,7/26/2025,2368
Solar,12,11,1/25/2020,2622
Wind,9,8,11/30/2021,11135
Wind,21,20,6/2/2022,2050
Wind,22,21,12/12/2024,3531
Solar,17,16,8/25/2024,4862
Wind,13,12,1/2/2020,4169
Wind,6,5,9/7/2023,2215
Wind,22,21,7/17/2023,1150
Solar,12,11,6/4/2025,6538
Wind,0,23,9/12/2022,2700
Wind,1,0,9/16/2020,800
Wind,15,14,4/6/2020,6087
Wind,22,21,3/6/2022,7693
Wind,6,5,12/20/2022,13622
Wind,19,18,3/19/2023,3522
Wind,23,22,5/14/2021,3321
Wind,21,20,3/19/2022,9623
Wind,12,11,4/15/2023,12042
Wind,1,0,11/10/2020,1153
Wind,5,4,10/8/2025,584
Wind,20,19,7/29/2025,5792
Wind,3,2,10/8/2021,3432
Wind,19,18,3/11/2022,10430
Solar,18,17,10/7/2025,3781
Wind,17,16,2/26/2025,15275
Wind,21,20,1/27/2023,7462
Wind,2,1,7/4/2024,6505
Wind,6,5,8/27/2025,2086
Wind,4,3,4/13/2020,3469
Wind,1,0,11/3/2020,3597
Wind,21,20,4/21/2025,3158
Wind,19,18,4/13/2021,4444
Wind,0,23,11/14/2024,3238
Wind,3,2,3/1/2022,2865
Wind,21,20,3/20/2023,1690
Solar,13,12,7/15/2024,8737
Wind,3,2,7/27/2025,2172
Wind,5,4,8/5/2022,2957
Wind,11,10,12/10/2024,10560
Wind,21,20,12/19/2023,11260
Wind,9,8,8/11/2022,4398
Wind,7,6,7/15/2021,7253
Wind,17,16,3/29/2025,11249
Wind,21,20,9/5/2025,687
Wind,8,7,11/11/2025,8058
Solar,18,17,6/18/2024,6244
Wind,1,0,4/4/2020,996
Wind,12,11,3/31/2024,10457
Wind,22,21,8/2/2022,957
Wind,2,1,7/20/2025,4506
Wind,2,1,8/3/2023,14771
Solar,12,11,7/12/2025,9607
Wind,22,21,1/26/2020,8371
Wind,9,8,5/16/2022,5803
Wind,1,0,5/23/2021,5905
Wind,3,2,3/18/2021,3524
Wind,2,1,2/4/2021,5125
Wind,23,22,6/10/2020,731
Solar,19,18,7/9/2023,4652
Wind,6,5,8/13/2023,931
Wind,1,0,3/20/2025,6946
Wind,4,3,8/8/2023,1820
Wind,15,14,7/3/2023,11480
Wind,2,1,9/30/2023,663
Wind,23,22,1/10/2020,1571
Solar,13,12,12/30/2024,3281
Solar,19,18,5/2/2021,3016
Wind,19,18,8/7/2021,11586
Wind,1,0,5/28/2021,2572
Solar,12,11,5/16/2022,7699
Wind,0,23,1/4/2020,1931
Wind,9,8,11/8/2020,3916
Wind,8,7,7/27/2023,9065
Wind,1,0,9/10/2024,4683
Wind,7,6,3/19/2021,5907
Wind,4,3,2/28/2020,2643
Wind,1,0,5/18/2023,7850
Wind,4,3,4/20/2020,5296
Wind,7,6,4/9/2020,723
Solar,14,13,5/3/2025,5971
Wind,4,3,7/30/2025,1452
Wind,5,4,4/28/2020,3067
Wind,22,21,2/26/2023,14492
Wind,15,14,4/11/2021,7658
Solar,15,14,5/8/2024,9558
Wind,9,8,4/8/2020,2303
Wind,5,4,7/4/2021,862
Wind,18,17,1/28/2025,19004
Wind,20,19,11/14/2020,11103
Wind,1,0,7/21/2020,4876
Wind,2,1,10/4/2022,1416
Solar,18,17,8/4/2024,6580
Wind,0,23,1/2/2020,6857
Wind,21,20,7/10/2021,2043
Wind,22,21,2/26/2022,9716
Wind,18,17,11/29/2022,1111
Wind,8,7,6/8/2025,8306
Wind,19,18,4/5/2022,8495
Wind,8,7,3/10/2024,2181
Wind,20,19,8/23/2020,4332
Wind,4,3,11/24/2020,1768
Wind,6,5,7/23/2024,5404
Wind,3,2,5/23/2024,2979
Wind,6,5,4/16/2023,5054
Wind,14,13,6/6/2025,7339
Wind,3,2,1/19/2024,2193
Solar,16,15,12/17/2023,3018
Wind,19,18,3/21/2025,8152
Wind,3,2,9/6/2020,1961
Wind,3,2,12/4/2020,12264
Solar,11,10,7/17/2024,6067
Solar,14,13,10/1/2025,10058
Solar,12,11,3/30/2021,4810
Wind,0,23,5/24/2024,703
Solar,12,11,2/16/2023,7999
Wind,23,22,11/2/2025,8643
Wind,22,21,7/31/2024,1578
Wind,9,8,12/31/2024,4218
Wind,6,5,1/12/2023,15968
Wind,1,0,3/9/2024,11075
Wind,7,6,4/21/2025,3806
Wind,17,16,6/19/2022,12018
Solar,10,9,3/24/2022,4911
Solar,15,14,12/6/2023,3145
Wind,16,15,10/22/2020,4372
Wind,4,3,9/1/2022,3514
Wind,7,6,2/17/2023,7645
Wind,20,19,6/14/2025,4111
Solar,16,15,9/28/2025,5298
Wind,12,11,11/4/2025,13899
Solar,13,12,7/5/2021,7806
Wind,4,3,2/21/2022,14976
Wind,21,20,11/17/2025,5188
Wind,8,7,8/23/2024,11855
Wind,14,13,3/31/2022,11938
Wind,18,17,9/28/2021,3222
Wind,5,4,6/24/2024,2733
Wind,23,22,9/3/2021,1704
Wind,20,19,10/3/2022,1114
Wind,6,5,8/22/2022,1373
Wind,5,4,2/27/2022,8949
Wind,0,23,6/28/2022,1723
Wind,1,0,8/22/2025,6431
Solar,19,18,5/5/2023,4662
Wind,14,13,3/19/2022,12710
Solar,10,9,4/18/2021,3757
Solar,18,17,7/11/2025,11291
Wind,20,19,9/4/2025,8069
Wind,15,14,10/21/2022,9441
Wind,11,10,7/27/2020,6801
Wind,17,16,7/9/2020,7247
Solar,17,16,6/19/2023,4302
Wind,8,7,8/13/2020,1791
Wind,0,23,9/21/2023,7242
Wind,11,10,7/25/2022,8474
Wind,19,18,11/27/2023,11622
Solar,11,10,4/9/2022,5360
Wind,6,5,11/2/2022,6705
Wind,6,5,8/17/2022,1436
Wind,8,7,4/20/2021,703
Wind,7,6,8/15/2024,1268
Wind,7,6,7/11/2022,3830
Wind,3,2,7/2/2022,670
Wind,6,5,5/24/2021,8343
Wind,10,9,2/24/2023,5199
Wind,16,15,4/14/2021,9278
Wind,23,22,4/12/2025,8931
Wind,11,10,12/22/2022,12428
Wind,3,2,1/18/2024,7810
Wind,17,16,5/31/2024,7089
Wind,14,13,9/9/2021,5141
Wind,13,12,4/13/2025,4906
Wind,23,22,3/23/2024,9137
Wind,0,23,2/26/2025,8535
Wind,1,0,8/3/2022,1047
Wind,23,22,4/7/2025,5598
Solar,13,12,9/15/2021,3974
Wind,4,3,3/26/2023,9201
Wind,6,5,2/19/2020,8999
Wind,10,9,9/14/2020,3828
Wind,0,23,7/23/2022,1099
Wind,9,8,6/4/2021,2095
Wind,3,2,4/12/2020,748
Wind,4,3,1/2/2021,1281
Wind,21,20,5/16/2025,7218
Wind,6,5,1/28/2024,8152
Wind,17,16,10/2/2021,14843
Wind,11,10,9/18/2020,5286
Wind,22,21,11/24/2020,6481
Wind,13,12,12/21/2022,10235
Wind,3,2,7/19/2021,5773
Solar,11,10,6/29/2022,5357
Wind,13,12,12/22/2023,19987
Solar,13,12,12/4/2024,6363
Wind,14,13,2/21/2021,8829
Wind,3,2,6/20/2022,5728
Wind,0,23,11/19/2020,3854
Wind,14,13,11/10/2025,12666
Wind,9,8,12/20/2024,5569
Solar,13,12,5/11/2025,3967
Wind,3,2,11/18/2024,8530
Solar,12,11,3/3/2025,8311
Wind,23,22,12/28/2021,12013
Wind,5,4,10/31/2021,6221
Wind,22,21,12/5/2020,5385
Wind,9,8,5/12/2024,4245
Wind,23,22,4/15/2022,5750
Wind,10,9,12/22/2024,19398
Wind,15,14,2/5/2021,3021
Solar,15,14,7/12/2022,6997
Wind,0,23,6/15/2020,2022
Wind,10,9,10/23/2023,8658
Wind,9,8,2/2/2023,6057
Solar,15,14,7/28/2024,5654
Wind,14,13,10/9/2024,12421
Solar,11,10,2/15/2023,6270
Solar,15,14,11/18/2021,3326
Wind,20,19,6/28/2022,3348
Wind,2,1,1/12/2024,6624
Wind,6,5,6/16/2020,1461
Wind,8,7,7/7/2020,1906
Solar,11,10,9/12/2022,4987
Solar,15,14,6/6/2023,8282
Wind,17,16,12/31/2023,17690
Wind,4,3,2/22/2025,10776
Wind,0,23,2/12/2020,5618
Wind,5,4,7/27/2025,1887
Wind,9,8,10/28/2023,12258
Solar,15,14,5/22/2025,6175
Wind,3,2,12/23/2024,17302
Wind,23,22,8/17/2025,7604
Wind,4,3,4/23/2024,4610
Wind,18,17,3/26/2021,9646
Wind,16,15,12/4/2021,12295
Wind,16,15,2/12/2021,9320
Wind,22,21,8/8/2023,2130
Wind,1,0,1/20/2021,11737
Solar,10,9,8/15/2025,6084
Wind,7,6,3/31/2025,5157
Wind,3,2,11/11/2022,2683
Wind,19,18,7/9/2022,8525
Wind,1,0,9/5/2023,7414
Solar,11,10,11/19/2022,4418
Wind,18,17,10/23/2023,5596
Wind,2,1,1/13/2023,13913
Wind,0,23,4/21/2020,4642
Wind,12,11,12/19/2020,10820
Wind,7,6,1/6/2021,1187
Wind,4,3,6/12/2025,6737
Solar,17,16,6/1/2020,4570
Wind,23,22,12/29/2020,3005
Wind,10,9,3/8/2023,13908
Wind,3,2,2/19/2020,11122
Wind,21,20,7/30/2023,7195
Wind,7,6,1/23/2025,5894
Wind,20,19,5/11/2025,4469
Wind,19,18,7/15/2020,3632
Wind,17,16,4/23/2021,8565
Wind,19,18,7/2/2023,6804
Wind,23,22,4/13/2022,1032
Wind,0,23,12/14/2021,1053
Wind,19,18,1/22/2021,4478
Solar,15,14,12/30/2024,2676
Wind,8,7,1/19/2020,5048
Wind,1,0,1/8/2021,1507
Wind,13,12,8/3/2023,13262
Wind,5,4,10/25/2025,13923
Wind,8,7,5/13/2023,4856
Wind,23,22,7/21/2023,3097
Wind,2,1,10/3/2024,4843
Wind,0,23,3/30/2023,12402
Solar,13,12,7/8/2022,8283
Wind,2,1,8/18/2021,2488
Wind,6,5,6/29/2023,748
Wind,0,23,5/28/2021,3329
Wind,8,7,5/11/2024,4906
Wind,20,19,4/8/2022,9607
Wind,22,21,7/27/2025,4242
Solar,12,11,10/14/2023,5525
Solar,12,11,10/12/2020,3848
Wind,0,23,1/18/2025,1679
Wind,13,12,5/31/2023,12628
Solar,17,16,9/21/2021,4522
Wind,22,21,11/21/2023,6769
Solar,13,12,4/12/2024,8049
Wind,10,9,3/17/2024,6278
Wind,5,4,4/5/2024,10352
Wind,21,20,11/1/2022,12061
Wind,22,21,5/27/2024,2538
Wind,5,4,7/15/2021,7756
Wind,16,15,3/5/2024,8619
Solar,14,13,10/10/2025,9343
Solar,12,11,6/21/2023,4377
Wind,11,10,10/29/2023,15308
Solar,18,17,5/21/2020,2989
Wind,1,0,6/10/2023,3204
Wind,5,4,8/20/2025,3073
Wind,1,0,4/16/2024,13826
Solar,18,17,3/5/2025,3558
Solar,15,14,11/15/2025,5714
Wind,22,21,3/12/2022,9414
Wind,4,3,6/4/2024,456
Wind,18,17,7/28/2020,6769
Wind,22,21,11/6/2021,6134
Wind,2,1,4/25/2025,3293
Wind,6,5,7/25/2021,2988
Wind,13,12,11/1/2022,15812
Wind,20,19,11/10/2024,1932
Wind,6,5,4/19/2021,1278
Solar,12,11,3/29/2021,5469
Wind,5,4,3/12/2021,9635
Wind,0,23,6/7/2025,12317
Wind,23,22,9/2/2023,4625
Wind,21,20,10/27/2023,9132
Wind,23,22,8/10/2021,590
Wind,9,8,9/29/2021,7118
Wind,19,18,5/31/2022,5487
Wind,5,4,6/25/2021,1451
Solar,12,11,5/27/2022,6179
Wind,23,22,3/3/2024,5144
Wind,3,2,12/7/2022,2507
Wind,22,21,8/17/2021,3684
Wind,17,16,3/24/2020,6133
Wind,19,18,10/12/2025,5244
Wind,18,17,7/24/2023,11156
Solar,12,11,7/8/2024,8159
Solar,15,14,7/16/2022,8810
Wind,2,1,4/1/2024,4949
Wind,19,18,1/14/2024,1253
Wind,14,13,1/8/2020,4927
Wind,5,4,11/12/2021,1575
Wind,14,13,11/19/2024,20597
Wind,3,2,8/17/2020,1750
Wind,20,19,6/11/2023,4575
Wind,21,20,8/21/2025,7365
Wind,5,4,8/26/2021,2542
Wind,20,19,9/10/2020,1247
Wind,0,23,7/13/2021,5065
Wind,20,19,4/5/2022,7386
Wind,2,1,6/13/2020,3366
Wind,18,17,10/18/2023,14535
Wind,11,10,8/22/2020,9129
Wind,3,2,8/3/2021,1153
Wind,18,17,7/23/2023,12004
Solar,9,8,7/2/2021,1628
Solar,16,15,6/3/2022,5923
Wind,9,8,12/4/2021,8370
Solar,15,14,10/9/2023,6407
Solar,12,11,9/15/2021,3648
Wind,8,7,6/18/2021,3517
Wind,2,1,9/10/2025,3815
Solar,10,9,4/11/2020,2530
Wind,2,1,1/26/2024,7990
Wind,5,4,3/27/2025,3169
Wind,7,6,9/21/2025,3184
Solar,21,20,7/13/2024,1101
Wind,4,3,11/14/2021,2421
Wind,0,23,7/1/2022,863
Wind,4,3,7/10/2023,1054
Wind,21,20,11/23/2022,12891
Wind,16,15,12/12/2024,3478
Wind,20,19,4/27/2025,2748
Wind,17,16,1/17/2023,4665
Wind,2,1,4/3/2022,5119
Wind,5,4,10/18/2020,672
Wind,18,17,10/11/2021,4388
Wind,17,16,11/16/2023,13386
Wind,4,3,3/9/2025,9672
Wind,13,12,12/31/2022,17332
Solar,14,13,8/16/2023,6675
Wind,20,19,1/6/2021,495
Wind,10,9,2/8/2025,8261
Wind,8,7,9/26/2022,6086
Wind,1,0,11/10/2025,6004
Wind,19,18,2/1/2020,10703
Wind,19,18,4/22/2022,4256
Wind,22,21,1/24/2023,2611
Wind,8,7,5/5/2025,9361
Solar,13,12,5/8/2020,4778
Solar,9,8,6/16/2021,2085
Wind,23,22,2/16/2020,11230
Solar,11,10,7/4/2023,5603
Wind,16,15,10/26/2023,6529
Wind,4,3,2/28/2024,3223
Solar,11,10,11/29/2022,2249
Wind,21,20,1/6/2020,6469
Wind,5,4,11/9/2025,2430
Wind,7,6,5/12/2024,3904
Wind,23,22,4/30/2021,1359
Wind,5,4,8/27/2023,2263
Solar,10,9,7/27/2024,3124
Solar,13,12,9/26/2025,5213
Wind,4,3,4/1/2022,9699
Wind,13,12,5/12/2020,5747
Wind,17,16,10/7/2024,7311
Solar,14,13,6/30/2022,4931
Wind,21,20,9/20/2024,3245
Solar,17,16,8/10/2024,4012
Wind,5,4,4/30/2023,3814
Wind,6,5,1/23/2025,6304
Wind,13,12,12/3/2022,6285
Wind,8,7,4/24/2025,2699
Wind,19,18,10/2/2025,2959
Solar,12,11,8/9/2020,3372
Wind,20,19,7/10/2020,4171
Wind,5,4,12/26/2023,7229
Wind,1,0,4/28/2024,10556
Wind,14,13,10/12/2024,6790
Wind,17,16,11/25/2022,3351
Wind,16,15,1/14/2023,17545
Wind,21,20,11/8/2022,11901
Wind,20,19,8/29/2024,2703
Wind,10,9,3/16/2025,9888
Wind,4,3,1/19/2020,4619
Wind,1,0,3/13/2025,2661
Wind,20,19,4/4/2024,8108
Wind,19,18,12/5/2023,6714
Wind,7,6,1/16/2020,4609
Wind,20,19,10/15/2025,5080
Solar,17,16,6/3/2020,3604
Wind,9,8,5/11/2024,5428
Wind,8,7,9/25/2020,10168
Wind,11,10,10/5/2022,9771
Wind,5,4,7/2/2024,2631
Wind,21,20,4/21/2023,2543
Wind,9,8,12/5/2024,14145
Solar,19,18,8/7/2025,5653
Wind,12,11,4/5/2020,7848
Wind,5,4,1/26/2024,9936
Solar,15,14,9/3/2023,9204
Wind,23,22,4/12/2022,2275
Wind,14,13,12/29/2020,5165
Solar,10,9,9/8/2023,3666
Solar,14,13,4/26/2024,6436
Solar,16,15,4/14/2024,4067
Solar,14,13,9/7/2020,5438
Wind,22,21,2/18/2022,13040
Wind,6,5,5/21/2020,1502
Solar,15,14,5/4/2020,5337
Solar,10,9,6/10/2023,4098
Wind,12,11,4/3/2024,15839
Wind,8,7,5/23/2020,3360
Wind,8,7,9/4/2020,1232
Wind,13,12,10/7/2020,8717
Wind,6,5,12/2/2023,3249
Solar,17,16,6/28/2024,6716
Wind,22,21,8/22/2021,3345
Wind,10,9,2/17/2023,9868
Wind,14,13,2/16/2022,16745
Wind,3,2,12/3/2022,6803
Solar,15,14,4/8/2021,5202
Wind,16,15,1/5/2025,19348
Wind,9,8,10/8/2024,10350
Wind,7,6,2/12/2022,4558
Wind,6,5,7/7/2023,4486
Wind,22,21,7/14/2020,2101
Wind,21,20,12/9/2022,2064
Wind,1,0,7/5/2022,3667
Wind,19,18,11/20/2021,210
Wind,9,8,2/9/2023,1322
Wind,0,23,3/1/2025,10187
Wind,10,9,7/25/2023,7186
Solar,11,10,12/25/2024,2874
Wind,8,7,5/8/2024,5427
Wind,16,15,10/3/2021,8606
Wind,0,23,4/18/2024,3786
Wind,8,7,11/4/2023,15504
Wind,23,22,5/25/2022,5875
Wind,21,20,1/22/2022,2136
Solar,14,13,8/18/2022,5355
Solar,10,9,8/14/2025,4159
Wind,10,9,1/1/2023,11283
Wind,19,18,1/20/2024,4846
Wind,19,18,11/17/2021,1887
Wind,3,2,9/29/2020,2642
Wind,0,23,8/8/2020,2390
Wind,19,18,1/18/2024,4246
Wind,1,0,10/18/2024,4798
Wind,23,22,6/27/2025,1584
Wind,9,8,2/11/2025,3812
Wind,17,16,8/25/2023,9893
Wind,6,5,12/2/2021,6952
Wind,8,7,1/25/2022,328
Wind,15,14,9/26/2022,15890
Wind,17,16,12/17/2022,2347
Wind,9,8,2/21/2020,4193
Wind,20,19,9/13/2021,1554
Solar,15,14,7/12/2020,5689
Wind,10,9,5/29/2023,9264
Wind,5,4,8/30/2024,2456
Wind,15,14,7/28/2021,10176
Wind,6,5,3/29/2023,4271
Wind,20,19,5/11/2021,6405
Wind,16,15,1/9/2025,10749
Wind,3,2,1/5/2022,7802
Wind,0,23,8/26/2024,2045
Solar,15,14,2/19/2023,7077
Wind,19,18,6/23/2025,12740
Wind,20,19,8/4/2020,2445
Wind,9,8,2/11/2023,2391
Wind,7,6,9/16/2022,1953
Wind,4,3,10/13/2025,6119
Wind,1,0,7/3/2025,5539
Wind,0,23,12/7/2022,1410
Wind,4,3,2/10/2024,4487
Wind,4,3,7/9/2021,1208
Wind,1,0,2/16/2025,4574
Wind,11,10,11/24/2024,21544
Wind,20,19,12/11/2024,5916
Wind,22,21,5/20/2025,5566
Wind,10,9,1/21/2022,5002
Wind,8,7,1/30/2025,5813
Wind,18,17,1/29/2021,12983
Wind,6,5,4/19/2024,9003
Wind,13,12,12/1/2020,8412
Wind,4,3,2/19/2024,4002
Wind,14,13,9/21/2023,6474
Wind,3,2,3/17/2025,5489
Wind,19,18,8/2/2024,7412
Wind,4,3,7/15/2020,1451
Wind,17,16,10/15/2022,8245
Solar,11,10,5/11/2025,3050
Solar,14,13,1/21/2025,5754
Wind,9,8,8/2/2023,15356
Wind,20,19,10/6/2025,2272
Solar,17,16,3/22/2024,7952
Wind,3,2,4/4/2021,6551
Wind,7,6,11/8/2022,13306
Wind,10,9,9/19/2023,7887
Solar,17,16,5/5/2022,6137
Wind,4,3,3/16/2021,3759
Wind,22,21,3/18/2023,4032
Wind,20,19,1/4/2023,13392
Wind,20,19,1/5/2021,1794
Wind,23,22,12/7/2020,3434
Wind,16,15,4/24/2024,11510
Solar,17,16,4/27/2025,3352
Wind,8,7,10/16/2021,1545
Wind,10,9,4/17/2022,6232
Wind,11,10,11/15/2022,10920
Wind,2,1,1/6/2021,1467
Solar,12,11,6/9/2020,4734
Wind,18,17,3/14/2023,10320
Wind,18,17,1/31/2021,5433
Wind,23,22,1/28/2021,9207
Wind,21,20,2/14/2023,4137
Solar,11,10,8/29/2024,5199
Solar,14,13,10/3/2022,5084
Solar,11,10,2/23/2022,3903
Wind,8,7,8/24/2025,3233
Wind,13,12,2/6/2021,3255
Solar,16,15,4/29/2023,4800
Wind,5,4,4/22/2023,4492
Solar,14,13,5/24/2020,5849
Wind,17,16,2/7/2023,6303
Wind,4,3,7/6/2022,3439
Wind,23,22,11/25/2023,3662
Wind,15,14,12/9/2022,3163
Wind,1,0,12/15/2020,5961
Wind,22,21,3/10/2022,6888
Wind,17,16,6/15/2024,10230
Wind,11,10,10/27/2025,20785
Wind,0,23,7/2/2020,3158
Wind,19,18,9/21/2021,2741
Wind,21,20,4/3/2022,1788
Wind,23,22,1/4/2025,10639
Solar,17,16,9/6/2021,4649
Wind,11,10,1/12/2022,3948
Wind,18,17,3/3/2023,5441
Wind,13,12,11/21/2021,3618
Wind,21,20,7/28/2022,1737
Wind,22,21,1/28/2023,2799
Wind,12,11,12/22/2024,19928
Wind,4,3,3/12/2024,4768
Wind,18,17,11/11/2022,2888
Wind,22,21,11/7/2024,3242
Wind,4,3,6/27/2024,839
Solar,15,14,11/23/2020,2374
Wind,23,22,6/19/2025,6052
Wind,3,2,8/7/2024,1802
Wind,16,15,7/5/2020,10632
Solar,12,11,5/27/2023,8746
Wind,6,5,4/21/2021,1068
Wind,21,20,9/15/2024,3333
Wind,7,6,7/1/2025,1421
Wind,10,9,9/9/2024,9339
Solar,11,10,9/12/2021,3552
Wind,5,4,1/13/2022,2645
Wind,2,1,7/23/2025,1307
Wind,3,2,8/27/2023,1781
Wind,7,6,2/19/2024,3287
Solar,17,16,6/16/2022,5124
Wind,4,3,9/11/2025,10615
Wind,0,23,6/27/2021,748
Wind,7,6,6/13/2025,2429
Wind,10,9,12/10/2020,4988
Wind,21,20,11/29/2022,1194
Wind,5,4,11/13/2021,5812
Wind,17,16,7/22/2025,13809
Wind,0,23,2/21/2024,15375
Wind,22,21,8/7/2021,9544
Wind,11,10,11/24/2023,9941
Wind,20,19,6/3/2021,1771
Wind,21,20,12/2/2020,2043
Wind,8,7,4/29/2023,1622
Solar,12,11,4/16/2021,7807
Wind,14,13,2/13/2020,13233
Wind,14,13,11/21/2021,3948
Wind,4,3,12/18/2023,2101
Solar,11,10,6/1/2020,4181
Solar,16,15,7/24/2025,9540
Solar,14,13,6/24/2023,8820
Wind,13,12,3/7/2022,10894
Wind,2,1,10/21/2021,13513
Wind,2,1,2/11/2024,9448
Solar,18,17,9/7/2023,4368
Wind,14,13,11/25/2023,10661
Wind,15,14,10/2/2020,6441
Wind,11,10,1/5/2022,6918
Wind,20,19,3/28/2022,1643
Wind,9,8,9/1/2020,1448
Solar,17,16,9/19/2025,10145
Wind,12,11,11/3/2023,10759
Wind,20,19,11/25/2020,3453
Wind,2,1,10/1/2022,13589
Wind,1,0,8/2/2021,1434
Solar,11,10,8/8/2020,2968
Wind,4,3,9/14/2022,1861
Wind,9,8,5/31/2021,3833
Wind,16,15,12/27/2023,12667
Wind,20,19,8/1/2024,4264
Wind,20,19,4/4/2023,4139
Wind,1,0,5/3/2024,9022
Wind,23,22,9/15/2024,4322
Wind,7,6,9/13/2021,1809
Wind,19,18,12/7/2021,13600
Wind,5,4,11/30/2023,1780
Wind,2,1,3/10/2022,6777
Solar,12,11,3/30/2022,2186
Wind,4,3,8/9/2022,6466
Wind,18,17,5/4/2023,9901
Wind,11,10,12/13/2023,6869
Solar,14,13,9/29/2022,4400
Solar,14,13,8/28/2024,10829
Wind,9,8,9/17/2024,10111
Wind,12,11,1/6/2020,5665
Wind,17,16,9/7/2022,6353
Wind,3,2,10/21/2022,7894
Wind,20,19,5/26/2021,4996
Wind,5,4,6/26/2022,1831
Wind,21,20,7/13/2025,3952
Wind,8,7,6/29/2024,4387
Solar,15,14,11/8/2024,4482
Solar,11,10,7/11/2022,7469
Wind,7,6,1/10/2022,1005
Wind,1,0,3/21/2025,7350
Solar,14,13,2/15/2023,6445
Wind,2,1,4/17/2025,2336
Wind,2,1,2/15/2025,7209
Wind,19,18,9/28/2020,4748
Wind,5,4,6/30/2021,2097
Wind,7,6,7/20/2022,2316
Wind,3,2,4/22/2020,5000
Wind,21,20,9/23/2021,1171
Wind,1,0,2/27/2020,5262
Wind,21,20,3/26/2021,8311
Wind,9,8,1/13/2020,3845
Wind,0,23,9/22/2025,8892
Wind,9,8,1/13/2023,14537
Wind,7,6,7/16/2024,7743
Wind,19,18,6/4/2024,7459
Wind,23,22,11/2/2020,4458
Solar,12,11,10/7/2022,4853
Wind,18,17,2/24/2022,12191
Wind,7,6,11/27/2021,7605
Solar,10,9,8/7/2020,2665
Wind,3,2,7/10/2022,5201
Wind,2,1,7/13/2021,3421
Wind,3,2,5/1/2025,5525
Wind,6,5,11/30/2025,4365
Wind,7,6,12/25/2020,6272
Solar,12,11,4/19/2021,4484
Wind,23,22,3/29/2024,5301
Wind,9,8,7/29/2023,5340
Wind,5,4,6/5/2022,1412
Wind,7,6,8/11/2021,508
Wind,13,12,11/27/2022,8438
Solar,9,8,6/11/2025,5524
Solar,12,11,6/1/2023,8686
Wind,10,9,10/14/2022,5617
Solar,14,13,5/7/2025,11508
Solar,15,14,3/30/2022,3152
Solar,16,15,3/13/2025,5712
Solar,16,15,9/23/2021,5575
Wind,5,4,2/4/2020,10605
Wind,20,19,5/14/2021,5623
Wind,3,2,5/30/2022,4110
Wind,7,6,1/30/2021,5748
Wind,8,7,6/20/2024,4284
Solar,20,19,8/7/2025,3099
Wind,4,3,8/24/2024,6102
Wind,8,7,9/15/2022,1704
Wind,2,1,7/6/2020,6827
Wind,7,6,8/28/2022,3890
Solar,13,12,9/14/2020,4786
Wind,23,22,5/24/2024,645
Wind,7,6,8/8/2025,1464
Wind,11,10,7/10/2020,5130
Wind,19,18,1/17/2020,7402
Solar,19,18,7/17/2024,4046
Wind,8,7,1/2/2023,6552
Wind,1,0,2/14/2021,7245
Wind,6,5,7/26/2025,2295
Wind,11,10,10/23/2020,2714
Wind,2,1,7/3/2024,1771
Wind,23,22,11/12/2024,8223
Wind,18,17,11/12/2025,13595
Wind,20,19,4/26/2024,3091
Wind,12,11,12/20/2023,9752
Wind,21,20,4/4/2024,7001
Wind,21,20,3/18/2025,10105
Wind,19,18,4/14/2020,6515
Wind,0,23,3/2/2020,8448
Wind,8,7,1/11/2020,3308
Wind,20,19,2/10/2022,3020
Wind,5,4,10/13/2024,3330
Wind,1,0,1/16/2024,2197
Solar,18,17,9/10/2020,2293
Wind,9,8,8/25/2025,3906
Wind,17,16,3/5/2024,6764
Wind,8,7,8/23/2022,1085
Wind,19,18,7/17/2021,6467
Solar,12,11,4/27/2025,3596
Wind,19,18,2/27/2020,10596
Wind,8,7,11/6/2024,292
Wind,15,14,11/22/2024,15122
Wind,22,21,11/19/2024,11992
Wind,2,1,5/26/2021,5335
Wind,13,12,11/29/2021,4389
Wind,4,3,4/9/2023,3548
Solar,12,11,5/20/2024,5874
Solar,10,9,9/6/2021,2723
Wind,0,23,12/16/2020,7220
Solar,12,11,6/11/2021,4809
Wind,5,4,3/15/2024,9923
Wind,3,2,2/20/2023,3288
Wind,19,18,5/2/2025,4524
Wind,8,7,4/30/2021,1408
Wind,0,23,8/30/2024,5577
Wind,8,7,9/30/2021,1829
Wind,10,9,2/13/2024,7108
Wind,5,4,1/10/2023,7471
Wind,7,6,5/20/2023,6415
Wind,23,22,9/1/2023,1142
Solar,16,15,6/6/2024,8506
Solar,13,12,7/13/2025,9654
Wind,17,16,10/18/2021,5039
Wind,6,5,3/1/2021,4453
Wind,14,13,3/18/2023,11176
Wind,16,15,10/21/2020,14758
Wind,14,13,3/2/2020,7175
Wind,2,1,6/30/2023,2631
Solar,10,9,4/19/2022,2972
Wind,7,6,7/25/2020,1509
Wind,3,2,11/3/2021,3878
Wind,23,22,9/20/2024,3712
Wind,11,10,7/6/2020,7270
Wind,8,7,6/18/2023,2716
Solar,12,11,4/22/2024,11915
Wind,3,2,10/31/2022,1886
Wind,20,19,12/8/2022,2320
Wind,9,8,2/19/2021,6408
Wind,8,7,7/4/2024,7653
Solar,19,18,8/12/2022,4606
Wind,6,5,6/22/2020,1871
Wind,20,19,5/14/2022,1781
Wind,0,23,3/14/2022,5813
Solar,10,9,4/28/2021,1431
Wind,19,18,2/22/2020,8683
Solar,10,9,11/1/2024,3028
Wind,21,20,8/31/2025,3822
Solar,11,10,8/21/2024,7369
Wind,7,6,11/10/2023,13482
Wind,8,7,5/4/2025,5384
Solar,14,13,9/21/2024,4430
Wind,6,5,3/19/2020,1145
Wind,9,8,10/2/2020,9401
Wind,18,17,9/25/2022,4472
Wind,20,19,8/25/2022,4858
Wind,9,8,8/10/2023,3790
Wind,4,3,9/21/2024,3321
Wind,4,3,1/22/2022,3202
Wind,9,8,11/9/2023,9159
Wind,1,0,11/25/2024,18407
Wind,4,3,7/8/2023,4740
Wind,5,4,9/11/2025,10679
Wind,4,3,7/15/2023,6810
Wind,21,20,11/3/2021,3050
Wind,7,6,11/23/2025,9347
Wind,15,14,5/18/2021,5821
Wind,11,10,2/4/2024,8994
Wind,1,0,7/16/2020,1763
Wind,3,2,7/3/2020,3011
Solar,13,12,3/4/2024,9667
Wind,12,11,10/15/2020,6069
Wind,23,22,1/25/2023,1037
Wind,18,17,2/4/2023,2961
Wind,20,19,2/3/2023,5209
Wind,15,14,2/24/2025,13295
Wind,22,21,11/11/2025,14313
Wind,15,14,5/7/2025,11125
Solar,16,15,6/18/2024,7585
Solar,12,11,4/13/2021,6733
Wind,15,14,1/6/2024,9159
Wind,3,2,1/19/2020,4247
Wind,3,2,6/1/2021,5282
Wind,17,16,5/28/2023,6446
Solar,14,13,9/19/2025,12989
Wind,7,6,8/17/2025,5923
Solar,13,12,8/29/2023,6385
Wind,0,23,8/13/2020,2213
Wind,8,7,8/30/2021,3173
Wind,1,0,7/26/2020,4306
Wind,3,2,2/25/2023,3671
Wind,10,9,8/16/2025,8918
Wind,16,15,7/15/2024,10900
Wind,2,1,3/6/2020,11303
Wind,8,7,9/2/2023,2084
Solar,14,13,1/21/2022,6900
Wind,5,4,5/6/2023,1719
Wind,16,15,9/21/2023,8784
Solar,14,13,7/17/2025,9602
Solar,14,13,10/5/2023,6634
Wind,4,3,6/13/2023,3141
Wind,2,1,1/8/2023,12173
Wind,5,4,12/10/2020,5097
Wind,14,13,3/21/2023,8403
Solar,15,14,4/25/2022,7151
Wind,2,1,9/14/2025,4414
Wind,2,1,9/29/2024,1277
Wind,19,18,2/6/2025,11486
Wind,12,11,12/20/2022,11990
Wind,9,8,11/26/2024,6210
Wind,17,16,3/13/2023,16408
Wind,11,10,9/3/2025,18721
Wind,4,3,11/9/2024,1300
Wind,20,19,2/23/2020,9881
Wind,21,20,8/3/2020,4530
Wind,7,6,11/3/2021,3960
Solar,15,14,12/10/2022,3935
Wind,12,11,11/22/2024,15569
Wind,1,0,6/15/2020,2040
Wind,4,3,2/22/2021,6815
Wind,14,13,1/28/2025,20885
Wind,15,14,6/5/2022,8904
Wind,21,20,7/30/2022,2584
Wind,22,21,7/29/2021,965
Solar,19,18,9/7/2023,2452
Wind,2,1,11/11/2023,6863
Wind,6,5,3/21/2020,7494
Wind,5,4,10/19/2020,1525
Wind,10,9,3/15/2024,14005
Wind,6,5,2/25/2022,7242
Wind,22,21,5/11/2025,3052
Solar,14,13,4/4/2023,11558
Wind,22,21,2/27/2022,6470
Wind,3,2,6/23/2025,5291
Wind,5,4,10/8/2020,6790
Wind,18,17,7/3/2023,11708
Wind,21,20,2/6/2023,7870
Wind,14,13,3/30/2023,18316
Wind,21,20,5/16/2020,3193
Wind,15,14,10/3/2023,9033
Wind,20,19,11/20/2020,2773
Wind,6,5,8/15/2020,384
Wind,9,8,6/21/2024,2878
Wind,3,2,12/2/2021,5934
Wind,14,13,12/19/2020,9422
Wind,10,9,4/10/2021,5393
Wind,19,18,12/25/2022,9466
Wind,5,4,7/19/2023,2823
Wind,18,17,5/14/2024,6999
Wind,14,13,5/23/2020,7862
Wind,0,23,10/3/2021,5964
Wind,14,13,1/29/2024,8687
Wind,20,19,10/15/2021,1124
Wind,8,7,6/12/2021,1829
Wind,2,1,9/22/2020,894
Wind,11,10,10/19/2021,8475
Wind,18,17,11/7/2022,8246
Wind,2,1,8/21/2023,2603
Wind,0,23,4/8/2022,6694
Solar,13,12,11/10/2020,2552
Wind,9,8,8/30/2025,5384
Wind,11,10,9/26/2020,11643
Wind,0,23,9/3/2024,1253
Wind,7,6,3/10/2025,2663
Wind,4,3,2/16/2023,3980
Wind,16,15,3/11/2020,11361
Wind,9,8,12/27/2023,9035
Solar,16,15,10/15/2021,4028
Wind,2,1,10/14/2021,1908
Wind,20,19,3/11/2022,10317
Wind,6,5,3/8/2021,3070
Wind,20,19,10/23/2025,17992
Wind,7,6,8/22/2021,3212
Solar,13,12,6/19/2022,9444
Wind,5,4,1/2/2022,6918
Wind,4,3,12/17/2020,5845
Wind,1,0,3/8/2020,7440
Wind,0,23,5/22/2020,1663
Wind,11,10,8/1/2023,11387
Wind,21,20,11/12/2024,9661
Solar,15,14,6/26/2022,4430
Wind,21,20,5/13/2025,1684
Wind,18,17,10/12/2021,5195
Wind,9,8,3/26/2021,5079
Wind,19,18,6/20/2024,3344
Wind,22,21,3/3/2020,3260
Wind,14,13,11/18/2022,7173
Wind,9,8,3/14/2021,10637
Wind,23,22,11/17/2025,4027
Wind,1,0,6/25/2021,2162
Wind,15,14,5/16/2021,10947
Wind,9,8,9/22/2025,9995
Wind,14,13,2/17/2022,16410
Wind,12,11,1/8/2025,9828
Wind,4,3,3/8/2021,2869
Solar,16,15,4/8/2025,8550
Wind,10,9,9/25/2022,3647
Solar,12,11,6/17/2022,6029
Wind,13,12,2/24/2024,15371
Wind,22,21,11/7/2021,3223
Wind,22,21,8/23/2025,2569
Wind,22,21,3/1/2022,2721
Wind,14,13,4/3/2021,14891
Wind,18,17,2/13/2021,6349
Wind,7,6,12/26/2023,9160
Wind,10,9,3/13/2022,9151
Wind,2,1,6/22/2024,5101
Solar,14,13,1/15/2025,6285
Wind,17,16,8/14/2022,7767
Wind,22,21,9/13/2021,2957
Wind,15,14,6/4/2020,5751
Wind,20,19,10/6/2022,459
Wind,5,4,12/19/2022,12566
Wind,10,9,3/4/2022,4002
Wind,10,9,5/23/2023,8084
Wind,3,2,10/12/2025,5142
Wind,6,5,4/2/2022,9702
Wind,17,16,3/7/2022,9049
Wind,7,6,11/23/2022,8193
Solar,12,11,1/24/2022,4385
Wind,3,2,1/31/2021,4875
Solar,14,13,10/22/2025,7336
Wind,7,6,9/26/2024,12407
Solar,18,17,8/17/2025,9585
Wind,4,3,5/10/2023,7707
Wind,16,15,3/21/2021,8663
Wind,22,21,1/2/2020,6813
Wind,14,13,7/5/2023,12672
Wind,22,21,7/10/2022,4249
Wind,20,19,11/19/2022,3365
Wind,1,0,2/23/2024,15206
Wind,23,22,6/3/2021,1289
Wind,12,11,4/17/2021,8185
Solar,19,18,5/15/2024,4141
Wind,2,1,10/9/2022,4252
Wind,18,17,12/28/2022,15714
Wind,9,8,5/17/2021,11934
Wind,18,17,3/10/2021,10787
Wind,21,20,3/29/2020,12637
Wind,12,11,12/9/2022,3573
Solar,18,17,7/17/2022,6303
Wind,19,18,2/23/2022,1715
Wind,12,11,5/1/2020,8478
Wind,13,12,2/20/2020,12752
Wind,4,3,9/12/2023,1028
Solar,9,8,5/30/2022,2738
Wind,23,22,3/12/2020,8034
Wind,19,18,12/16/2024,3165
Wind,20,19,2/8/2022,2613
Wind,20,19,2/10/2023,1779
Wind,1,0,12/10/2024,11211
Solar,11,10,3/25/2020,5257
Wind,6,5,1/23/2023,4215
Wind,4,3,3/31/2022,3308
Wind,0,23,8/7/2020,2007
Wind,19,18,2/10/2025,6846
Solar,16,15,7/21/2021,6031
Solar,11,10,9/4/2021,2823
Wind,2,1,6/23/2025,4846
Wind,16,15,2/23/2025,13530
Wind,21,20,9/27/2024,10616
Wind,1,0,3/17/2025,5188
Wind,2,1,6/24/2025,2704
Wind,20,19,12/1/2024,7486
Wind,22,21,7/26/2021,1779
Wind,13,12,1/15/2023,19266
Wind,4,3,11/2/2020,9919
Wind,21,20,2/25/2022,2846
Solar,14,13,1/17/2025,5413
Wind,0,23,9/8/2020,895
Wind,19,18,4/12/2021,3967
Wind,1,0,7/27/2021,1566
Wind,1,0,12/17/2020,7100
Wind,1,0,4/9/2023,4433
Solar,17,16,5/1/2022,5604
Wind,16,15,10/23/2023,7230
Wind,17,16,4/6/2024,6760
Wind,0,23,3/25/2021,2424
Wind,12,11,12/29/2020,4941
Wind,4,3,4/9/2020,746
Wind,9,8,6/6/2022,3575
Wind,22,21,5/8/2020,2057
Wind,11,10,2/6/2023,7478
Wind,2,1,3/25/2024,1448
Wind,2,1,6/11/2023,1826
Solar,12,11,1/14/2025,6088
Wind,19,18,2/15/2022,13036
Wind,0,23,2/6/2025,12066
Wind,20,19,12/22/2023,15656
Solar,9,8,7/7/2020,2361
Wind,2,1,7/20/2021,4074
Wind,22,21,12/2/2021,4111
Wind,12,11,10/19/2021,8741
Wind,21,20,2/2/2022,2853
Wind,4,3,8/14/2025,2267
Wind,9,8,5/23/2023,6766
Wind,19,18,4/24/2023,6416
Wind,22,21,8/30/2021,5261
Solar,12,11,11/10/2020,2271
Wind,11,10,10/17/2023,6810
Solar,13,12,8/3/2024,8860
Wind,7,6,9/16/2021,631
Wind,9,8,5/23/2021,5138
Wind,8,7,2/15/2020,6365
Wind,14,13,3/16/2020,3587
Wind,7,6,4/9/2024,13710
Solar,13,12,5/18/2021,5550
Solar,14,13,8/4/2025,13010
Wind,19,18,1/5/2022,3791
Wind,0,23,12/1/2023,4345
Wind,7,6,7/28/2021,3178
Wind,15,14,2/24/2023,5858
Wind,20,19,7/26/2022,4218
Wind,19,18,3/18/2020,380
Wind,8,7,5/18/2025,3318
Wind,9,8,9/30/2023,1568
Wind,9,8,2/20/2020,7848
Wind,21,20,5/16/2022,691
Wind,4,3,5/27/2021,1412
Solar,11,10,2/12/2025,3450
Wind,9,8,9/13/2023,1595
Wind,22,21,6/24/2025,1094
Wind,16,15,8/21/2025,11238
Wind,21,20,9/29/2022,1057
Wind,22,21,5/1/2024,5445
Wind,23,22,12/9/2022,1529
Wind,1,0,11/25/2025,9734
Wind,17,16,10/23/2025,15398
Wind,6,5,3/21/2024,2243
Solar,16,15,5/3/2022,5540
Wind,3,2,1/14/2023,8733
Wind,19,18,10/3/2022,1731
Wind,5,4,10/6/2021,8240
Wind,23,22,1/17/2025,1503
Wind,23,22,7/11/2024,3990
Wind,17,16,2/19/2024,9227
Wind,14,13,3/8/2025,14741
Wind,16,15,10/5/2022,14688
Wind,7,6,11/24/2024,18598
Wind,2,1,5/6/2024,2849
Wind,23,22,4/10/2020,3686
Wind,9,8,7/22/2025,9162
Wind,1,0,10/23/2024,1780
Wind,4,3,11/6/2024,148
Solar,15,14,10/30/2022,5627
Wind,12,11,2/16/2024,9141
Wind,13,12,10/29/2022,9218
Wind,18,17,6/29/2024,5896
Wind,16,15,10/28/2020,11856
Solar,14,13,11/23/2020,2770
Solar,18,17,8/7/2020,2939
Wind,16,15,4/28/2021,4461
Solar,18,17,10/8/2025,4242
Wind,19,18,9/16/2024,8604
Wind,11,10,9/1/2025,8188
Wind,21,20,4/5/2025,6463
Wind,18,17,3/7/2022,7396
Wind,19,18,2/25/2023,8199
Wind,9,8,1/31/2020,5824
Wind,23,22,8/9/2022,7621
Wind,17,16,4/26/2025,4158
Wind,23,22,12/29/2023,10568
Solar,16,15,7/30/2025,9183
Wind,18,17,3/17/2023,8029
Wind,2,1,2/11/2025,5637
Wind,9,8,2/8/2021,1234
Wind,4,3,3/3/2024,2805
Wind,3,2,2/2/2024,3042
Wind,6,5,8/30/2020,3412
Solar,13,12,8/29/2024,6094
Wind,6,5,11/8/2020,4481
Wind,11,10,2/25/2024,11356
Wind,21,20,11/30/2023,1743
Wind,15,14,11/3/2022,10359
Wind,17,16,1/29/2023,2807
Wind,18,17,3/24/2025,3751
Solar,12,11,3/10/2024,4489
Wind,20,19,7/22/2022,2905
Wind,20,19,2/9/2024,9829
Wind,12,11,12/19/2024,17655
Wind,6,5,1/7/2024,7382
Wind,21,20,12/3/2020,12392
Wind,4,3,8/7/2025,930
Wind,4,3,11/15/2025,4692
Wind,10,9,11/2/2022,5751
Wind,19,18,5/12/2024,7203
Wind,21,20,3/1/2021,4546
Solar,15,14,6/25/2025,9154
Wind,20,19,6/12/2022,4471
Solar,16,15,8/9/2024,7538
Wind,23,22,7/17/2022,3664
Wind,5,4,10/7/2023,1842
Wind,20,19,10/26/2025,11977
Solar,14,13,8/1/2024,7736
Wind,13,12,11/14/2022,4986
Wind,10,9,9/6/2025,9528
Wind,1,0,3/1/2023,7633
Wind,22,21,12/13/2024,718
Wind,7,6,9/26/2025,990
Wind,5,4,6/23/2025,5544
Wind,17,16,2/27/2023,16405
Wind,15,14,1/8/2022,15893
Wind,10,9,1/23/2025,7687
Wind,16,15,3/17/2022,5379
Solar,12,11,12/25/2021,2139
Solar,16,15,7/29/2025,11049
Wind,8,7,5/17/2022,3135
Wind,6,5,2/29/2024,7464
Solar,16,15,12/13/2021,1959
Wind,23,22,1/7/2025,6904
Wind,20,19,6/15/2020,3068
Wind,10,9,2/1/2022,9308
Wind,19,18,7/24/2025,7239
Solar,13,12,3/22/2022,8895
Wind,6,5,1/22/2024,16728
Wind,23,22,8/26/2024,1669
Solar,13,12,6/20/2024,5316
Wind,16,15,5/27/2024,8313
Wind,8,7,3/27/2025,4075
Wind,15,14,9/30/2024,17990
Wind,22,21,11/14/2022,6382
Wind,9,8,7/2/2023,2882
Solar,18,17,8/7/2023,8202
Wind,13,12,4/3/2023,11111
Solar,16,15,7/8/2025,12184
Wind,8,7,9/16/2025,9343
Wind,7,6,4/13/2022,1107
Wind,1,0,6/26/2022,2699
Wind,6,5,10/26/2024,2085
Wind,4,3,5/15/2024,2598
Wind,6,5,8/4/2020,2214
Wind,23,22,9/16/2021,842
Wind,2,1,10/29/2024,1733
Wind,18,17,2/20/2025,8149
Wind,9,8,12/18/2023,2271
Wind,22,21,4/21/2025,2788
Solar,17,16,9/21/2022,6437
Wind,17,16,3/11/2025,6371
Solar,12,11,6/23/2023,7189
Wind,10,9,4/6/2023,4765
Wind,5,4,6/7/2025,6797
Wind,20,19,9/20/2025,10122
Wind,2,1,11/30/2022,1058
Wind,7,6,10/30/2025,4783
Wind,9,8,1/21/2025,2522
Wind,16,15,6/2/2024,5303
Wind,7,6,3/23/2025,4373
Wind,5,4,6/10/2024,3938
Solar,15,14,6/12/2025,5717
Wind,6,5,1/2/2025,8804
Solar,16,15,5/13/2021,5509
Solar,19,18,6/17/2022,3404
Wind,0,23,10/13/2025,6944
Wind,9,8,9/16/2020,1013
Wind,8,7,12/18/2022,6542
Wind,6,5,8/3/2024,3203
Wind,16,15,9/26/2020,11741
Wind,7,6,3/29/2020,11027
Wind,9,8,7/1/2020,3679
Wind,8,7,6/19/2023,1807
Wind,0,23,11/2/2021,2889
Wind,4,3,3/1/2022,2612
Wind,0,23,3/17/2021,5240
Solar,15,14,4/26/2022,7982
Wind,0,23,11/15/2021,1107
Wind,20,19,8/18/2023,3018
Wind,1,0,8/15/2025,4269
Wind,20,19,7/9/2020,4573
Wind,22,21,7/25/2022,7106
Solar,13,12,2/6/2023,9036
Wind,4,3,2/4/2025,1737
Wind,6,5,1/10/2020,7774
Wind,8,7,4/25/2023,2753
Wind,0,23,4/8/2024,9139
Solar,17,16,8/11/2020,3542
Wind,9,8,6/2/2025,2742
Wind,22,21,7/29/2022,2125
Wind,14,13,4/4/2024,20481
Wind,23,22,3/1/2021,4978
Wind,22,21,2/20/2025,9773
Wind,20,19,4/16/2020,1414
Wind,18,17,3/28/2025,9362
Wind,2,1,5/21/2021,9817
Wind,8,7,7/13/2020,2341
Wind,4,3,8/31/2024,4579
Wind,10,9,12/9/2024,15224
Solar,14,13,9/2/2023,6760
Wind,22,21,4/14/2024,2636
Wind,1,0,1/9/2020,6309
Wind,9,8,10/19/2020,3178
Wind,20,19,6/29/2023,4840
Wind,20,19,3/8/2022,4726
Wind,5,4,8/16/2025,7037
Solar,15,14,1/6/2022,5505
Wind,23,22,12/8/2021,5949
Wind,6,5,5/29/2023,8702
Wind,20,19,4/29/2022,4185
Wind,14,13,1/21/2024,15113
Wind,3,2,10/28/2021,4894
Wind,20,19,4/21/2025,4219
Wind,7,6,6/27/2020,3501
Wind,4,3,3/18/2025,12324
Wind,2,1,6/15/2025,2950
Wind,17,16,1/28/2023,4875
Wind,1,0,10/21/2024,7969
Wind,11,10,2/7/2023,8915
Wind,19,18,2/12/2021,8474
Wind,18,17,11/6/2025,2204
Solar,18,17,7/12/2025,7623
Wind,14,13,10/6/2021,12605
Wind,15,14,11/10/2025,12527
Wind,3,2,1/10/2023,8206
Wind,1,0,5/8/2022,4571
Wind,21,20,11/25/2024,6940
Wind,22,21,10/26/2020,7511
Wind,1,0,8/16/2022,994
Solar,18,17,4/25/2025,7637
Wind,6,5,10/6/2021,8206
Wind,3,2,11/1/2023,12791
Wind,9,8,3/27/2025,5016
Wind,3,2,10/5/2024,2709
Wind,12,11,2/26/2021,4537
Wind,8,7,10/8/2025,703
Wind,10,9,5/19/2022,5194
Wind,7,6,9/17/2021,638
Wind,21,20,12/16/2021,5347
Solar,20,19,6/24/2023,3126
Solar,12,11,2/9/2023,5239
Wind,6,5,5/13/2024,1791
Wind,11,10,10/4/2025,19412
Solar,9,8,7/17/2025,3408
Wind,6,5,7/6/2022,2998
Wind,5,4,2/11/2020,11863
Wind,3,2,8/20/2024,3228
Wind,3,2,8/29/2022,5234
Wind,9,8,8/21/2021,2289
Wind,5,4,3/22/2022,4874
Wind,6,5,2/25/2024,7291
Solar,13,12,1/17/2025,5260
Wind,18,17,12/8/2022,2074
Wind,2,1,3/27/2024,5339
Wind,21,20,10/29/2022,5791
Wind,6,5,9/25/2023,3360
Wind,4,3,5/29/2025,2576
Wind,4,3,10/14/2021,1743
Solar,16,15,10/11/2023,9015
Wind,12,11,5/20/2023,10266
Solar,11,10,5/27/2022,5628
Wind,2,1,11/26/2020,2773
Wind,8,7,6/29/2021,1489
Wind,1,0,9/30/2023,1029
Solar,14,13,7/7/2023,10199
Wind,6,5,8/18/2021,2082
Solar,14,13,5/30/2020,7142
Wind,14,13,12/3/2023,12003
Wind,10,9,1/5/2024,7892
Solar,19,18,6/5/2024,6522
Wind,4,3,9/4/2020,1556
Wind,20,19,7/20/2023,3428
Wind,1,0,5/15/2020,8261
Wind,14,13,11/23/2021,9773
Wind,0,23,12/22/2021,5802
Wind,12,11,11/13/2023,18876
Wind,21,20,11/25/2023,4410
Solar,8,7,6/29/2023,1265
Wind,8,7,6/1/2025,2320
Wind,3,2,5/5/2023,2941
Solar,15,14,3/25/2021,4960
Solar,12,11,7/7/2021,4779
Wind,6,5,1/6/2022,2049
Wind,2,1,7/16/2024,8767
Wind,3,2,1/24/2024,17178
Wind,1,0,6/26/2020,3797
Solar,13,12,6/24/2020,6632
Wind,17,16,11/30/2023,1216
Wind,21,20,2/6/2020,6009
Wind,1,0,9/5/2022,5892
Solar,18,17,8/6/2025,6728
Wind,5,4,10/27/2023,9172
Wind,12,11,7/24/2023,10535
Wind,23,22,10/14/2021,1373
Wind,19,18,1/12/2023,16129
Wind,1,0,5/31/2021,5070
Wind,20,19,11/4/2021,4199
Solar,12,11,6/20/2024,4899
Solar,19,18,4/26/2023,2020
Wind,0,23,6/29/2025,4676
Wind,8,7,1/23/2020,5287
Wind,3,2,1/30/2022,4507
Solar,17,16,8/3/2022,5552
Wind,23,22,9/13/2024,4252
Wind,20,19,4/25/2023,2273
Wind,9,8,9/25/2022,3110
Wind,21,20,2/2/2025,1338
Wind,2,1,2/16/2024,10687
Wind,8,7,8/28/2025,3117
Wind,19,18,10/26/2023,4654
Wind,18,17,5/18/2021,4730
Solar,9,8,7/18/2020,1804
Solar,13,12,6/22/2024,7746
Wind,5,4,3/17/2025,5414
Solar,17,16,6/25/2021,5149
Solar,15,14,7/26/2022,7335
Solar,19,18,6/10/2025,7100
Wind,9,8,2/16/2025,4873
Wind,14,13,4/7/2022,17696
Wind,22,21,2/3/2020,10771
Wind,9,8,10/17/2024,3165
Solar,14,13,9/3/2024,5281
Wind,7,6,7/10/2024,3100
Solar,14,13,11/26/2023,6070
Wind,7,6,8/13/2024,1141
Wind,4,3,6/7/2024,2329
Wind,1,0,4/29/2025,6877
Wind,4,3,5/23/2024,3036
Solar,15,14,4/21/2021,5592
Wind,16,15,1/14/2020,13814
Wind,22,21,1/24/2025,11590
Wind,17,16,1/8/2020,3069
Wind,21,20,4/7/2023,2704
Wind,7,6,5/23/2020,2524
Wind,7,6,2/11/2020,11631
Wind,11,10,10/6/2020,11206
Wind,17,16,2/24/2022,14179
Solar,8,7,7/6/2023,1340
Wind,9,8,6/6/2025,7508
Wind,0,23,4/6/2021,3992
Wind,22,21,9/14/2025,14751
Wind,23,22,7/20/2023,2071
Wind,5,4,10/24/2021,4056
Wind,4,3,4/3/2025,10072
Solar,12,11,3/12/2025,4529
Wind,17,16,11/27/2020,1662
Wind,5,4,4/15/2022,1294
Wind,3,2,4/25/2023,2620
Wind,4,3,4/30/2024,3529
Wind,23,22,2/21/2025,12234
Wind,4,3,3/10/2022,5858
Solar,17,16,10/10/2023,5527
Wind,2,1,5/17/2025,7119
Wind,11,10,9/29/2023,11544
Wind,0,23,3/12/2024,8268
Wind,7,6,4/24/2022,2801
Wind,21,20,2/7/2025,9209
Wind,2,1,3/11/2022,8811
Wind,1,0,11/13/2021,6028
Wind,16,15,11/21/2025,7003
Wind,2,1,3/26/2024,7721
Wind,9,8,3/21/2025,12665
Solar,15,14,8/15/2024,9758
Wind,18,17,5/28/2025,17702
Wind,22,21,12/23/2023,14387
Wind,12,11,9/17/2022,10410
Solar,11,10,8/4/2024,6165
Wind,8,7,2/1/2024,5460
Wind,7,6,1/3/2023,4994
Solar,18,17,7/15/2022,6073
Wind,3,2,2/1/2020,8897
Wind,6,5,8/26/2022,3140
Wind,13,12,11/25/2024,12182
Wind,22,21,3/30/2023,9358
Solar,16,15,9/8/2025,6288
Wind,11,10,12/4/2020,7773
Wind,23,22,12/24/2024,2401
Wind,8,7,3/5/2023,1899
Wind,2,1,8/11/2020,1697
Solar,11,10,8/26/2022,5642
Wind,21,20,7/6/2022,3478
Wind,22,21,8/22/2024,5770
Wind,4,3,12/6/2022,1862
Wind,7,6,9/1/2020,1006
Wind,13,12,9/19/2023,15144
Wind,16,15,9/9/2021,5383
Wind,14,13,11/2/2022,10158
Wind,19,18,3/5/2025,2008
Wind,23,22,7/22/2023,4175
Solar,15,14,1/5/2020,2952
Wind,8,7,6/26/2025,7668
Wind,5,4,12/18/2023,1948
Wind,0,23,8/6/2025,1318
Solar,13,12,6/26/2021,4649
Wind,7,6,2/2/2022,7485
Wind,8,7,9/18/2024,8921
Wind,2,1,2/25/2025,3638
Wind,22,21,3/14/2022,6052
Wind,12,11,10/29/2022,9396
Solar,18,17,7/19/2024,6264
Solar,17,16,8/21/2022,4951
Wind,21,20,4/10/2023,10159
Wind,12,11,11/28/2023,6161
Wind,8,7,11/4/2021,3133
Wind,0,23,3/9/2020,9741
Wind,18,17,7/10/2020,4992
Wind,11,10,1/16/2025,7073
Wind,2,1,5/19/2025,6109
Solar,12,11,7/7/2022,8621
Wind,14,13,12/10/2020,4035
Solar,12,11,10/12/2023,7762
Wind,16,15,11/29/2024,5912
Wind,2,1,10/5/2021,7372
Wind,17,16,4/15/2025,8585
Wind,0,23,5/1/2021,3890
Wind,5,4,11/16/2025,1691
Wind,13,12,3/9/2023,17554
Wind,20,19,8/27/2024,2062
Wind,10,9,11/3/2021,3955
Wind,0,23,3/5/2022,3949
Wind,23,22,2/28/2020,11274
Wind,11,10,11/23/2023,6141
Wind,15,14,10/27/2020,12379
Wind,6,5,11/24/2024,18615
Wind,6,5,8/6/2021,6003
Wind,0,23,5/19/2020,4187
Wind,7,6,4/4/2025,6856
Wind,1,0,6/17/2025,3635
Wind,11,10,2/21/2025,15847
Wind,0,23,1/21/2022,3197
Wind,16,15,2/5/2024,9118
Wind,18,17,9/15/2021,3067
Wind,9,8,9/21/2025,2363
Wind,10,9,9/6/2024,4227
Wind,1,0,1/18/2024,6778
Wind,20,19,4/17/2020,2302
Wind,6,5,4/11/2023,8115
Wind,21,20,8/21/2023,1191
Solar,14,13,7/14/2023,13917
Wind,6,5,11/3/2025,7218
Wind,22,21,10/17/2021,2556
Solar,13,12,11/30/2024,4832
Wind,22,21,11/25/2023,4113
Wind,14,13,1/31/2021,4830
Wind,5,4,1/28/2023,5832
Wind,10,9,5/26/2024,6474
Wind,21,20,10/26/2024,1387
Wind,18,17,3/23/2025,3278
Wind,8,7,4/30/2022,4322
Wind,7,6,4/20/2022,4805
Wind,7,6,6/2/2021,3681
Wind,0,23,1/24/2024,5801
Wind,16,15,1/1/2023,8841
Wind,11,10,4/3/2023,9447
Wind,0,23,6/16/2024,2819
Wind,6,5,8/3/2025,1935
Wind,12,11,7/30/2023,8461
Wind,17,16,11/18/2024,7512
Wind,5,4,12/24/2024,3896
Wind,6,5,11/18/2023,6173
Wind,11,10,4/18/2023,9947
Wind,11,10,2/18/2020,8878
Wind,10,9,4/4/2025,8435
Wind,2,1,9/14/2022,2222
Wind,7,6,1/29/2020,7788
Wind,3,2,1/28/2024,7220
Wind,23,22,4/10/2023,9987
Wind,18,17,11/26/2025,2667
Wind,18,17,11/14/2021,3983
Wind,0,23,8/29/2020,3146
Wind,0,23,10/20/2021,14105
Wind,15,14,12/18/2022,9866
Wind,0,23,6/12/2023,2822
Wind,3,2,8/26/2020,9996
Wind,17,16,3/26/2024,5861
Wind,14,13,3/21/2021,9194
Wind,8,7,7/17/2021,2997
Solar,14,13,10/17/2021,5154
Wind,5,4,3/26/2022,7484
Solar,17,16,6/29/2022,5599
Wind,20,19,1/1/2020,1181
Wind,6,5,7/20/2024,1022
Wind,5,4,2/14/2020,5436
Wind,18,17,9/10/2025,10232
Solar,19,18,4/25/2025,5940
Wind,20,19,10/20/2021,12501
Wind,13,12,4/16/2021,9475
Wind,17,16,2/21/2022,16981
Wind,21,20,9/3/2025,13651
Solar,18,17,6/7/2020,3557
Solar,12,11,4/27/2023,6242
Wind,21,20,4/10/2021,4730
Wind,11,10,12/4/2021,10684
Wind,20,19,2/24/2020,10886
Wind,12,11,9/9/2021,3730
Wind,2,1,8/22/2020,4830
Wind,1,0,7/22/2023,2780
Wind,4,3,11/23/2022,6841
Wind,11,10,1/10/2024,2553
Wind,3,2,6/9/2025,1980
Wind,23,22,8/6/2022,7359
Wind,3,2,5/24/2024,858
Wind,6,5,6/7/2025,7229
Wind,10,9,6/4/2025,4864
Wind,3,2,7/7/2021,4008
Wind,20,19,1/21/2020,3804
Wind,21,20,11/18/2024,9698
Wind,22,21,7/15/2023,9590
Wind,17,16,6/11/2020,5128
Solar,14,13,8/31/2022,7007
Wind,2,1,1/23/2020,6776
Wind,21,20,4/23/2023,10214
Solar,14,13,9/14/2024,10425
Wind,9,8,6/14/2025,5426
Solar,14,13,5/10/2025,6944
Wind,19,18,11/24/2025,11448
Solar,15,14,6/1/2023,9662
Wind,13,12,7/16/2023,8159
Wind,8,7,4/21/2022,3553
Wind,21,20,10/13/2021,2169
Solar,18,17,9/12/2023,3541
Solar,10,9,3/3/2025,5647
Wind,6,5,11/18/2021,1363
Solar,10,9,10/2/2025,5424
Solar,12,11,8/15/2023,5290
Wind,1,0,8/21/2020,4957
Solar,14,13,1/18/2025,4165
Wind,7,6,12/18/2020,6024
Wind,8,7,9/8/2020,1224
Wind,19,18,9/19/2022,4643
Wind,17,16,1/7/2021,1245
Wind,1,0,10/15/2022,6877
Wind,0,23,10/22/2020,3174
Wind,6,5,5/10/2022,2336
Wind,16,15,11/19/2025,14209
Wind,22,21,4/22/2025,3114
Wind,10,9,9/19/2024,10053
Solar,18,17,6/14/2022,4589
Wind,4,3,1/14/2021,7406
Solar,10,9,4/14/2021,4051
Wind,10,9,12/17/2020,5050
Wind,19,18,4/17/2024,10061
Wind,15,14,11/24/2023,14087
Wind,10,9,1/27/2024,4715
Wind,18,17,11/28/2025,6838
Wind,23,22,11/29/2021,4680
Solar,14,13,2/15/2025,9563
Wind,4,3,8/3/2024,3586
Wind,0,23,2/26/2024,14028
Wind,5,4,10/15/2025,5192
Wind,21,20,1/25/2020,1912
Wind,20,19,10/27/2020,11275
Wind,16,15,9/24/2020,9187
Wind,19,18,5/11/2025,6079
Wind,20,19,1/4/2020,2969
Wind,11,10,9/5/2024,7511
Wind,20,19,6/12/2024,3484
Solar,14,13,11/18/2025,8521
Solar,14,13,9/30/2021,8373
Wind,14,13,1/18/2024,7406
Wind,3,2,4/10/2025,9152
Wind,20,19,1/21/2023,8905
Wind,20,19,10/14/2020,5394
Wind,18,17,3/2/2021,2119
Wind,9,8,9/1/2023,6404
Wind,9,8,2/28/2021,7100
Wind,9,8,6/5/2022,2905
Wind,10,9,9/27/2020,12950
Wind,22,21,11/29/2020,2581
Wind,18,17,1/13/2023,12114
Wind,4,3,12/12/2020,5264
Solar,9,8,6/10/2022,3451
Wind,6,5,9/5/2025,3073
Solar,18,17,5/28/2021,3776
Solar,18,17,8/13/2023,6313
Wind,22,21,11/13/2024,5053
Wind,22,21,5/27/2021,1552
Wind,17,16,3/14/2020,5134
Wind,2,1,11/10/2021,576
Wind,16,15,3/13/2020,6501
Wind,22,21,7/9/2024,2789
Wind,17,16,8/1/2023,15715
Wind,21,20,1/28/2023,3066
Wind,6,5,11/14/2025,12444
Wind,21,20,6/11/2020,3414
Wind,12,11,7/14/2021,8011
Wind,0,23,4/2/2023,6236
Solar,15,14,9/4/2024,4253
Wind,20,19,10/5/2020,9449
Wind,0,23,8/25/2024,2594
Solar,12,11,10/10/2021,4221
Wind,23,22,6/27/2024,3505
Wind,2,1,11/4/2020,1716
Solar,12,11,7/20/2021,6377
Wind,4,3,8/2/2021,1116
Solar,10,9,9/23/2021,2760
Wind,9,8,1/27/2024,3581
Wind,20,19,12/30/2022,15334
Wind,15,14,11/18/2024,9122
Wind,1,0,12/4/2023,12629
Wind,1,0,1/2/2020,1267
Wind,5,4,9/8/2021,5258
Wind,23,22,6/11/2025,6852
Wind,5,4,8/26/2025,4080
Solar,10,9,5/11/2024,6348
Wind,7,6,5/18/2023,5477
Wind,1,0,8/21/2025,3450
Wind,23,22,10/15/2024,10680
Solar,17,16,5/15/2024,5901
Solar,16,15,5/12/2022,6042
Wind,8,7,4/3/2020,1864
Solar,17,16,10/11/2021,5672
Wind,10,9,2/26/2023,17091
Wind,9,8,3/17/2023,8681
Wind,13,12,10/23/2023,9170
Wind,8,7,4/29/2020,4629
Wind,0,23,10/12/2021,3559
Wind,21,20,12/14/2022,2282
Solar,14,13,11/30/2020,3638
Solar,11,10,2/15/2025,8954
Wind,23,22,9/13/2020,2238
Wind,9,8,5/20/2023,6405
Wind,9,8,1/8/2022,7370
Wind,23,22,2/13/2024,10458
Wind,3,2,8/28/2021,4282
Wind,17,16,11/1/2022,11364
Wind,8,7,10/10/2021,1388
Wind,4,3,11/25/2020,6472
Wind,13,12,6/24/2022,7951
Wind,19,18,9/21/2023,6345
Wind,23,22,3/14/2021,10044
Wind,18,17,9/13/2022,4288
Wind,5,4,9/13/2022,1837
Solar,15,14,10/13/2025,12354
Wind,3,2,1/11/2025,1684
Wind,5,4,9/29/2020,1974
Solar,14,13,9/13/2022,6012
Solar,13,12,5/1/2022,6628
Wind,6,5,4/18/2022,3161
Wind,19,18,12/23/2022,13842
Solar,14,13,6/26/2023,10406
Wind,4,3,8/25/2024,5857
Solar,14,13,6/19/2022,10248
Wind,22,21,7/7/2021,1885
Wind,2,1,8/30/2020,2748
Wind,22,21,6/4/2022,4362
Wind,8,7,3/28/2020,2548
Solar,13,12,5/10/2024,11083
Wind,3,2,3/24/2020,6448
Wind,7,6,3/6/2023,1479
Wind,1,0,11/30/2021,6255
Wind,13,12,1/23/2023,7331
Wind,19,18,8/4/2023,7300
Wind,15,14,9/22/2025,8812
Wind,2,1,4/30/2024,3771
Wind,23,22,7/14/2020,1726
Wind,16,15,12/31/2023,18435
Solar,17,16,3/4/2025,4702
Wind,12,11,1/2/2022,11203
Wind,7,6,8/17/2021,1590
Wind,8,7,4/15/2023,7248
Wind,11,10,9/22/2023,8885
Wind,5,4,12/6/2020,3287
Wind,6,5,9/18/2023,6373
Wind,0,23,6/11/2020,4033
Wind,5,4,8/9/2023,2396
Wind,13,12,8/29/2020,4482
Wind,18,17,5/30/2024,12091
Wind,3,2,6/9/2020,3597
Wind,23,22,9/12/2025,6097
Wind,16,15,2/15/2022,13655
Wind,3,2,11/17/2024,4894
Wind,9,8,12/19/2023,8095
Wind,20,19,2/10/2024,7820
Wind,19,18,10/24/2023,3772
Solar,11,10,6/23/2021,3755
Wind,7,6,1/9/2025,12685
Wind,21,20,2/22/2024,17499
Solar,15,14,6/6/2024,8522
Wind,2,1,9/15/2024,3730
Solar,12,11,12/15/2021,3503
Wind,19,18,10/6/2024,8023
Wind,22,21,8/3/2023,4024
Wind,0,23,10/20/2024,8964
Wind,20,19,3/30/2021,1147
Wind,8,7,9/3/2020,2032
Wind,3,2,10/6/2021,8433
Wind,23,22,1/7/2024,11747
Wind,7,6,12/1/2023,2284
Wind,22,21,3/3/2021,1128
Wind,22,21,4/18/2020,1215
Wind,3,2,4/11/2022,9774
Wind,7,6,12/12/2021,5111
Wind,19,18,8/29/2021,6095
Solar,11,10,3/18/2020,3175
Wind,8,7,6/25/2022,2159
Wind,12,11,4/18/2023,11565
Wind,21,20,4/27/2021,1032
Wind,17,16,2/1/2020,11065
Wind,23,22,9/20/2022,2922
Wind,23,22,1/29/2024,9034
Wind,21,20,9/13/2023,1390
Wind,19,18,10/30/2021,4389
Wind,3,2,9/27/2022,6928
Wind,10,9,1/29/2025,13368
Wind,1,0,7/2/2024,3683
Wind,4,3,10/24/2020,6021
Wind,1,0,6/21/2022,5789
Solar,11,10,2/16/2025,7270
Wind,18,17,11/5/2025,12121
Wind,8,7,3/22/2025,8524
Wind,10,9,11/8/2023,12232
Wind,0,23,10/10/2024,2319
Wind,11,10,9/17/2024,14059
Wind,20,19,10/2/2023,5601
Wind,13,12,2/24/2021,8746
Solar,10,9,6/26/2023,6076
Solar,15,14,2/11/2023,5927
Wind,0,23,6/25/2025,5491
Wind,22,21,8/28/2023,3213
Wind,18,17,1/26/2021,3944
Wind,10,9,12/30/2020,3287
Wind,2,1,12/7/2021,8851
Wind,21,20,4/13/2020,10314
Wind,23,22,8/2/2024,4700
Wind,23,22,12/12/2021,1910
Wind,23,22,5/3/2025,5299
Wind,17,16,11/26/2024,3695
Wind,9,8,6/4/2025,3666
Wind,7,6,5/16/2021,4293
Wind,2,1,9/21/2025,7088
Wind,22,21,6/25/2022,2133
Wind,4,3,4/10/2024,6344
Wind,0,23,6/5/2024,1730
Solar,17,16,9/3/2024,4492
Wind,21,20,1/20/2024,8001
Wind,13,12,12/30/2023,12265
Solar,11,10,10/8/2021,5294
Wind,4,3,11/27/2024,11127
Wind,10,9,12/29/2020,4426
Wind,16,15,1/20/2020,6593
Wind,6,5,5/10/2024,4594
Solar,17,16,6/21/2021,4701
Wind,23,22,1/28/2022,3521
Solar,12,11,6/15/2020,4552
Wind,22,21,10/10/2025,4056
Wind,21,20,4/23/2021,5369
Solar,14,13,2/1/2025,6105
Wind,9,8,3/11/2023,4389
Wind,16,15,3/26/2020,8343
Wind,0,23,11/18/2023,11947
Solar,15,14,5/19/2020,5795
Wind,7,6,2/10/2023,629
Wind,18,17,5/5/2021,10312
Wind,21,20,9/22/2024,2722
Wind,13,12,12/29/2020,5039
Solar,13,12,3/25/2020,5870
Wind,18,17,10/4/2020,11028
Wind,12,11,4/9/2024,11478
Wind,10,9,12/29/2021,8302
Solar,12,11,6/22/2024,7321
Wind,22,21,2/23/2025,11852
Wind,0,23,3/4/2024,5856
Wind,9,8,8/7/2021,4137
Solar,14,13,1/27/2024,5520
Wind,7,6,3/4/2024,3881
Wind,0,23,11/20/2024,6132
Solar,11,10,5/19/2020,4412
Wind,11,10,5/24/2021,9548
Solar,9,8,3/6/2024,2257
Wind,3,2,11/2/2022,9453
Wind,2,1,12/1/2024,4016
Wind,20,19,9/9/2024,7981
Wind,2,1,11/29/2024,5147
Wind,21,20,11/29/2023,2256
Wind,15,14,12/29/2022,11907
Solar,12,11,4/14/2025,7730
Wind,6,5,6/30/2023,2493
Wind,4,3,5/4/2022,2101
Wind,2,1,2/23/2020,8085
Solar,13,12,11/27/2020,2867
Wind,3,2,12/31/2023,16903
Wind,5,4,12/13/2022,6726
Wind,4,3,6/8/2025,11586
Wind,3,2,1/28/2021,7021
Solar,13,12,9/6/2020,4167
Wind,15,14,10/30/2020,6293
Wind,5,4,7/15/2023,6081
Wind,10,9,9/19/2020,3664
Wind,22,21,2/22/2021,5226
Wind,13,12,4/7/2022,17815
Wind,2,1,5/10/2022,787
Wind,20,19,10/26/2022,2435
Solar,13,12,6/19/2024,10246
Wind,12,11,1/16/2021,6320
Wind,19,18,5/28/2022,8846
Wind,18,17,10/29/2025,8855
Solar,15,14,5/10/2024,11009
Wind,4,3,3/5/2024,5593
Wind,21,20,2/8/2021,2080
Wind,10,9,4/5/2021,7362
Wind,18,17,10/25/2024,3111
Solar,15,14,8/9/2025,5192
Wind,23,22,8/13/2024,1520
Solar,11,10,6/17/2024,6256
Wind,5,4,4/16/2023,5339
Wind,18,17,7/2/2023,7678
Wind,0,23,6/26/2022,1151
Wind,10,9,9/17/2024,11852
Wind,10,9,12/31/2021,6180
Wind,16,15,12/20/2021,3926
Wind,17,16,9/30/2022,9086
Wind,15,14,11/4/2025,12790
Wind,23,22,3/19/2022,8847
Wind,20,19,5/29/2022,5235
Wind,13,12,9/24/2024,12247
Wind,19,18,12/16/2023,2464
Wind,7,6,11/3/2024,2638
Wind,19,18,11/29/2020,2915
Solar,10,9,9/16/2021,1244
Wind,5,4,3/29/2025,9879
Solar,10,9,7/10/2023,3808
Wind,19,18,12/28/2023,13143
Wind,19,18,12/2/2020,1702
Wind,3,2,9/11/2021,1693
Wind,12,11,10/20/2025,17289
Wind,20,19,10/4/2020,9887
Wind,9,8,5/22/2022,3176
Wind,19,18,4/21/2025,5746
Solar,10,9,4/29/2023,2584
Wind,14,13,11/13/2020,6261
Wind,7,6,4/26/2020,1181
Wind,21,20,11/18/2021,1523
Wind,6,5,11/4/2023,12917
Wind,13,12,1/6/2020,5508
Wind,1,0,2/11/2025,6544
Wind,23,22,9/23/2024,5320
Wind,7,6,7/24/2021,3849
Wind,5,4,5/25/2022,2759
Wind,5,4,10/2/2020,10200
Wind,6,5,6/16/2024,8312
Wind,8,7,3/17/2022,4859
Wind,21,20,7/25/2021,2703
Wind,2,1,8/14/2020,2099
Wind,10,9,2/5/2021,2001
Solar,15,14,10/23/2021,5243
Wind,14,13,10/14/2023,6935
Wind,13,12,1/9/2024,7316
Wind,22,21,6/1/2022,2633
Wind,8,7,11/13/2025,10177
Wind,19,18,12/23/2020,12555
Wind,22,21,3/28/2020,11009
Wind,20,19,3/22/2023,12608
Wind,21,20,12/14/2020,6605
Wind,8,7,10/16/2022,2775
Wind,8,7,12/25/2022,5233
Wind,22,21,5/28/2022,6221
Wind,9,8,7/29/2021,3787
Solar,19,18,6/9/2021,3406
Wind,23,22,6/29/2023,2982
Wind,22,21,11/28/2021,5528
Solar,16,15,9/6/2025,7432
Wind,20,19,11/22/2025,10661
Wind,8,7,8/21/2023,1897
Wind,1,0,10/1/2025,2823
Solar,13,12,6/20/2025,11247
Wind,20,19,1/31/2025,5419
Solar,12,11,7/2/2024,6880
Wind,21,20,2/3/2021,9043
Wind,6,5,1/25/2021,6084
Wind,1,0,3/3/2025,4216
Wind,18,17,5/4/2024,5803
Wind,19,18,9/9/2024,9916
Wind,4,3,9/16/2024,2943
Wind,22,21,7/12/2024,2752
Wind,15,14,11/28/2022,4538
Wind,11,10,3/22/2020,11238
Wind,19,18,2/5/2020,1769
Wind,9,8,11/5/2024,2186
Wind,7,6,8/15/2020,457
Wind,6,5,9/19/2020,4265
Solar,11,10,9/30/2022,4255
Wind,18,17,11/23/2020,620
Solar,14,13,7/22/2024,10243
Wind,7,6,5/18/2024,761
Wind,2,1,8/9/2022,7181
Wind,21,20,9/19/2024,7802
Wind,19,18,5/16/2025,10928
Wind,2,1,8/29/2021,4508
Wind,7,6,5/26/2025,5453
Wind,9,8,2/27/2021,6414
Wind,15,14,2/1/2023,11735
Wind,9,8,11/19/2021,1628
Wind,9,8,9/3/2022,2057
Wind,9,8,10/19/2024,6338
Wind,23,22,6/8/2022,6493
Solar,19,18,6/25/2021,3314
Wind,5,4,9/29/2023,8331
Wind,1,0,9/26/2023,1382
Wind,22,21,3/23/2024,9466
Solar,11,10,6/24/2023,6886
Wind,10,9,8/30/2020,4184
Solar,14,13,9/25/2021,4377
Wind,4,3,2/9/2024,16390
Wind,20,19,7/28/2020,5024
Wind,8,7,8/12/2020,2071
Wind,6,5,5/22/2025,5212
Wind,10,9,10/19/2024,7672
Wind,20,19,11/20/2025,4026
Solar,14,13,7/18/2025,9011
Wind,23,22,1/3/2021,2226
Solar,9,8,6/26/2021,1519
Wind,11,10,11/18/2024,9491
Wind,1,0,8/1/2022,2712
Wind,22,21,4/19/2021,789
Wind,13,12,6/29/2020,8685
Solar,14,13,6/7/2024,6670
Solar,12,11,10/1/2023,6703
Wind,6,5,5/19/2025,5266
Wind,23,22,7/6/2025,6434
Wind,8,7,6/30/2020,3596
Wind,8,7,3/6/2025,9579
Wind,20,19,4/17/2021,6158
Wind,10,9,4/19/2023,7649
Wind,19,18,2/28/2021,5701
Wind,22,21,1/15/2020,4745
Wind,0,23,10/28/2020,11043
Wind,17,16,10/12/2020,3991
Wind,0,23,1/6/2023,8096
Solar,19,18,6/2/2020,2473
Solar,15,14,7/16/2025,16316
Solar,16,15,4/7/2020,5040
Wind,21,20,8/17/2020,1498
Wind,5,4,9/27/2023,480
Wind,1,0,4/28/2022,7345
Wind,5,4,5/15/2023,2885
Wind,17,16,3/30/2022,3581
Wind,1,0,5/15/2025,6342
Wind,7,6,12/31/2021,5824
Solar,14,13,6/2/2025,6203
Wind,16,15,11/30/2021,12500
Wind,20,19,5/28/2022,8020
Wind,17,16,12/19/2024,15633
Wind,6,5,4/20/2024,6858
Wind,0,23,7/4/2021,2638
Wind,3,2,10/24/2021,4189
Wind,22,21,11/29/2025,7062
Wind,0,23,3/25/2024,8777
Wind,0,23,6/5/2022,3380
Wind,13,12,12/21/2020,12640
Wind,5,4,10/18/2021,2664
Solar,11,10,8/17/2022,3428
Solar,12,11,5/8/2022,7322
Wind,1,0,4/30/2025,7318
Wind,23,22,1/31/2022,8147
Wind,3,2,5/19/2022,4815
Wind,3,2,12/15/2020,5470
Wind,16,15,5/1/2024,2385
Wind,13,12,10/14/2022,8105
Wind,2,1,9/12/2024,4725
Wind,2,1,7/17/2021,2929
Wind,18,17,4/23/2023,16075
Solar,13,12,9/25/2022,6161
Wind,13,12,12/1/2024,10028
Wind,22,21,1/21/2024,16235
Wind,0,23,12/31/2024,10602
Wind,1,0,8/2/2025,4160
Wind,13,12,11/9/2022,7650
Wind,23,22,6/16/2024,2549
Solar,15,14,5/28/2020,7591
Wind,18,17,11/24/2025,11121
Wind,4,3,6/23/2021,2688
Solar,10,9,9/4/2022,4056
Wind,7,6,11/21/2021,569
Solar,18,17,5/27/2023,6146
Wind,22,21,9/16/2025,3074
Wind,4,3,3/7/2020,3332
Wind,21,20,9/16/2022,4896
Wind,13,12,4/1/2025,18978
Solar,13,12,3/20/2024,7394
Solar,16,15,4/9/2020,4576
Solar,14,13,5/18/2024,3058
Wind,7,6,10/28/2021,5836
Wind,0,23,3/23/2021,1340
Wind,23,22,5/22/2023,5407
Wind,19,18,6/25/2022,4491
Wind,15,14,4/17/2024,13351
Wind,0,23,7/18/2021,6890
Wind,16,15,4/19/2020,3193
Wind,7,6,10/12/2023,4319
Wind,19,18,3/15/2022,2580
Wind,20,19,1/11/2025,2507
Wind,16,15,10/13/2023,17641
Wind,9,8,3/12/2021,10511
Wind,6,5,4/20/2022,4689
Wind,17,16,11/17/2025,8101
Solar,14,13,4/28/2025,4939
Wind,23,22,5/17/2020,2263
Wind,22,21,4/2/2024,8880
Solar,17,16,5/19/2022,7748
Wind,5,4,12/14/2023,7008
Wind,5,4,7/20/2025,4069
Solar,11,10,7/8/2020,5097
Wind,23,22,4/26/2024,3763
Solar,18,17,8/29/2023,5120
Wind,0,23,11/17/2022,8902
Wind,5,4,11/20/2025,7695
Wind,5,4,7/11/2023,1935
Wind,19,18,1/27/2021,4009
Wind,12,11,10/9/2020,4222
Wind,15,14,11/25/2021,3710
Wind,15,14,12/13/2020,7343
Wind,20,19,6/24/2020,3291
Wind,9,8,10/18/2020,1059
Wind,1,0,4/17/2020,2220
Wind,3,2,10/25/2022,5694
Wind,16,15,3/24/2023,17590
Wind,20,19,9/30/2022,6940
Wind,6,5,6/1/2024,5758
Wind,17,16,11/10/2025,9768
Wind,10,9,2/22/2024,17056
Solar,17,16,9/24/2021,3933
Wind,20,19,11/8/2023,14862
Wind,9,8,7/15/2022,3844
Wind,17,16,4/4/2024,18160
Wind,7,6,8/3/2025,1968
Wind,1,0,8/16/2020,1831
Wind,7,6,10/26/2023,5403
Wind,8,7,7/2/2023,2703
Wind,19,18,12/11/2022,1499
Wind,1,0,12/7/2022,2427
Wind,10,9,5/28/2025,14628
Wind,12,11,7/4/2024,11596
Solar,15,14,6/20/2020,4334
Wind,20,19,10/27/2025,9625
Wind,13,12,2/21/2021,9016
Wind,15,14,1/3/2025,5219
Wind,1,0,2/13/2025,1016
Wind,18,17,6/23/2021,4314
Wind,1,0,8/17/2020,2055
Solar,13,12,8/12/2023,7944
Wind,12,11,1/22/2025,6748
Wind,15,14,9/14/2025,7618
Solar,11,10,11/8/2021,3832
Wind,0,23,1/3/2021,2060
Wind,7,6,6/15/2021,1647
Solar,17,16,11/1/2024,1612
Wind,12,11,11/25/2024,12852
Wind,18,17,2/21/2021,5918
Wind,17,16,5/15/2020,5825
Wind,6,5,11/19/2023,11783
Wind,22,21,6/10/2021,1475
Solar,16,15,7/18/2022,7346
Wind,5,4,11/22/2021,8247
Wind,16,15,1/18/2022,4530
Wind,4,3,7/16/2025,7222
Wind,21,20,1/27/2022,3833
Wind,4,3,3/29/2024,10394
Solar,19,18,8/23/2025,5153
Wind,20,19,3/4/2023,3414
Wind,5,4,4/25/2022,3390
Wind,22,21,5/25/2020,2713
Wind,13,12,6/6/2025,7272
Wind,1,0,1/6/2020,2280
Wind,19,18,6/30/2023,8277
Solar,9,8,9/3/2024,1421
Solar,13,12,8/10/2024,4442
Wind,21,20,2/12/2024,3368
Wind,0,23,7/16/2023,2997
Wind,20,19,4/5/2025,6203
Solar,17,16,8/15/2022,7560
Wind,22,21,3/28/2021,2629
Wind,22,21,7/2/2024,3140
Wind,10,9,10/14/2021,3533
Wind,23,22,3/22/2020,9398
Solar,14,13,4/12/2021,6529
Wind,2,1,4/3/2020,2592
Wind,13,12,11/28/2022,4959
Wind,10,9,10/22/2020,5024
Wind,4,3,3/15/2021,10923
Wind,21,20,11/13/2025,12001
Wind,6,5,4/5/2022,6452
Solar,15,14,4/28/2021,4079
Wind,7,6,7/24/2022,969
Wind,8,7,9/14/2020,2828
Wind,5,4,6/15/2020,2126
Wind,20,19,11/1/2020,11879
Solar,10,9,8/16/2022,2904
Wind,5,4,7/26/2021,1922
Wind,19,18,4/4/2022,11731
Solar,15,14,12/13/2024,2515
Wind,16,15,5/28/2020,7608
Wind,7,6,9/18/2022,2221
Solar,13,12,8/22/2024,7995
Solar,13,12,5/26/2022,6717
Wind,4,3,9/14/2025,4181
Wind,9,8,9/14/2020,3313
Wind,20,19,3/16/2025,5740
Wind,21,20,10/1/2021,4953
Wind,2,1,4/21/2023,3355
Solar,13,12,9/6/2022,6967
Wind,22,21,3/13/2020,1697
Wind,3,2,4/10/2022,1338
Solar,11,10,1/30/2022,2888
Wind,16,15,10/21/2022,8982
Solar,10,9,3/4/2021,1941
Wind,16,15,1/22/2024,16804
Wind,1,0,1/16/2025,3652
Wind,13,12,11/13/2021,5041
Wind,21,20,6/23/2022,1923
Solar,15,14,12/16/2023,4910
Wind,4,3,4/11/2022,9882
Wind,15,14,10/29/2021,11979
Wind,8,7,7/9/2020,1479
Wind,16,15,4/25/2021,8987
Wind,20,19,10/9/2020,2696
Solar,14,13,11/19/2021,3762
Wind,7,6,12/30/2022,11436
Wind,0,23,6/13/2023,5004
Wind,3,2,3/10/2020,12278
Solar,11,10,4/14/2025,6031
Solar,12,11,4/30/2024,7683
Solar,17,16,9/12/2022,5140
Wind,15,14,10/20/2022,8558
Wind,1,0,11/30/2023,2128
Wind,0,23,1/6/2020,5850
Solar,19,18,6/13/2021,3933
Wind,16,15,12/7/2024,19810
Wind,2,1,4/10/2025,10031
Wind,11,10,2/21/2021,9217
Wind,5,4,9/20/2022,2045
Wind,0,23,9/14/2025,15838
Solar,14,13,6/25/2020,5081
Wind,19,18,3/10/2022,4082
Solar,11,10,6/14/2025,4291
Wind,1,0,10/20/2021,10970
Wind,22,21,8/8/2021,3163
Wind,6,5,2/5/2023,4222
Wind,3,2,8/9/2021,2945
Solar,9,8,5/12/2025,3901
Wind,2,1,4/19/2024,5665
Wind,0,23,4/18/2025,9612
Wind,17,16,1/6/2023,6433
Wind,20,19,7/17/2020,2771
Wind,0,23,7/26/2023,3577
Wind,3,2,1/23/2024,12747
Solar,11,10,6/25/2020,3414
Wind,17,16,6/1/2024,6915
Wind,9,8,4/23/2024,4892
Wind,7,6,7/16/2020,1388
Wind,7,6,5/28/2020,3981
Wind,8,7,4/5/2020,7671
Wind,7,6,1/11/2020,2912
Solar,14,13,6/25/2021,5806
Wind,15,14,1/27/2020,9340
Solar,10,9,6/12/2022,3891
Solar,12,11,9/5/2024,7606
Wind,2,1,10/12/2021,3046
Wind,22,21,5/29/2025,1207
Wind,2,1,5/31/2022,2019
Wind,22,21,10/18/2025,6350
Wind,11,10,2/23/2021,9360
Solar,12,11,7/5/2021,7031
Wind,18,17,9/13/2025,12059
Solar,9,8,3/22/2024,4072
Wind,8,7,12/24/2024,3075
Wind,4,3,6/9/2024,3734
Wind,14,13,1/9/2021,6317
Wind,13,12,6/5/2020,13242
Wind,14,13,9/4/2025,14863
Wind,17,16,12/18/2023,2994
Wind,7,6,7/9/2025,1676
Solar,18,17,9/14/2024,7606
Wind,20,19,6/20/2025,4544
Wind,19,18,2/11/2022,1753
Wind,17,16,4/14/2020,8019
Solar,12,11,11/23/2023,7232
Solar,9,8,5/6/2023,2948
Wind,2,1,6/9/2021,1569
Wind,7,6,8/25/2020,3959
Solar,16,15,2/28/2022,5659
Wind,18,17,3/12/2024,10459
Wind,22,21,7/23/2024,2927
Wind,1,0,7/19/2024,1662
Wind,15,14,2/23/2024,15612
Solar,11,10,9/3/2022,4020
Wind,2,1,3/13/2023,14233
Wind,8,7,4/13/2024,2307
Wind,21,20,7/30/2021,8655
Wind,10,9,1/22/2025,6315
Wind,0,23,11/6/2022,11081
Solar,10,9,5/15/2022,5538
Wind,11,10,10/9/2024,11747
Wind,19,18,3/24/2020,4898
Wind,14,13,12/29/2023,15847
Wind,1,0,7/1/2024,2760
Wind,20,19,11/24/2021,2095
Wind,0,23,7/13/2024,334
Wind,15,14,12/1/2021,11647
Wind,23,22,4/26/2020,457
Wind,0,23,8/16/2024,1612
Solar,15,14,4/14/2025,9083
Wind,18,17,5/17/2021,13497
Solar,16,15,9/19/2021,5286
Wind,0,23,10/24/2025,14144
Solar,17,16,10/2/2023,7676
Wind,7,6,4/14/2020,6514
Solar,14,13,2/5/2020,3963
Wind,23,22,10/21/2025,6166
Wind,8,7,4/1/2022,9016
Wind,5,4,3/21/2020,7299
Wind,12,11,1/2/2023,6422
Wind,22,21,2/20/2021,12255
Solar,11,10,8/24/2025,4112
Solar,12,11,5/6/2022,6911
Wind,8,7,11/12/2024,10329
Wind,8,7,12/8/2022,1250
Wind,20,19,4/30/2020,11566
Wind,23,22,5/8/2021,5551
Wind,2,1,4/20/2020,5535
Wind,3,2,1/18/2022,2430
Wind,1,0,2/9/2025,3868
Wind,8,7,12/28/2023,13513
Wind,12,11,1/29/2022,9867
Wind,9,8,11/23/2022,9532
Wind,11,10,10/19/2025,10350
Solar,8,7,5/14/2025,1719
Wind,2,1,11/19/2023,11829
Wind,11,10,10/22/2022,5156
Wind,4,3,7/28/2025,4437
Wind,6,5,8/19/2023,3735
Wind,1,0,12/15/2024,4485
Wind,6,5,1/11/2021,2139
Wind,20,19,5/2/2021,1824
Solar,11,10,11/12/2022,5330
Solar,12,11,5/18/2024,4830
Wind,4,3,1/24/2020,2178
Solar,13,12,8/7/2024,7806
Wind,8,7,12/19/2023,7637
Solar,10,9,7/29/2022,1886
Wind,8,7,4/10/2024,3567
Wind,22,21,1/8/2021,934
Wind,5,4,11/10/2024,728
Wind,4,3,3/23/2021,2297
Wind,8,7,3/18/2024,2408
Wind,8,7,7/18/2023,3248
Wind,20,19,5/15/2025,11522
Solar,15,14,5/6/2022,6812
Solar,13,12,5/17/2025,5378
Wind,20,19,1/25/2023,1865
Wind,21,20,11/6/2023,9476
Solar,11,10,6/4/2023,7001
Solar,14,13,4/17/2023,10082
Wind,16,15,2/21/2021,7525
Wind,10,9,2/15/2021,11289
Wind,6,5,8/3/2023,12714
Wind,10,9,5/27/2025,13251
Wind,6,5,5/24/2023,6672
Wind,8,7,12/16/2024,7127
Wind,6,5,9/2/2022,1940
Solar,14,13,4/16/2025,7798
Wind,14,13,6/6/2020,10873
Solar,10,9,8/20/2024,6256
Wind,19,18,11/13/2024,5201
Wind,5,4,3/21/2023,4145
Solar,13,12,4/29/2022,6673
Wind,15,14,3/18/2023,10327
Solar,15,14,5/27/2020,6923
Wind,16,15,11/8/2020,2718
Wind,3,2,9/14/2022,1837
Wind,2,1,12/15/2021,1197
Wind,23,22,12/8/2020,2543
Wind,7,6,7/29/2025,2489
Wind,1,0,12/26/2020,3607
Wind,5,4,11/6/2020,6681
Wind,14,13,3/31/2023,21624
Wind,22,21,4/2/2023,7144
Wind,3,2,1/11/2022,2621
Wind,21,20,3/16/2020,1348
Solar,14,13,8/26/2021,8454
Wind,10,9,7/5/2023,10340
Wind,9,8,5/3/2022,3293
Wind,5,4,8/10/2021,1235
Wind,15,14,8/22/2020,11599
Wind,4,3,5/6/2022,3327
Solar,14,13,8/26/2025,10719
Solar,18,17,9/24/2021,2890
Wind,18,17,1/3/2023,8994
Wind,8,7,10/9/2023,1140
Wind,0,23,3/15/2022,4205
Wind,19,18,10/25/2022,4686
Solar,12,11,12/30/2024,2963
Wind,18,17,3/10/2023,11697
Solar,14,13,5/6/2023,7109
Wind,10,9,10/10/2020,2717
Wind,19,18,2/19/2023,2222
Solar,15,14,9/13/2022,5433
Wind,4,3,10/15/2023,2777
Wind,2,1,1/1/2022,3210
Wind,13,12,5/14/2021,7647
Wind,0,23,11/4/2025,12730
Wind,4,3,1/29/2024,7443
Wind,11,10,1/13/2025,7719
Wind,22,21,7/6/2023,868
Wind,22,21,3/14/2020,3347
Wind,16,15,12/24/2023,17075
Wind,2,1,4/6/2025,9135
Wind,4,3,10/3/2024,5240
Wind,23,22,3/6/2022,7705
Wind,19,18,9/7/2022,4483
Wind,18,17,1/4/2024,11934
Solar,9,8,3/24/2021,2756
Wind,12,11,3/31/2023,20332
Wind,17,16,2/14/2021,9781
Wind,23,22,11/29/2020,2194
Wind,4,3,5/23/2025,3654
Wind,19,18,2/28/2024,3872
Wind,9,8,8/13/2020,1977
Wind,8,7,2/10/2022,5427
Wind,21,20,5/22/2020,2791
Wind,6,5,3/7/2020,2626
Wind,23,22,2/28/2025,7187
Solar,11,10,6/17/2023,5207
Wind,22,21,10/8/2022,2338
Solar,17,16,4/26/2020,2886
Wind,0,23,1/21/2025,7139
Solar,18,17,5/18/2024,5382
Wind,21,20,10/24/2023,5052
Wind,2,1,9/27/2025,475
Wind,2,1,6/2/2025,3073
Wind,0,23,10/13/2021,2129
Wind,16,15,2/25/2022,8739
Wind,11,10,12/24/2023,17796
Wind,8,7,11/19/2025,11799
Wind,22,21,4/29/2023,2588
Wind,14,13,4/23/2023,15150
Solar,11,10,9/13/2021,3635
Wind,5,4,8/17/2020,1804
Wind,17,16,3/13/2020,5262
Wind,19,18,7/18/2021,9318
Wind,18,17,9/1/2025,10390
Solar,17,16,5/25/2020,5450
Wind,18,17,11/10/2024,1524
Solar,14,13,9/30/2022,7262
Wind,20,19,5/18/2021,3940
Wind,21,20,8/10/2024,1226
Wind,5,4,3/25/2021,1928
Solar,12,11,10/30/2025,9665
Wind,2,1,10/26/2022,7207
Solar,14,13,8/27/2020,6251
Solar,15,14,4/27/2021,3324
Wind,9,8,5/7/2025,7619
Solar,12,11,6/26/2024,6737
Wind,8,7,8/9/2023,1969
Solar,18,17,1/25/2022,267
Wind,3,2,9/3/2020,978
Wind,0,23,2/11/2020,9400
Wind,2,1,7/9/2022,3653
Solar,14,13,8/4/2024,4818
Wind,5,4,6/25/2022,3209
Wind,5,4,12/7/2024,18556
Wind,9,8,9/4/2020,1720
Wind,20,19,1/1/2022,5238
Wind,3,2,5/8/2023,1701
Wind,20,19,4/22/2021,5590
Wind,1,0,2/17/2021,9265
Wind,7,6,3/3/2020,4440
Wind,16,15,11/8/2023,16223
Wind,3,2,8/14/2023,1693
Wind,6,5,1/10/2023,7343
Wind,21,20,12/22/2021,5561
Wind,3,2,8/10/2024,1755
Wind,15,14,11/14/2023,16988
Solar,16,15,3/17/2024,6096
Wind,17,16,9/7/2021,6840
Wind,22,21,11/16/2025,4414
Wind,23,22,7/15/2020,1874
Wind,22,21,10/8/2025,2608
Wind,0,23,6/9/2025,605
Wind,4,3,7/14/2020,2443
Wind,7,6,10/9/2022,4887
Wind,2,1,5/28/2020,5340
Solar,16,15,12/25/2021,1223
Wind,22,21,8/2/2023,15855
Wind,0,23,1/9/2021,5323
Wind,23,22,2/7/2022,4802
Wind,0,23,10/24/2022,7058
Wind,17,16,5/24/2025,14446
Wind,9,8,1/11/2022,2912
Wind,4,3,12/21/2022,5032
Wind,11,10,12/17/2024,5491
Wind,14,13,1/30/2021,8786
Wind,17,16,10/4/2020,11664
Solar,18,17,5/29/2025,8272
Wind,11,10,11/25/2024,12969
Wind,14,13,1/26/2020,4437
Wind,23,22,3/3/2023,5574
Solar,15,14,6/2/2025,6266
Wind,4,3,6/24/2022,1971
Wind,1,0,3/20/2024,1924
Wind,18,17,10/12/2023,5820
Wind,2,1,9/24/2022,1028
Wind,22,21,2/6/2020,5819
Wind,3,2,6/9/2024,3682
Wind,11,10,4/19/2020,2602
Wind,15,14,9/28/2022,6080
Wind,15,14,11/28/2025,8799
Wind,0,23,10/5/2024,8967
Wind,22,21,7/24/2020,1760
Wind,17,16,10/16/2022,6721
Wind,23,22,11/6/2020,7139
Wind,0,23,7/2/2021,1585
Solar,16,15,4/13/2022,3628
Solar,15,14,8/2/2025,12313
Wind,23,22,6/25/2023,5338
Wind,8,7,11/30/2024,3505
Wind,1,0,10/2/2023,2764
Wind,22,21,4/14/2021,5104
Wind,16,15,11/7/2025,6222
Wind,22,21,2/1/2020,9608
Wind,15,14,4/5/2020,8682
Wind,5,4,12/27/2022,4483
Wind,4,3,12/28/2022,11901
Wind,11,10,1/6/2024,6893
Solar,12,11,3/22/2021,6284
Wind,20,19,11/26/2022,6123
Solar,16,15,6/9/2025,4475
Wind,3,2,11/1/2021,8845
Solar,13,12,7/18/2023,6978
Wind,17,16,1/22/2022,3284
Wind,4,3,6/2/2021,4114
Wind,20,19,9/30/2025,2032
Solar,16,15,12/5/2022,2037
Wind,2,1,2/25/2022,7621
Wind,7,6,11/5/2021,2977
Wind,13,12,2/20/2025,12416
Wind,0,23,4/30/2024,3046
Wind,10,9,10/4/2024,5064
Solar,14,13,4/30/2022,8450
Wind,1,0,2/9/2020,7722
Wind,4,3,3/9/2024,10327
Solar,14,13,6/24/2025,6338
Wind,8,7,6/21/2020,2762
Wind,3,2,4/22/2022,5531
Wind,10,9,10/26/2025,10764
Wind,3,2,12/9/2024,13556
Wind,13,12,1/2/2024,18685
Wind,1,0,5/1/2023,1652
Wind,9,8,5/10/2020,2008
Wind,23,22,11/1/2025,9691
Wind,0,23,7/4/2023,10440
Wind,15,14,5/13/2023,10482
Solar,10,9,6/25/2020,2861
Wind,13,12,1/9/2020,12336
Wind,7,6,8/28/2024,2229
Wind,8,7,2/28/2022,3898
Wind,11,10,7/13/2021,5260
Wind,18,17,12/5/2020,6409
Wind,8,7,3/12/2020,8370
Wind,4,3,4/30/2021,1412
Solar,10,9,9/18/2022,4392
Wind,10,9,10/29/2025,7423
Wind,0,23,4/16/2023,3665
Wind,0,23,5/9/2024,5021
Wind,19,18,9/30/2020,3257
Solar,18,17,4/29/2022,5493
Wind,10,9,11/10/2023,15079
Wind,1,0,8/18/2025,7156
Wind,8,7,5/12/2020,4993
Wind,2,1,9/3/2022,1685
Wind,19,18,8/9/2021,5509
Wind,14,13,3/13/2020,7874
Wind,19,18,5/12/2022,3488
Solar,15,14,8/8/2024,9623
Wind,16,15,10/30/2025,8417
Wind,0,23,9/15/2021,1024
Solar,15,14,4/12/2024,4676
Wind,9,8,6/9/2020,3222
Wind,19,18,11/12/2021,4225
Wind,5,4,3/1/2025,6922
Solar,19,18,5/21/2022,2628
Wind,2,1,8/28/2025,2454
Wind,6,5,7/27/2025,1786
Solar,17,16,7/20/2021,5834
Wind,7,6,6/28/2022,1388
Wind,5,4,9/21/2025,5062
Wind,3,2,11/3/2024,3552
Wind,10,9,11/19/2024,18956
Wind,2,1,10/22/2024,3568
Wind,19,18,4/22/2020,2865
Wind,11,10,10/13/2023,15112
Solar,13,12,10/12/2023,8411
Solar,15,14,5/5/2022,6026
Wind,17,16,12/22/2020,6752
Solar,11,10,7/7/2024,5126
Wind,23,22,4/28/2022,5002
Wind,22,21,3/19/2022,9680
Wind,20,19,2/5/2025,3259
Wind,17,16,3/30/2020,12305
Wind,21,20,10/6/2024,8224
Wind,0,23,7/18/2025,3802
Wind,14,13,6/22/2021,7084
Wind,21,20,3/9/2025,2682
Wind,4,3,7/6/2020,5654
Wind,1,0,1/21/2023,5918
Wind,4,3,10/20/2025,11753
Wind,15,14,5/9/2021,11238
Wind,22,21,9/10/2023,2358
Wind,7,6,8/4/2024,1962
Wind,9,8,2/20/2023,3465
Solar,10,9,10/6/2025,4871
Wind,1,0,10/31/2020,1716
Wind,4,3,6/2/2022,4245
Wind,21,20,7/1/2021,1001
Solar,12,11,10/5/2024,8795
Solar,13,12,8/21/2023,6981
Wind,16,15,10/31/2023,10888
Wind,18,17,12/24/2020,9299
Wind,1,0,10/29/2024,2034
Wind,7,6,1/20/2020,5969
Wind,3,2,7/27/2022,2863
Wind,23,22,9/23/2023,1134
Wind,22,21,5/17/2023,7154
Wind,14,13,5/15/2021,10329
Wind,1,0,10/24/2021,3903
Wind,8,7,5/23/2025,3940
Wind,18,17,7/31/2023,16164
Wind,8,7,10/11/2023,2966
Solar,19,18,5/1/2022,3553
Wind,8,7,7/10/2025,2663
Wind,6,5,1/5/2024,10179
Wind,1,0,9/8/2020,1596
Wind,21,20,3/23/2023,13963
Wind,3,2,4/1/2023,16591
Wind,16,15,2/18/2025,9155
Wind,13,12,10/14/2020,5761
Wind,1,0,8/21/2024,7150
Wind,5,4,11/13/2025,11401
Solar,16,15,9/19/2022,7972
Wind,23,22,7/26/2023,2678
Wind,8,7,1/14/2021,7248
Wind,3,2,12/1/2020,7535
Wind,7,6,2/27/2024,11867
Wind,6,5,1/13/2020,2719
Wind,1,0,1/7/2022,9092
Solar,16,15,10/3/2022,5116
Wind,1,0,11/15/2022,6758
Wind,6,5,9/1/2022,2865
Wind,3,2,7/27/2021,1685
Solar,14,13,7/11/2021,5042
Solar,11,10,3/29/2022,3254
Wind,14,13,4/3/2024,18128
Wind,8,7,4/19/2023,6823
Wind,4,3,10/25/2021,2690
Wind,21,20,6/18/2023,4451
Wind,22,21,2/14/2023,4662
Wind,23,22,3/23/2025,1259
Solar,18,17,6/27/2025,9125
Solar,13,12,8/28/2022,8898
Wind,6,5,7/11/2023,1999
Wind,9,8,9/9/2020,1078
Solar,19,18,6/28/2024,4290
Solar,10,9,7/29/2020,2120
Solar,17,16,7/9/2023,6674
Wind,19,18,3/16/2024,1211
Solar,11,10,5/14/2023,6013
Wind,3,2,6/13/2025,1801
Wind,6,5,11/9/2022,8441
Wind,7,6,4/6/2022,5141
Solar,16,15,8/8/2025,4706
Wind,8,7,10/4/2025,17338
Wind,3,2,10/25/2020,10696
Wind,9,8,7/18/2021,4398
Solar,19,18,8/13/2021,2862
Wind,23,22,11/4/2023,14865
Wind,21,20,10/27/2020,10606
Wind,22,21,3/5/2023,1000
Wind,1,0,11/14/2022,3434
Wind,23,22,9/10/2020,2229
Wind,16,15,4/20/2024,8412
Wind,12,11,2/15/2021,12188
Wind,12,11,4/24/2024,9813
Wind,10,9,3/14/2023,17911
Wind,17,16,2/8/2022,4263
Wind,16,15,1/8/2025,12406
Wind,3,2,12/4/2023,13067
Wind,22,21,6/29/2025,2788
Wind,1,0,11/21/2025,4327
Solar,12,11,7/18/2021,7976
Wind,6,5,12/18/2024,13902
Solar,12,11,12/28/2024,4030
Solar,14,13,8/4/2020,5530
Solar,12,11,9/21/2024,7327
Wind,3,2,3/25/2020,6439
Wind,18,17,5/9/2021,11507
Wind,18,17,7/30/2023,12058
Solar,14,13,7/4/2022,5745
Wind,10,9,7/5/2021,4747
Solar,14,13,2/13/2023,6722
Wind,6,5,9/27/2020,11489
Wind,23,22,8/26/2025,2770
Wind,20,19,1/28/2025,19186
Wind,21,20,9/5/2023,1711
Wind,20,19,6/6/2020,7194
Wind,1,0,9/21/2023,11271
Wind,5,4,1/6/2021,1309
Solar,18,17,6/21/2021,4642
Wind,2,1,4/30/2020,6717
Wind,7,6,12/5/2024,11663
Wind,7,6,8/11/2022,4434
Wind,18,17,4/3/2023,10376
Wind,3,2,10/9/2024,11147
Solar,15,14,11/5/2021,3837
Wind,16,15,2/19/2020,7030
Solar,16,15,3/21/2024,6064
Wind,4,3,5/4/2021,13060
Wind,3,2,7/20/2020,2745
Wind,13,12,4/21/2020,5274
Wind,23,22,9/28/2021,5083
Wind,9,8,11/16/2023,8890
Wind,11,10,11/16/2023,10601
Solar,13,12,9/5/2021,4826
Solar,11,10,10/30/2024,4815
Wind,8,7,10/14/2021,1998
Wind,12,11,11/27/2024,18995
Solar,15,14,7/19/2022,11456
Wind,8,7,3/18/2020,920
Wind,21,20,8/2/2020,3476
Wind,23,22,10/8/2023,914
Wind,1,0,1/18/2021,2046
Wind,6,5,5/1/2023,2281
Solar,14,13,3/27/2023,7984
Wind,18,17,9/12/2024,9890
Solar,12,11,6/27/2021,2797
Solar,11,10,4/29/2023,3294
Wind,21,20,2/14/2020,5101
Wind,21,20,5/28/2020,4584
Wind,22,21,10/23/2020,5272
Wind,12,11,2/9/2021,3261
Solar,18,17,5/18/2020,4683
Wind,6,5,2/16/2020,11933
Wind,6,5,1/17/2021,5132
Wind,16,15,8/22/2020,11377
Wind,16,15,12/2/2023,3287
Wind,7,6,11/19/2024,17507
Wind,0,23,1/20/2022,5476
Wind,5,4,8/12/2021,537
Wind,0,23,4/12/2022,2391
Wind,2,1,9/20/2024,6934
Wind,7,6,7/24/2020,1623
Wind,9,8,7/31/2023,10483
Solar,16,15,5/7/2021,5300
Wind,16,15,6/19/2022,12780
Wind,22,21,4/26/2020,507
Solar,10,9,5/2/2023,5328
Solar,11,10,11/6/2021,4862
Wind,10,9,1/11/2022,3441
Solar,13,12,5/26/2023,12036
Wind,10,9,9/22/2024,3944
Wind,10,9,9/4/2023,7654
Wind,1,0,5/3/2022,5334
Solar,13,12,6/15/2025,3841
Wind,7,6,12/18/2021,6087
Solar,12,11,8/2/2021,4320
Wind,7,6,8/16/2025,7143
Solar,15,14,6/29/2025,4565
Wind,8,7,2/21/2022,14866
Wind,22,21,6/7/2025,11062
Wind,16,15,4/20/2025,4558
Wind,3,2,7/23/2023,9075
Wind,16,15,2/21/2025,15714
Wind,20,19,10/19/2022,7944
Wind,1,0,1/27/2024,1873
Wind,9,8,2/11/2021,6113
Wind,22,21,2/13/2023,2677
Wind,9,8,12/6/2024,13192
Wind,6,5,1/29/2023,1135
Wind,6,5,4/22/2023,4828
Wind,17,16,2/14/2025,7129
Wind,0,23,10/24/2021,3283
Wind,9,8,9/29/2025,2578
Wind,11,10,1/20/2020,6095
Solar,14,13,1/26/2022,3768
Wind,1,0,4/6/2020,7724
Wind,4,3,1/31/2020,7998
Wind,6,5,8/31/2022,2234
Wind,2,1,4/1/2023,16915
Wind,16,15,11/1/2022,13662
Wind,23,22,7/30/2024,2503
Wind,20,19,4/8/2025,2749
Wind,21,20,9/10/2024,11651
Wind,10,9,10/31/2020,8194
Solar,10,9,5/7/2024,5090
Wind,1,0,4/19/2021,1780
Wind,19,18,3/12/2023,9795
Wind,10,9,11/19/2023,13588
Solar,15,14,2/14/2023,6281
Wind,0,23,10/8/2020,3679
Wind,19,18,12/4/2024,3938
Wind,6,5,8/2/2022,1216
Wind,3,2,9/5/2021,570
Wind,21,20,1/3/2024,17729
Solar,12,11,6/2/2023,10821
Wind,15,14,12/5/2024,16998
Wind,3,2,5/29/2022,6015
Wind,18,17,8/3/2023,9503
Solar,12,11,8/31/2020,4591
Wind,14,13,1/27/2021,5439
Wind,9,8,8/1/2020,2389
Wind,6,5,7/13/2021,2739
Wind,5,4,12/5/2021,7154
Wind,21,20,11/4/2022,6038
Solar,12,11,10/10/2022,4346
Wind,7,6,12/8/2023,4441
Wind,0,23,11/19/2023,12031
Wind,23,22,2/19/2024,4808
Wind,19,18,3/11/2024,6774
Wind,22,21,12/2/2022,6439
Solar,14,13,9/15/2024,6509
Solar,13,12,5/13/2025,4040
Wind,4,3,8/16/2024,3495
Solar,19,18,7/4/2022,4726
Wind,23,22,12/17/2021,7175
Wind,18,17,5/3/2022,4686
Wind,20,19,11/1/2022,11571
Wind,2,1,10/23/2025,18781
Wind,8,7,6/2/2020,1582
Wind,7,6,7/30/2023,5034
Wind,11,10,10/18/2024,3726
Wind,18,17,1/24/2021,7785
Solar,19,18,6/7/2024,3850
Wind,7,6,9/17/2022,5298
Wind,15,14,8/1/2023,16261
Wind,3,2,8/9/2024,4379
Wind,1,0,4/1/2025,10918
Wind,9,8,10/12/2020,1885
Wind,18,17,12/29/2021,13972
Wind,14,13,9/20/2025,14676
Wind,12,11,1/20/2023,5568
Wind,4,3,10/16/2025,4675
Wind,10,9,10/24/2024,6471
Wind,21,20,11/19/2021,1780
Wind,13,12,12/16/2021,5603
Wind,8,7,5/8/2022,3729
Wind,9,8,11/18/2024,8868
Wind,4,3,7/22/2024,3600
Solar,10,9,11/10/2021,1404
Wind,22,21,4/30/2021,1194
Wind,0,23,11/15/2024,1734
Wind,6,5,6/4/2021,1719
Wind,23,22,3/16/2020,1639
Wind,21,20,1/20/2022,5362
Wind,8,7,3/12/2022,6226
Wind,19,18,10/29/2025,8314
Wind,6,5,9/26/2021,2237
Solar,16,15,7/8/2022,9095
Wind,1,0,12/4/2021,9482
Wind,0,23,10/13/2023,14400
Wind,23,22,11/18/2023,12095
Wind,7,6,11/7/2023,6851
Wind,20,19,9/2/2022,1443
Wind,10,9,2/23/2024,15039
Wind,5,4,9/5/2020,2634
Wind,7,6,11/1/2025,14454
Wind,20,19,11/18/2025,7882
Solar,18,17,5/27/2021,3912
Wind,16,15,2/11/2021,8683
Wind,21,20,8/31/2022,2951
Solar,16,15,6/21/2023,4753
Wind,23,22,8/30/2022,3271
Wind,21,20,10/11/2021,3153
Wind,0,23,10/7/2023,3526
Wind,0,23,8/27/2020,7497
Solar,10,9,7/22/2021,2992
Wind,2,1,8/1/2024,1611
Wind,22,21,6/1/2021,3763
Solar,15,14,9/21/2021,5163
Wind,6,5,9/9/2024,8521
Wind,13,12,1/31/2025,8937
Wind,7,6,6/3/2025,2426
Solar,13,12,6/25/2021,5768
Wind,8,7,6/18/2022,2323
Wind,19,18,2/26/2023,15728
Wind,22,21,3/11/2022,10519
Solar,18,17,6/1/2022,5214
Wind,8,7,6/19/2022,6948
Wind,11,10,9/8/2022,8695
Wind,2,1,8/2/2022,1310
Wind,2,1,11/26/2024,6445
Wind,7,6,12/13/2023,7828
Wind,21,20,7/12/2025,3909
Wind,19,18,10/16/2022,4704
Wind,22,21,4/12/2020,2322
Wind,17,16,12/25/2023,12230
Wind,18,17,6/18/2021,9367
Wind,2,1,10/18/2023,10499
Solar,12,11,1/12/2022,4584
Wind,23,22,4/29/2023,2714
Wind,0,23,9/21/2021,3306
Solar,13,12,8/8/2023,9733
Wind,5,4,8/1/2021,2348
Wind,22,21,2/10/2020,12959
Wind,5,4,10/31/2020,3069
Wind,18,17,12/31/2024,9036
Wind,5,4,10/28/2023,11930
Wind,2,1,7/19/2025,4635
Wind,20,19,9/15/2023,2659
Wind,8,7,7/12/2021,2324
Wind,14,13,11/28/2020,3710
Wind,15,14,1/10/2023,15777
Wind,2,1,12/13/2021,1678
Wind,14,13,12/23/2021,8130
Wind,10,9,12/13/2024,2960
Wind,4,3,4/19/2022,2818
Wind,0,23,8/30/2023,3483
Wind,23,22,3/14/2023,5023
Wind,19,18,5/6/2022,4837
Wind,9,8,3/23/2025,5996
Wind,4,3,1/16/2022,1801
Wind,1,0,8/26/2023,2861
Wind,4,3,4/17/2025,2565
Solar,11,10,4/10/2025,10273
Wind,22,21,8/23/2021,5030
Wind,16,15,11/21/2023,7176
Wind,20,19,8/18/2024,5352
Wind,4,3,11/4/2024,2776
Wind,3,2,8/7/2021,3294
Wind,16,15,11/27/2022,6839
Wind,3,2,3/27/2021,9516
Wind,23,22,3/12/2022,9748
Wind,6,5,10/17/2025,5096
Solar,18,17,4/10/2025,10743
Wind,1,0,8/21/2022,791
Wind,7,6,2/11/2021,5196
Wind,0,23,3/31/2021,1435
Wind,7,6,6/19/2020,1906
Wind,14,13,2/26/2020,13169
Wind,12,11,10/21/2023,20374
Wind,9,8,11/7/2023,8207
Wind,1,0,7/29/2025,3104
Wind,11,10,2/19/2020,7379
Wind,14,13,4/3/2023,11458
Wind,20,19,2/25/2021,1854
Wind,3,2,2/25/2021,5371
Solar,12,11,9/28/2024,8533
Wind,15,14,2/22/2023,3581
Solar,12,11,3/5/2025,9526
Wind,2,1,9/11/2023,2249
Wind,21,20,12/6/2020,1761
Wind,15,14,10/3/2025,11497
Wind,5,4,11/28/2022,4489
Wind,23,22,5/3/2020,705
Wind,14,13,2/19/2021,8744
Wind,17,16,1/16/2020,9123
Solar,14,13,11/18/2021,3746
Wind,7,6,12/13/2022,6219
Wind,13,12,5/26/2021,10892
Wind,23,22,5/28/2020,6074
Wind,23,22,5/16/2022,599
Wind,11,10,2/8/2021,2084
Solar,13,12,8/25/2022,6443
Wind,1,0,3/12/2024,5402
Wind,22,21,3/8/2022,5703
Wind,23,22,4/6/2025,10147
Wind,22,21,12/1/2023,5091
Wind,14,13,2/1/2024,3991
Wind,6,5,3/19/2021,5515
Wind,3,2,11/22/2020,2036
Wind,7,6,1/29/2023,1089
Wind,0,23,2/3/2020,10296
Wind,23,22,8/22/2025,3100
Wind,22,21,12/30/2023,14946
Wind,7,6,6/14/2020,2981
Solar,12,11,5/20/2025,7909
Solar,20,19,5/27/2021,1951
Solar,13,12,11/28/2024,5112
Wind,21,20,6/12/2025,2592
Wind,5,4,12/2/2021,6595
Wind,2,1,4/6/2023,1240
Wind,22,21,8/29/2022,5149
Wind,3,2,4/22/2024,7693
Wind,22,21,4/7/2022,13300
Wind,9,8,8/17/2020,2329
Wind,1,0,4/8/2020,3294
Wind,3,2,6/27/2022,1132
Wind,14,13,11/8/2022,13921
Wind,2,1,7/27/2024,418
Wind,17,16,8/5/2025,7613
Wind,11,10,5/1/2020,8012
Wind,6,5,6/22/2022,3322
Wind,1,0,1/10/2020,9719
Wind,4,3,2/26/2024,9462
Wind,19,18,8/3/2023,7651
Wind,1,0,11/6/2020,7462
Solar,19,18,5/12/2025,4886
Wind,7,6,2/4/2023,2724
Wind,17,16,9/8/2021,5846
Wind,20,19,2/16/2023,7525
Solar,9,8,5/12/2022,1922
Wind,1,0,11/12/2025,13071
Solar,12,11,7/7/2020,4694
Wind,14,13,3/18/2021,6015
Wind,8,7,8/2/2020,2829
Wind,9,8,1/28/2020,12847
Wind,1,0,10/6/2023,1366
Solar,11,10,6/27/2024,5860
Solar,13,12,8/30/2024,8694
Wind,6,5,11/22/2025,4673
Wind,14,13,1/8/2024,11588
Solar,13,12,8/10/2025,4763
Wind,11,10,4/30/2024,6800
Solar,13,12,9/5/2024,7713
Wind,6,5,6/18/2024,2850
Wind,23,22,8/11/2020,1326
Wind,5,4,11/18/2024,9025
Wind,22,21,3/3/2025,4149
Solar,10,9,6/16/2020,2228
Wind,12,11,11/5/2023,19077
Wind,10,9,7/10/2020,4371
Wind,19,18,10/29/2023,12320
Wind,2,1,6/25/2020,3877
Wind,3,2,11/27/2023,7464
Wind,23,22,9/10/2023,2837
Wind,23,22,3/25/2024,8875
Wind,3,2,11/11/2021,1151
Solar,11,10,9/21/2020,1691
Wind,22,21,1/17/2021,2503
Wind,21,20,6/16/2024,3886
Wind,6,5,5/25/2020,2382
Wind,7,6,9/30/2025,1558
Wind,7,6,2/19/2025,8798
Wind,23,22,11/18/2022,3150
Wind,11,10,1/4/2021,2038
Solar,14,13,6/4/2022,5744
Solar,11,10,12/14/2021,2182
Wind,3,2,6/14/2025,5142
Solar,9,8,7/11/2024,2417
Solar,14,13,3/31/2025,12362
Wind,7,6,1/6/2025,18722
Wind,9,8,12/16/2021,2732
Wind,23,22,6/12/2021,2432
Wind,18,17,7/9/2020,6646
Wind,19,18,2/18/2022,13238
Wind,15,14,2/13/2021,9991
Wind,8,7,12/16/2021,2497
Wind,9,8,12/15/2024,6048
Solar,11,10,7/10/2021,3276
Wind,19,18,11/29/2025,10196
Wind,22,21,2/10/2021,4420
Solar,13,12,7/29/2024,10129
Wind,10,9,1/20/2023,3401
Solar,17,16,9/10/2022,7701
Wind,17,16,12/23/2022,15011
Wind,5,4,12/9/2023,9880
Wind,17,16,3/19/2023,6813
Wind,5,4,11/30/2020,1329
Wind,5,4,5/24/2021,8666
Wind,10,9,1/27/2022,5055
Wind,1,0,10/19/2022,5532
Wind,20,19,1/17/2023,4973
Wind,19,18,10/13/2025,7387
Solar,13,12,5/1/2025,5191
Wind,22,21,7/2/2020,3656
Solar,12,11,5/14/2022,5901
Wind,2,1,9/4/2024,1022
Wind,4,3,5/16/2021,4872
Wind,10,9,2/24/2022,9070
Wind,4,3,11/6/2025,8939
Wind,18,17,1/28/2023,3752
Wind,2,1,4/5/2023,2623
Wind,19,18,3/8/2024,9798
Wind,6,5,9/9/2022,8652
Wind,12,11,6/23/2025,7643
Wind,3,2,3/4/2024,3900
Wind,9,8,2/21/2025,13537
Wind,11,10,10/31/2023,9320
Wind,3,2,8/11/2024,3520
Wind,15,14,12/12/2023,11858
Wind,7,6,1/18/2021,2493
Wind,5,4,8/3/2024,3502
Solar,10,9,5/17/2025,6696
Wind,19,18,11/14/2021,4424
Wind,5,4,6/20/2023,3307
Wind,8,7,3/21/2022,4387
Wind,14,13,4/19/2020,3115
Wind,5,4,7/6/2024,8305
Wind,0,23,5/14/2023,4043
Wind,3,2,12/19/2022,12288
Wind,15,14,9/23/2020,8545
Wind,5,4,4/20/2024,6904
Wind,22,21,7/21/2020,4406
Wind,4,3,4/25/2020,1779
Wind,5,4,6/10/2023,2713
Wind,18,17,2/11/2024,12006
Solar,13,12,7/6/2022,7683
Wind,20,19,2/5/2022,9947
Wind,0,23,5/28/2020,6736
Wind,3,2,9/17/2025,2575
Solar,9,8,8/8/2025,3228
Wind,23,22,3/9/2020,8872
Wind,22,21,3/11/2024,6066
Solar,18,17,5/14/2025,7679
Wind,2,1,2/4/2020,10533
Solar,19,18,8/11/2020,2040
Wind,18,17,10/13/2023,15965
Solar,20,19,6/16/2022,1895
Wind,9,8,12/8/2020,2188
Solar,15,14,3/29/2021,5986
Solar,10,9,6/15/2025,3778
Solar,13,12,1/20/2024,6835
Wind,0,23,2/17/2025,3993
Wind,8,7,12/3/2021,6171
Wind,9,8,5/30/2023,9640
Wind,16,15,2/3/2020,8538
Wind,13,12,1/22/2025,6417
Wind,22,21,12/27/2021,12569
Wind,12,11,11/8/2020,3996
Wind,22,21,9/20/2023,10365
Wind,18,17,3/11/2024,8030
Wind,10,9,7/16/2024,11662
Wind,20,19,3/26/2025,3745
Wind,2,1,2/18/2023,5595
Solar,17,16,7/18/2024,7212
Wind,5,4,5/8/2020,2082
Wind,17,16,9/18/2023,14252
Solar,13,12,8/10/2023,7330
Wind,20,19,9/7/2020,2004
Wind,17,16,10/3/2020,6727
Wind,3,2,5/26/2021,5529
Wind,5,4,1/23/2022,1749
Solar,10,9,6/14/2022,4214
Wind,10,9,1/20/2021,12999
Wind,7,6,4/1/2025,10967
Wind,13,12,2/15/2020,11448
Solar,11,10,3/24/2022,5742
Wind,2,1,9/5/2025,4105
Wind,13,12,1/12/2023,18306
Wind,20,19,11/6/2022,11005
Wind,18,17,3/8/2022,3785
Wind,23,22,12/24/2020,7846
Solar,16,15,9/10/2020,2992
Wind,2,1,4/28/2024,10254
Wind,1,0,5/9/2020,2676
Wind,13,12,12/3/2020,9711
Wind,1,0,7/20/2024,1818
Wind,1,0,8/10/2021,1225
Solar,15,14,4/25/2024,7534
Wind,20,19,10/12/2021,3353
Wind,12,11,6/13/2020,4955
Wind,8,7,7/31/2023,9176
Wind,16,15,2/7/2020,5046
Wind,4,3,4/8/2025,2900
Wind,17,16,10/29/2022,6799
Solar,14,13,3/17/2020,2613
Wind,20,19,7/16/2025,7811
Wind,22,21,11/9/2025,5570
Wind,19,18,8/15/2021,8013
Wind,9,8,8/31/2020,2550
Wind,8,7,2/10/2020,11091
Wind,4,3,3/20/2022,5262
Wind,7,6,2/16/2022,14791
Wind,23,22,10/17/2022,1822
Wind,3,2,3/28/2025,2114
Wind,2,1,6/7/2020,3654
Wind,6,5,8/17/2020,1922
Solar,9,8,4/22/2025,2305
Wind,4,3,9/6/2021,1319
Wind,1,0,9/4/2024,1181
Wind,21,20,1/20/2025,1179
Solar,14,13,7/13/2020,4705
Solar,16,15,6/3/2021,3805
Wind,9,8,4/9/2025,5564
Solar,16,15,7/25/2024,9796
Wind,22,21,9/13/2020,1634
Wind,4,3,7/18/2024,2282
Wind,12,11,6/16/2024,7228
Wind,8,7,1/15/2025,2998
Wind,11,10,4/12/2023,11551
Solar,16,15,9/30/2023,6238
Wind,13,12,10/31/2025,13978
Wind,16,15,2/20/2025,10442
Wind,5,4,12/7/2021,5875
Wind,3,2,12/19/2021,3858
Wind,7,6,9/11/2021,1304
Wind,4,3,7/13/2022,1284
Wind,2,1,7/26/2025,2898
Wind,14,13,5/6/2025,15086
Wind,8,7,12/20/2022,13290
Wind,0,23,8/28/2020,2992
Wind,8,7,1/20/2023,2459
Wind,21,20,2/19/2024,5970
Solar,14,13,6/26/2021,4853
Wind,16,15,5/29/2024,11061
Wind,3,2,6/13/2021,3335
Wind,3,2,8/26/2024,2474
Wind,21,20,6/10/2021,1433
Wind,22,21,9/12/2020,1498
Wind,3,2,2/14/2022,13708
Solar,16,15,7/14/2022,9365
Wind,3,2,9/1/2022,3710
Wind,9,8,7/25/2023,6136
Solar,16,15,6/27/2025,11359
Wind,4,3,5/26/2024,4941
Wind,1,0,4/4/2022,1493
Wind,4,3,10/24/2021,4122
Wind,22,21,11/11/2021,870
Wind,4,3,12/15/2020,4872
Wind,18,17,1/8/2022,15073
Wind,23,22,7/23/2020,1571
Wind,23,22,7/18/2020,1461
Wind,17,16,12/12/2021,2570
Wind,10,9,4/5/2022,6905
Wind,6,5,7/17/2023,2324
Wind,8,7,4/20/2020,5618
Wind,8,7,1/18/2021,2566
Wind,19,18,8/24/2021,11067
Wind,9,8,1/28/2021,13948
Wind,22,21,2/27/2020,7033
Wind,16,15,5/4/2025,7299
Solar,10,9,9/1/2020,2103
Wind,8,7,11/11/2024,3528
Solar,12,11,10/24/2021,6109
Wind,6,5,11/11/2022,3169
Wind,2,1,1/8/2020,5852
Wind,5,4,1/13/2021,3236
Solar,15,14,8/10/2021,5787
Wind,3,2,4/2/2025,15114
Wind,18,17,3/1/2021,3239
Wind,10,9,11/30/2022,2060
Wind,19,18,1/14/2020,12733
Solar,11,10,10/12/2020,3235
Wind,21,20,3/29/2024,5982
Solar,16,15,10/12/2025,11438
Wind,4,3,12/21/2020,6804
Solar,16,15,9/16/2024,10670
Solar,13,12,4/7/2023,7303
Wind,17,16,7/21/2024,8390
Solar,14,13,10/31/2024,4724
Wind,14,13,2/21/2020,8359
Wind,20,19,9/1/2021,6601
Wind,21,20,3/10/2024,1487
Wind,17,16,8/12/2020,3514
Wind,5,4,8/26/2023,3719
Wind,10,9,3/2/2022,3208
Wind,9,8,1/3/2022,9363
Solar,12,11,2/13/2025,4235
Wind,9,8,4/10/2024,3966
Wind,20,19,3/22/2021,2676
Wind,11,10,1/10/2025,5399
Solar,16,15,10/6/2023,6868
Solar,16,15,4/29/2024,7027
Wind,6,5,7/13/2024,896
Wind,16,15,11/14/2021,4245
Wind,11,10,12/10/2023,14883
Wind,20,19,6/13/2022,2895
Wind,8,7,9/21/2024,3743
Wind,3,2,7/9/2025,1777
Solar,14,13,8/18/2024,10781
Wind,8,7,2/3/2023,6517
Wind,18,17,12/12/2021,2137
Wind,2,1,5/10/2021,7851
Wind,21,20,6/24/2022,6156
Wind,4,3,3/17/2020,1308
Solar,9,8,7/24/2024,2606
Wind,4,3,10/27/2023,8707
Solar,11,10,8/17/2025,9267
Wind,17,16,9/17/2020,8119
Wind,6,5,9/30/2025,1392
Wind,8,7,10/3/2024,7039
Wind,8,7,3/28/2021,3564
Wind,0,23,7/17/2025,1610
Solar,11,10,2/26/2022,7670
Solar,16,15,7/3/2025,9564
Wind,19,18,3/7/2025,5888
Wind,5,4,8/8/2024,1215
Wind,9,8,9/23/2023,3488
Solar,12,11,4/28/2021,2519
Solar,15,14,9/10/2022,8766
Wind,9,8,3/31/2025,5433
Wind,5,4,7/16/2024,8021
Wind,12,11,8/20/2025,7286
Wind,14,13,1/6/2023,8675
Wind,21,20,8/17/2023,1803
Wind,6,5,3/15/2024,9919
Wind,1,0,12/4/2020,12195
Wind,5,4,12/21/2021,2850
Wind,23,22,6/9/2024,5084
Solar,9,8,6/14/2022,3413
Wind,7,6,8/27/2023,2812
Wind,13,12,1/6/2025,18898
Wind,21,20,3/6/2020,4508
Wind,13,12,12/30/2021,9277
Wind,7,6,12/6/2022,1632
Wind,2,1,6/21/2024,1325
Wind,22,21,2/1/2025,4191
Wind,19,18,7/14/2020,4409
Wind,20,19,7/1/2020,5201
Wind,23,22,3/21/2023,8110
Solar,9,8,4/14/2025,2139
Wind,13,12,2/27/2022,10044
Wind,14,13,11/5/2020,6887
Wind,6,5,3/10/2020,12041
Solar,18,17,6/1/2025,3175
Wind,3,2,1/26/2025,9972
Wind,14,13,4/30/2020,11987
Wind,3,2,12/14/2024,1157
Wind,16,15,4/15/2025,7968
Wind,3,2,10/30/2020,7489
Wind,1,0,2/8/2021,1406
Wind,5,4,3/9/2022,3581
Wind,16,15,2/22/2022,14388
Wind,20,19,1/16/2024,3128
Wind,12,11,11/30/2023,2419
Wind,15,14,1/21/2022,6986
Wind,3,2,10/13/2022,1361
Wind,0,23,6/17/2022,1592
Wind,7,6,11/17/2024,3941
Wind,3,2,7/18/2020,1339
Wind,9,8,9/25/2024,5967
Wind,6,5,3/29/2022,2891
Wind,20,19,6/17/2020,2095
Wind,19,18,6/29/2024,6554
Wind,11,10,10/30/2020,7419
Wind,20,19,2/19/2021,7404
Wind,5,4,1/1/2024,8838
Wind,7,6,12/27/2022,4019
Wind,11,10,11/1/2021,10079
Wind,22,21,8/28/2020,3247
Wind,20,19,8/27/2020,6475
Wind,21,20,10/5/2022,7845
Wind,5,4,2/6/2020,2972
Wind,12,11,2/9/2024,13564
Wind,0,23,5/17/2024,679
Solar,11,10,4/8/2021,3570
Wind,2,1,11/4/2025,8203
Wind,7,6,11/18/2022,7697
Wind,7,6,3/24/2020,5924
Wind,4,3,2/24/2020,3562
Wind,1,0,9/9/2020,935
Solar,13,12,8/3/2025,6177
Wind,19,18,1/24/2023,2989
Wind,4,3,10/31/2020,2492
Solar,15,14,8/14/2024,6071
Wind,16,15,4/27/2024,11873
Wind,0,23,4/26/2024,4435
Wind,2,1,5/11/2020,9243
Wind,7,6,7/2/2022,1275
Wind,16,15,11/2/2023,15875
Wind,17,16,8/15/2021,8032
Wind,17,16,7/10/2020,5447
Wind,10,9,2/18/2020,8247
Wind,3,2,1/17/2025,2010
Solar,15,14,9/29/2025,9018
Wind,4,3,2/10/2025,3590
Wind,1,0,11/2/2024,1203
Wind,21,20,1/7/2023,14522
Wind,8,7,12/30/2022,13456
Wind,0,23,2/29/2020,11760
Wind,21,20,3/17/2021,5952
Wind,21,20,4/15/2025,9714
Wind,21,20,6/20/2023,1917
Wind,18,17,2/20/2021,12274
Wind,20,19,5/25/2022,8041
Wind,9,8,12/27/2021,7212
Wind,2,1,10/20/2024,3018
Wind,22,21,5/14/2025,6080
Wind,13,12,2/20/2022,17314
Wind,2,1,4/18/2021,4779
Wind,1,0,1/30/2024,8113
Wind,2,1,2/7/2021,5123
Wind,7,6,10/31/2025,9628
Wind,8,7,7/3/2025,4571
Wind,22,21,5/26/2022,4299
Wind,6,5,4/9/2024,9097
Wind,15,14,8/13/2020,4931
Wind,20,19,10/31/2024,1060
Solar,15,14,4/25/2025,10245
Wind,14,13,12/11/2024,7435
Wind,8,7,5/20/2022,3605
Wind,12,11,5/31/2020,8533
Wind,8,7,12/21/2024,7750
Wind,10,9,11/1/2022,11756
Wind,4,3,6/12/2022,3211
Wind,19,18,1/3/2022,7791
Wind,19,18,8/13/2025,3943
Wind,6,5,7/6/2021,9578
Solar,14,13,10/12/2025,12629
Wind,22,21,6/7/2024,1472
Wind,13,12,12/9/2022,3667
Wind,21,20,3/15/2021,5856
Solar,14,13,2/8/2023,6888
Solar,11,10,7/9/2022,5963
Solar,16,15,3/2/2025,9877
Wind,7,6,7/16/2023,5414
Wind,10,9,1/6/2022,2549
Wind,10,9,8/29/2022,4856
Wind,3,2,4/21/2025,4052
Wind,3,2,8/14/2025,2821
Wind,18,17,11/2/2023,15676
Wind,11,10,5/2/2024,9667
Wind,11,10,8/3/2023,12494
Wind,1,0,3/5/2020,5038
Wind,20,19,1/6/2024,8024
Wind,7,6,5/19/2022,3839
Wind,9,8,1/28/2024,9911
Wind,10,9,1/23/2021,6788
Wind,4,3,1/5/2024,11144
Wind,18,17,3/29/2020,13938
Wind,15,14,11/13/2020,5605
Wind,5,4,8/30/2025,4869
Wind,20,19,8/17/2022,2033
Solar,9,8,5/31/2022,1676
Wind,10,9,10/18/2022,3002
Wind,9,8,12/3/2020,5211
Solar,14,13,1/11/2022,5143
Wind,4,3,2/24/2022,4329
Wind,10,9,9/2/2021,5745
Wind,1,0,9/10/2020,1794
Solar,12,11,5/2/2022,6127
Wind,6,5,3/8/2025,10697
Wind,2,1,10/16/2024,11010
Wind,21,20,7/17/2025,1801
Wind,11,10,12/1/2023,3234
Wind,15,14,11/12/2023,9888
Wind,19,18,9/3/2023,6935
Solar,16,15,1/17/2022,2716
Wind,9,8,4/26/2023,2693
Wind,18,17,4/1/2021,6463
Solar,10,9,5/28/2023,5108
Solar,15,14,3/27/2022,6871
Wind,3,2,4/13/2025,9132
Wind,22,21,10/18/2021,4845
Wind,23,22,9/9/2022,5803
Wind,7,6,11/14/2025,12793
Wind,4,3,2/27/2020,5876
Solar,14,13,7/7/2020,5278
Wind,16,15,12/18/2023,3980
Wind,2,1,9/28/2023,4548
Wind,8,7,6/28/2024,2990
Wind,6,5,10/20/2020,9659
Wind,4,3,4/27/2021,4738
Wind,16,15,4/6/2024,8363
Wind,17,16,4/28/2021,4670
Solar,18,17,10/2/2025,4982
Solar,15,14,9/14/2020,5167
Wind,7,6,6/24/2023,2771
Wind,12,11,10/21/2020,15183
Wind,18,17,8/1/2025,11333
Wind,0,23,2/23/2022,3212
Solar,13,12,7/24/2021,5662
Wind,5,4,12/10/2023,14688
Wind,6,5,4/19/2020,2422
Wind,4,3,4/24/2021,7172
Wind,10,9,4/21/2020,5012
Wind,17,16,10/12/2023,8100
Wind,3,2,11/16/2025,2155
Wind,14,13,1/7/2022,12803
Wind,6,5,11/16/2023,4723
Wind,2,1,6/18/2020,1643
Wind,7,6,8/3/2024,2972
Solar,9,8,6/24/2024,4072
Wind,17,16,5/18/2023,9570
Solar,18,17,4/24/2020,3015
Wind,0,23,9/19/2024,8303
Wind,19,18,12/18/2021,6095
Wind,9,8,8/9/2024,6545
Wind,15,14,1/31/2025,9041
Solar,16,15,3/28/2021,6562
Wind,21,20,6/8/2024,3640
Wind,20,19,10/16/2024,10396
Wind,14,13,3/3/2020,2627
Wind,23,22,11/21/2024,6234
Wind,8,7,12/6/2020,2388
Solar,14,13,4/21/2022,7316
Solar,14,13,9/1/2023,9763
Solar,14,13,1/29/2023,4709
Solar,14,13,4/27/2022,9899
Solar,13,12,12/6/2023,4011
Wind,5,4,2/11/2023,1810
Wind,20,19,5/23/2021,7087
Wind,14,13,1/13/2023,17620
Wind,9,8,10/21/2020,12602
Solar,10,9,11/11/2021,2291
Wind,22,21,2/28/2023,6877
Wind,13,12,3/10/2023,20267
Wind,2,1,11/15/2021,3350
Solar,14,13,8/27/2022,7247
Wind,20,19,9/26/2025,408
Solar,12,11,10/18/2025,10166
Wind,7,6,9/4/2022,2242
Wind,23,22,5/14/2020,8480
Wind,22,21,11/20/2021,256
Wind,3,2,3/19/2022,11653
Wind,20,19,7/27/2023,7081
Solar,17,16,9/29/2022,3391
Wind,21,20,10/30/2020,2316
Wind,18,17,1/18/2020,1821
Wind,9,8,11/18/2023,10478
Wind,20,19,4/28/2025,4874
Wind,2,1,8/25/2022,2568
Wind,11,10,1/29/2020,8131
Wind,5,4,2/28/2024,2938
Wind,8,7,8/14/2021,1499
Wind,5,4,2/1/2025,3300
Wind,18,17,1/8/2025,15551
Wind,6,5,7/19/2020,717
Wind,2,1,4/15/2024,2526
Wind,4,3,10/7/2020,8655
Wind,10,9,5/13/2021,6445
Wind,7,6,8/21/2024,3751
Wind,12,11,1/9/2023,16471
Solar,13,12,7/12/2021,4206
Wind,4,3,7/17/2021,2660
Wind,15,14,2/8/2021,2189
Wind,18,17,12/21/2024,17785
Solar,19,18,8/11/2023,4743
Wind,5,4,10/26/2025,9938
Wind,20,19,10/17/2020,554
Wind,7,6,11/11/2025,7784
Wind,5,4,4/25/2021,8220
Wind,23,22,8/13/2022,3130
Wind,6,5,10/23/2023,5937
Wind,1,0,6/8/2021,1392
Wind,15,14,2/7/2021,6165
Solar,17,16,5/12/2025,4127
Wind,2,1,1/20/2024,3446
Wind,16,15,4/5/2022,10520
Solar,15,14,6/9/2023,7100
Wind,0,23,4/5/2025,9012
Wind,15,14,11/22/2025,12287
Wind,18,17,7/22/2025,11630
Wind,3,2,11/5/2022,3089
Wind,4,3,9/17/2021,696
Wind,15,14,10/13/2020,6661
Wind,22,21,4/8/2025,4246
Wind,9,8,3/8/2025,12302
Wind,4,3,10/14/2025,6169
Wind,4,3,12/7/2022,2533
Wind,9,8,5/29/2020,4079
Wind,12,11,10/4/2021,6850
Wind,12,11,12/15/2024,9368
Wind,4,3,4/26/2025,5053
Wind,0,23,8/19/2020,4393
Wind,22,21,1/17/2022,1708
Wind,7,6,7/2/2021,434
Wind,20,19,4/9/2024,12447
Wind,0,23,11/10/2022,3646
Wind,20,19,2/12/2023,3488
Solar,19,18,7/13/2022,4749
Solar,14,13,4/24/2025,9198
Wind,18,17,12/20/2021,3168
Wind,8,7,5/29/2024,6284
Wind,0,23,2/3/2024,5376
Wind,19,18,9/1/2021,7759
Wind,23,22,8/19/2023,1054
Wind,1,0,9/22/2022,2751
Solar,15,14,1/18/2020,2528
Wind,1,0,4/8/2021,851
Solar,10,9,10/5/2023,3037
Wind,4,3,8/31/2022,2669
Wind,19,18,3/12/2022,8732
Wind,0,23,7/20/2022,1815
Wind,20,19,4/29/2023,2892
Wind,3,2,7/30/2022,1439
Wind,23,22,5/13/2021,2605
Wind,22,21,10/16/2021,1291
Wind,8,7,10/15/2020,3910
Solar,13,12,6/6/2023,8646
Wind,6,5,8/8/2025,1437
Solar,11,10,7/26/2025,7998
Wind,3,2,2/20/2022,11206
Wind,3,2,11/28/2025,8628
Solar,14,13,6/28/2021,3922
Wind,4,3,9/19/2021,3519
Wind,20,19,9/28/2023,2552
Solar,15,14,5/13/2024,6831
Wind,3,2,5/18/2021,5406
Solar,17,16,8/1/2024,8661
Wind,3,2,9/12/2024,4472
Wind,1,0,2/5/2022,5210
Wind,8,7,8/15/2021,1301
Wind,7,6,7/31/2025,2301
Wind,17,16,1/27/2021,4041
Wind,5,4,11/9/2022,8537
Wind,3,2,12/22/2020,12189
Wind,1,0,12/8/2023,7878
Solar,16,15,11/10/2021,1760
Wind,11,10,5/11/2021,4076
Wind,15,14,2/15/2022,13683
Wind,8,7,4/8/2020,2012
Wind,1,0,4/10/2021,4391
Wind,3,2,6/7/2021,1350
Wind,1,0,5/13/2021,4479
Wind,21,20,3/8/2021,2882
Wind,9,8,11/6/2020,6743
Wind,1,0,3/16/2025,10187
Wind,14,13,9/26/2020,12730
Wind,13,12,11/23/2025,15669
Wind,18,17,3/24/2023,15698
Solar,13,12,1/22/2022,5027
Wind,23,22,2/8/2022,2415
Wind,1,0,4/27/2024,4743
Wind,8,7,1/24/2024,16218
Wind,20,19,9/20/2022,2499
Solar,17,16,7/19/2024,7392
Wind,9,8,11/13/2025,10392
Wind,15,14,2/13/2022,16782
Wind,1,0,1/22/2022,3190
Wind,11,10,12/19/2024,17216
Wind,10,9,1/18/2020,3050
Wind,14,13,2/6/2025,13224
Solar,14,13,3/8/2021,4523
Wind,23,22,1/20/2020,4934
Wind,2,1,8/29/2020,3457
Wind,16,15,9/17/2024,17409
Wind,20,19,5/15/2023,9747
Solar,15,14,4/26/2023,4918
Wind,3,2,8/7/2022,7089
Wind,4,3,11/18/2021,1529
Solar,16,15,7/28/2022,5339
Wind,5,4,9/29/2024,3181
Wind,9,8,7/27/2025,3635
Wind,18,17,12/7/2022,1713
Wind,1,0,6/4/2022,3214
Wind,19,18,4/11/2022,7879
Solar,11,10,7/18/2025,6389
Wind,5,4,10/28/2025,11636
Wind,13,12,1/15/2024,6809
Solar,14,13,3/7/2021,3169
Wind,20,19,1/10/2024,3793
Wind,1,0,5/8/2024,6559
Wind,5,4,9/28/2024,6407
Wind,7,6,5/25/2021,9546
Wind,7,6,8/2/2021,1153
Wind,5,4,6/13/2025,2021
Solar,14,13,6/10/2022,8508
Wind,15,14,1/10/2025,4286
Solar,13,12,7/20/2023,6951
Wind,14,13,2/28/2020,11014
Solar,13,12,6/18/2024,7785
Wind,21,20,1/31/2024,6085
Wind,0,23,1/27/2023,6094
Solar,12,11,8/15/2020,3086
Wind,5,4,10/4/2022,988
Wind,0,23,1/29/2024,8472
Wind,7,6,4/12/2022,7935
Wind,0,23,1/11/2022,2090
Wind,17,16,5/11/2025,4808
Wind,5,4,10/14/2023,10187
Wind,0,23,10/1/2021,3707
Wind,23,22,10/4/2024,2835
Wind,12,11,12/31/2024,7306
Wind,17,16,3/23/2020,7482
Wind,3,2,2/25/2022,7548
Solar,17,16,2/11/2022,3615
Solar,14,13,7/1/2025,9839
Wind,4,3,9/10/2021,2131
Wind,10,9,11/20/2024,6181
Wind,4,3,9/13/2021,2426
Solar,12,11,2/14/2025,9119
Wind,3,2,9/30/2023,547
Wind,14,13,7/3/2020,6832
Wind,5,4,12/16/2022,5658
Solar,13,12,6/29/2025,4495
Wind,7,6,3/21/2025,10695
Wind,16,15,9/22/2023,13602
Wind,23,22,1/26/2024,2003
Wind,0,23,5/29/2023,10422
Wind,20,19,1/18/2024,4652
Wind,22,21,8/17/2023,2474
Wind,14,13,2/18/2021,11280
Wind,17,16,11/28/2025,7122
Wind,12,11,6/5/2025,9135
Wind,20,19,7/5/2025,7083
Wind,21,20,8/30/2023,4070
Solar,15,14,1/24/2020,1733
Wind,12,11,1/30/2021,8960
Wind,11,10,1/26/2021,5086
Wind,23,22,7/22/2020,2730
Solar,11,10,9/10/2025,8381
Solar,12,11,5/20/2021,7459
Wind,17,16,8/30/2020,6972
Wind,5,4,4/30/2021,1497
Wind,3,2,7/20/2024,1366
Wind,3,2,6/25/2024,4860
Wind,4,3,6/16/2020,1572
Wind,23,22,3/20/2025,7815
Wind,8,7,10/8/2021,3732
Wind,21,20,3/11/2023,4561
Wind,6,5,1/9/2022,11382
Solar,11,10,12/15/2023,2984
Wind,21,20,12/2/2023,2993
Solar,15,14,4/12/2020,4478
Wind,7,6,1/16/2021,2609
Wind,6,5,11/7/2020,6495
Wind,8,7,1/16/2025,5370
Wind,6,5,12/11/2023,13313
Wind,1,0,3/26/2025,2924
Wind,15,14,3/9/2025,6097
Wind,12,11,1/31/2021,3917
Wind,13,12,1/18/2023,5795
Wind,23,22,8/11/2022,5915
Wind,6,5,10/17/2020,823
Wind,16,15,11/6/2023,11710
Wind,16,15,1/31/2020,7383
Wind,3,2,11/22/2022,12118
Wind,22,21,1/14/2020,12686
Wind,23,22,6/5/2024,1825
Solar,18,17,5/24/2020,4591
Wind,9,8,10/17/2025,5063
Wind,19,18,12/1/2023,5670
Wind,10,9,11/30/2023,2294
Wind,22,21,5/28/2023,8135
Solar,19,18,8/6/2025,4823
Wind,4,3,9/3/2022,1584
Wind,22,21,5/12/2024,2710
Wind,3,2,8/25/2022,2157
Wind,20,19,7/9/2024,5041
Wind,14,13,10/28/2023,17291
Wind,0,23,12/26/2021,3943
Wind,20,19,4/26/2023,1227
Wind,0,23,8/12/2020,2887
Wind,8,7,6/8/2024,2653
Wind,2,1,10/30/2020,7672
Solar,14,13,4/10/2024,9317
Wind,5,4,1/22/2020,3220
Wind,20,19,6/26/2025,9162
Wind,7,6,9/25/2023,2754
Wind,9,8,10/2/2021,4880
Wind,22,21,5/21/2021,11117
Wind,5,4,5/21/2021,9502
Wind,22,21,6/7/2020,1627
Solar,19,18,9/6/2023,2948
Wind,4,3,4/27/2023,1219
Wind,14,13,3/14/2020,7209
Wind,20,19,2/27/2024,6228
Solar,14,13,9/19/2020,4468
Wind,17,16,4/1/2022,15285
Wind,3,2,3/16/2023,6637
Wind,17,16,9/22/2025,8440
Wind,20,19,11/24/2020,6160
Wind,9,8,11/10/2020,672
Wind,0,23,12/5/2023,4052
Wind,0,23,4/21/2023,3321
Wind,23,22,2/26/2021,5705
Wind,12,11,1/16/2025,7756
Wind,7,6,11/29/2022,1649
Wind,14,13,12/1/2024,10231
Wind,3,2,5/1/2022,3175
Wind,6,5,5/13/2021,5102
Wind,15,14,7/31/2023,18635
Solar,15,14,10/25/2024,5922
Solar,15,14,9/25/2022,6087
Solar,15,14,3/25/2025,7289
Wind,19,18,1/5/2021,1973
Wind,1,0,9/25/2021,1010
Solar,9,8,6/27/2023,3093
Wind,7,6,9/12/2021,797
Wind,8,7,9/13/2024,4812
Wind,4,3,7/14/2023,547
Wind,4,3,12/22/2024,18787
Wind,0,23,12/22/2024,16227
Solar,12,11,10/18/2020,3259
Wind,9,8,5/4/2021,13750
Wind,5,4,7/24/2021,4791
Wind,15,14,3/18/2021,5839
Wind,9,8,7/8/2025,6696
Solar,12,11,4/30/2025,9156
Wind,22,21,7/27/2021,3168
Wind,18,17,6/11/2020,5028
Solar,13,12,7/18/2024,8281
Wind,22,21,1/1/2025,14963
Wind,5,4,5/16/2023,7536
Wind,0,23,11/16/2025,5090
Wind,4,3,5/2/2023,3235
Wind,15,14,10/29/2022,8339
Solar,10,9,5/12/2021,2820
Wind,10,9,12/8/2023,4446
Wind,1,0,1/2/2022,5445
Wind,17,16,1/6/2025,17822
Wind,1,0,5/22/2022,2793
Wind,2,1,6/15/2022,4126
Wind,15,14,4/6/2023,11427
Wind,1,0,9/15/2024,3840
Wind,6,5,4/8/2023,3512
Wind,1,0,3/26/2021,2924
Wind,5,4,1/4/2020,3266
Wind,8,7,8/25/2025,2945
Solar,11,10,5/18/2020,4062
Wind,2,1,11/18/2024,8644
Wind,4,3,3/15/2025,10081
Wind,7,6,7/10/2023,749
Wind,23,22,9/7/2024,3605
Solar,16,15,7/2/2022,6897
Wind,20,19,3/14/2020,3134
Solar,20,19,4/23/2020,824
Wind,9,8,1/29/2025,13112
Wind,8,7,1/26/2024,12588
Wind,0,23,8/12/2025,1049
Wind,15,14,3/20/2020,7648
Wind,9,8,12/11/2022,2254
Solar,12,11,10/13/2021,4854
Wind,6,5,11/5/2024,1674
Wind,18,17,9/18/2024,14521
Wind,21,20,1/10/2020,1558
Wind,3,2,6/16/2023,2330
Solar,16,15,6/15/2023,7754
Wind,4,3,8/8/2022,6072
Wind,6,5,7/30/2022,902
Wind,20,19,10/8/2020,7127
Wind,10,9,9/30/2020,2517
Wind,1,0,11/9/2022,9942
Wind,10,9,5/23/2020,4797
Wind,2,1,4/19/2023,7997
Wind,19,18,9/21/2020,888
Wind,18,17,4/20/2023,7921
Wind,19,18,7/7/2021,3466
Wind,17,16,1/8/2023,11145
Wind,18,17,3/3/2025,2963
Wind,2,1,6/29/2024,4092
Wind,6,5,3/10/2021,2969
Wind,12,11,12/2/2020,3015
Wind,2,1,12/16/2022,6354
Wind,20,19,1/15/2021,2717
Wind,12,11,12/2/2022,2745
Wind,20,19,12/16/2024,3164
Wind,1,0,10/14/2020,2018
Wind,17,16,8/29/2021,7543
Wind,14,13,11/22/2024,16386
Wind,9,8,3/23/2023,12237
Wind,0,23,5/13/2023,5812
Wind,19,18,2/25/2022,3550
Wind,21,20,10/17/2020,625
Wind,15,14,2/4/2024,10856
Solar,14,13,5/14/2025,4558
Solar,13,12,10/4/2022,5982
Solar,15,14,10/18/2020,3881
Wind,1,0,5/31/2020,5688
Solar,16,15,4/19/2021,4504
Wind,1,0,8/11/2021,647
Wind,1,0,2/17/2023,7540
Solar,10,9,10/6/2023,3802
Wind,21,20,4/6/2021,5819
Solar,9,8,5/2/2023,3648
Wind,4,3,9/8/2025,2384
Wind,9,8,4/4/2020,2989
Wind,15,14,3/13/2023,18710
Wind,22,21,6/8/2020,3865
Wind,2,1,4/16/2025,5633
Wind,16,15,3/19/2025,11296
Wind,13,12,12/29/2022,13942
Solar,12,11,3/16/2024,7993
Solar,11,10,1/29/2023,2890
Wind,7,6,6/30/2021,2095
Wind,8,7,8/6/2024,1463
Wind,8,7,3/8/2020,9809
Solar,13,12,8/31/2024,8353
Wind,9,8,4/20/2023,7599
Wind,18,17,10/29/2020,6611
Wind,23,22,1/21/2025,6958
Wind,21,20,2/17/2023,7175
Wind,7,6,10/21/2024,3853
Wind,5,4,8/24/2020,1813
Solar,16,15,5/25/2024,7169
Wind,21,20,9/22/2020,1549
Wind,15,14,2/5/2023,13787
Wind,6,5,2/17/2024,2438
Wind,11,10,1/20/2025,2887
Wind,20,19,6/12/2021,2973
Wind,1,0,9/9/2025,2454
Wind,0,23,3/25/2025,3267
Wind,19,18,4/17/2021,7013
Wind,22,21,8/22/2023,2173
Wind,23,22,5/18/2023,6054
Wind,22,21,4/11/2024,1174
Wind,2,1,10/9/2023,1159
Wind,7,6,1/10/2020,7579
Solar,12,11,10/18/2022,5088
Wind,15,14,1/4/2022,5941
Solar,13,12,4/22/2021,8368
Solar,17,16,8/4/2021,3531
Wind,1,0,6/16/2024,8152
Wind,14,13,2/25/2020,12118
Wind,6,5,6/14/2024,7031
Solar,15,14,7/21/2020,5891
Wind,18,17,3/13/2025,3662
Wind,12,11,3/11/2021,15750
Solar,14,13,10/10/2022,5312
Wind,6,5,10/20/2022,5478
Solar,13,12,8/5/2024,8358
Wind,1,0,7/12/2021,2435
Wind,15,14,1/12/2024,6694
Wind,7,6,3/18/2023,7054
Wind,15,14,5/13/2020,7957
Solar,17,16,9/30/2023,5200
Wind,18,17,2/5/2025,2583
Wind,15,14,9/19/2023,10341
Wind,1,0,2/2/2024,2260
Wind,6,5,11/17/2021,1957
Solar,14,13,10/1/2023,4581
Solar,19,18,6/24/2021,3658
Solar,12,11,7/27/2022,6815
Wind,22,21,4/12/2024,939
Wind,13,12,8/22/2020,11094
Wind,6,5,11/12/2022,3769
Wind,21,20,7/21/2022,1574
Wind,22,21,9/8/2023,1554
Wind,11,10,5/31/2024,10050
Wind,5,4,1/19/2020,4998
Wind,8,7,6/25/2021,1787
Wind,4,3,2/7/2020,5494
Wind,19,18,3/15/2021,7372
Solar,16,15,5/13/2025,3863
Wind,10,9,4/27/2022,5614
Wind,12,11,6/18/2021,6927
Wind,19,18,3/15/2024,11274
Wind,20,19,12/29/2024,541
Wind,21,20,12/24/2023,10213
Solar,19,18,6/28/2022,4992
Wind,9,8,9/5/2023,6596
Solar,10,9,9/1/2022,3556
Wind,23,22,8/16/2022,1494
Wind,7,6,4/23/2024,4518
Wind,10,9,3/19/2022,10970
Wind,4,3,4/22/2024,7378
Wind,19,18,9/30/2025,3305
Wind,1,0,10/4/2022,1565
Wind,9,8,8/28/2024,4269
Wind,2,1,3/11/2025,1454
Solar,12,11,7/19/2023,8862
Wind,9,8,1/28/2023,5921
Wind,3,2,6/14/2022,4735
Wind,4,3,8/16/2020,1256
Wind,6,5,4/18/2023,6470
Wind,3,2,8/30/2020,2802
Wind,22,21,6/3/2025,4656
Wind,20,19,6/13/2024,5847
Wind,0,23,8/26/2022,3321
Wind,0,23,5/5/2020,2773
Solar,14,13,4/27/2020,3089
Wind,7,6,4/28/2020,3698
Wind,19,18,9/13/2022,3807
Wind,16,15,11/20/2025,5905
Wind,9,8,3/14/2025,3380
Solar,17,16,10/13/2021,4842
Wind,5,4,8/7/2024,1433
Wind,0,23,12/24/2021,3052
Wind,6,5,6/21/2020,2554
Wind,0,23,7/31/2023,10874
Wind,15,14,2/7/2020,5386
Solar,12,11,2/3/2025,5983
Wind,19,18,6/24/2020,4258
Wind,21,20,2/2/2023,6733
Wind,17,16,1/23/2023,8749
Wind,18,17,12/14/2023,3583
Wind,6,5,9/21/2025,4374
Wind,12,11,3/15/2021,10812
Wind,21,20,11/22/2020,925
Wind,20,19,2/22/2020,8470
Wind,0,23,6/17/2025,3347
Wind,6,5,8/5/2022,2607
Wind,18,17,10/14/2020,6263
Wind,13,12,2/26/2025,15050
Wind,1,0,6/21/2025,4743
Wind,14,13,6/5/2020,14060
Wind,19,18,10/27/2020,11411
Wind,18,17,6/4/2020,5749
Wind,4,3,9/4/2024,798
Wind,11,10,1/19/2021,12386
Wind,5,4,10/23/2025,11928
Wind,10,9,3/30/2025,6357
Wind,16,15,4/6/2020,5353
Wind,15,14,3/31/2023,21589
Wind,6,5,3/31/2020,6377
Wind,4,3,5/23/2020,1673
Wind,7,6,2/11/2022,3510
Wind,22,21,1/23/2025,16773
Solar,12,11,11/9/2021,4387
Wind,1,0,10/26/2025,10464
Wind,1,0,12/9/2024,14088
Wind,2,1,6/10/2024,5131
Solar,10,9,4/10/2020,3344
Wind,2,1,10/31/2021,4378
Solar,13,12,11/20/2020,4045
Solar,12,11,9/25/2025,6701
Wind,14,13,12/12/2021,5288
Wind,20,19,1/13/2022,3069
Wind,0,23,1/12/2025,4835
Wind,23,22,12/6/2023,2647
Wind,3,2,1/16/2021,1799
Wind,7,6,1/3/2020,8817
Wind,22,21,9/1/2025,5057
Solar,12,11,10/18/2021,5076
Wind,0,23,5/7/2022,4532
Solar,15,14,6/16/2022,6428
Wind,0,23,10/23/2022,13466
Solar,18,17,7/8/2024,7115
Wind,8,7,3/23/2022,3526
Solar,15,14,9/23/2024,9458
Wind,22,21,12/26/2020,11446
Wind,8,7,5/12/2023,3360
Wind,1,0,9/6/2021,1817
Solar,11,10,1/19/2024,3115
Wind,16,15,4/13/2020,11013
Wind,0,23,2/10/2021,3960
Wind,20,19,2/4/2020,8718
Wind,16,15,12/11/2020,6300
Wind,9,8,12/22/2022,12425
Wind,21,20,1/4/2020,2808
Wind,3,2,8/2/2024,1432
Wind,21,20,5/29/2020,4294
Wind,20,19,5/4/2021,10640
Wind,1,0,4/14/2021,4370
Wind,9,8,3/15/2022,4813
Wind,1,0,11/7/2023,7909
Wind,6,5,2/28/2020,2660
Wind,17,16,7/15/2023,10085
Solar,10,9,8/12/2025,6220
Wind,6,5,6/16/2022,1497
Wind,18,17,2/3/2025,1611
Wind,5,4,11/16/2023,3875
Wind,4,3,3/6/2025,7274
Wind,0,23,3/26/2021,9140
Wind,12,11,11/21/2025,8584
Solar,11,10,3/27/2020,4295
Wind,8,7,10/13/2023,12357
Wind,0,23,10/14/2022,6926
Solar,12,11,11/13/2022,4217
Wind,11,10,5/14/2020,10073
Wind,12,11,6/19/2024,9445
Wind,12,11,1/5/2022,7302
Wind,9,8,7/28/2021,3851
Wind,18,17,7/15/2023,14187
Wind,11,10,10/26/2024,2823
Solar,14,13,3/6/2023,6220
Wind,20,19,12/4/2020,4944
Wind,11,10,8/25/2020,8081
Wind,23,22,9/2/2024,641
Wind,5,4,8/10/2023,2594
Wind,6,5,8/7/2025,1015
Wind,0,23,4/1/2021,7740
Wind,17,16,2/20/2024,6371
Wind,22,21,2/22/2024,16997
Solar,11,10,2/14/2023,5994
Wind,20,19,6/20/2020,2174
Wind,21,20,5/25/2025,9778
Wind,16,15,2/11/2024,15331
Wind,7,6,9/9/2024,8239
Solar,20,19,8/8/2020,1256
Wind,3,2,4/9/2025,4689
Wind,22,21,4/6/2021,4806
Wind,3,2,2/14/2025,4219
Solar,12,11,9/12/2021,4404
Wind,11,10,4/10/2021,5953
Solar,12,11,8/1/2025,9032
Solar,17,16,4/19/2023,10069
Wind,9,8,1/21/2024,12404
Wind,10,9,4/6/2024,16321
Wind,3,2,4/29/2021,2471
Wind,8,7,12/2/2020,3088
Wind,1,0,11/28/2021,8670
Wind,19,18,3/11/2023,3908
Solar,14,13,6/4/2024,8950
Wind,1,0,4/17/2022,7886
Wind,1,0,5/6/2025,10727
Wind,4,3,9/12/2024,4188
Wind,0,23,12/26/2020,12204
Solar,16,15,5/6/2022,6472
Wind,20,19,11/24/2023,10477
Wind,18,17,1/17/2025,861
Solar,9,8,7/28/2022,2500
Wind,9,8,10/15/2023,3908
Wind,13,12,3/17/2021,11247
Wind,11,10,10/3/2025,7978
Wind,3,2,6/4/2020,2830
Wind,4,3,7/29/2025,2839
Wind,21,20,3/28/2024,15521
Wind,15,14,4/4/2022,15076
Wind,11,10,10/15/2020,5196
Solar,16,15,5/30/2020,6710
Wind,9,8,4/1/2020,4222
Wind,23,22,10/18/2023,12351
Wind,4,3,6/7/2020,2766
Wind,8,7,10/10/2025,2536
Wind,4,3,12/18/2024,13116
Wind,9,8,3/7/2023,7061
Wind,23,22,5/20/2021,9069
Wind,12,11,4/8/2022,9083
Wind,1,0,4/6/2021,4549
Wind,22,21,12/6/2020,1662
Wind,21,20,6/10/2023,1747
Wind,4,3,5/23/2023,4394
Solar,12,11,4/13/2024,4281
Solar,17,16,10/1/2023,5635
Wind,15,14,11/29/2021,4402
Solar,15,14,5/22/2022,5753
Wind,4,3,1/9/2023,15487
Solar,20,19,7/18/2025,3617
Wind,17,16,10/10/2022,4363
Solar,11,10,4/22/2022,5407
Wind,8,7,4/26/2025,4323
Solar,16,15,11/18/2021,2705
Wind,13,12,4/23/2022,7590
Solar,17,16,5/21/2022,5160
Wind,3,2,10/3/2025,5560
Solar,14,13,8/28/2023,7961
Wind,17,16,1/28/2020,11897
Wind,9,8,5/23/2020,4079
Solar,15,14,7/29/2020,3995
Solar,13,12,8/4/2024,7542
Wind,19,18,9/29/2021,6196
Solar,10,9,8/29/2024,4187
Wind,21,20,7/22/2022,2407
Wind,20,19,5/10/2021,3236
Wind,1,0,5/21/2024,2868
Solar,12,11,9/6/2024,5349
Wind,9,8,3/16/2023,9438
Solar,11,10,7/13/2023,6890
Wind,9,8,11/15/2024,2684
Wind,1,0,7/12/2020,4962
Wind,3,2,4/6/2021,5120
Wind,13,12,9/24/2025,10716
Wind,22,21,11/18/2022,3230
Wind,23,22,4/16/2020,1773
Wind,0,23,4/5/2022,6029
Wind,22,21,8/22/2025,2688
Wind,15,14,2/25/2022,9622
Wind,20,19,5/19/2023,6972
Wind,5,4,9/4/2022,2059
Solar,17,16,1/14/2025,2442
Wind,22,21,3/10/2020,11187
Wind,22,21,12/13/2021,1571
Wind,20,19,2/8/2021,2059
Wind,19,18,9/16/2020,4646
Solar,11,10,9/7/2020,3920
Wind,21,20,10/12/2024,7029
Wind,22,21,9/30/2023,906
Wind,8,7,11/8/2022,13656
Wind,16,15,10/16/2024,12056
Wind,18,17,3/21/2022,4620
Solar,11,10,9/17/2025,8661
Wind,9,8,9/22/2020,585
Wind,23,22,12/5/2023,4751
Wind,4,3,2/23/2023,1074
Wind,5,4,9/18/2020,6154
Wind,7,6,8/12/2023,1480
Wind,19,18,8/28/2024,5763
Solar,15,14,6/1/2022,6895
Wind,22,21,9/28/2024,914
Wind,2,1,2/11/2020,12649
Wind,8,7,7/29/2021,3667
Wind,19,18,12/13/2023,7837
Wind,21,20,5/24/2023,7497
Wind,18,17,2/18/2021,9311
Solar,10,9,3/5/2025,7212
Wind,19,18,2/27/2025,4003
Wind,10,9,7/28/2023,5928
Solar,17,16,6/18/2022,7668
Wind,0,23,3/26/2022,8557
Wind,1,0,8/12/2023,1275
Wind,23,22,11/9/2023,12712
Wind,15,14,3/24/2024,16599
Wind,15,14,12/8/2021,5921
Wind,4,3,12/14/2024,1442
Solar,11,10,9/19/2022,5655
Wind,3,2,8/28/2022,3812
Wind,6,5,6/28/2024,3186
Wind,8,7,12/22/2022,12902
Solar,19,18,6/16/2022,3081
Solar,15,14,9/29/2022,4330
Wind,2,1,10/19/2023,10798
Wind,12,11,12/31/2023,18515
Wind,12,11,9/14/2025,9392
Wind,12,11,10/30/2021,9349
Wind,20,19,1/1/2021,1425
Wind,9,8,5/2/2022,2702
Wind,18,17,10/28/2023,14258
Wind,18,17,8/3/2021,3270
Wind,4,3,7/10/2022,4839
Solar,10,9,4/28/2025,5404
Wind,7,6,1/5/2025,15783
Wind,19,18,1/31/2020,7282
Solar,15,14,8/9/2023,7734
Wind,15,14,12/12/2022,3435
Wind,5,4,6/9/2025,1873
Wind,0,23,4/16/2020,2013
Wind,14,13,12/7/2021,12158
Wind,17,16,3/8/2025,13555
Solar,18,17,6/8/2023,6122
Wind,5,4,5/22/2021,9312
Wind,4,3,6/29/2025,3072
Wind,23,22,11/29/2022,1071
Solar,9,8,7/23/2025,2689
Solar,16,15,8/26/2024,9509
Solar,17,16,8/9/2024,11780
Solar,16,15,5/16/2022,6963
Wind,8,7,3/1/2021,4589
Wind,0,23,3/10/2025,1370
Wind,6,5,10/11/2022,2707
Wind,9,8,9/27/2024,15369
Wind,18,17,4/2/2022,10976
Wind,0,23,10/12/2024,8290
Wind,16,15,11/28/2023,2821
Wind,7,6,6/12/2025,6947
Wind,3,2,7/1/2020,3252
Wind,14,13,1/20/2022,6533
Wind,15,14,10/5/2022,15673
Wind,4,3,1/21/2022,5070
Solar,11,10,8/11/2023,5430
Wind,9,8,9/4/2023,7729
Wind,8,7,5/25/2025,9310
Wind,5,4,12/11/2020,7890
Wind,3,2,7/7/2023,3866
Wind,8,7,6/14/2023,3207
Wind,19,18,10/2/2020,3073
Wind,10,9,12/31/2020,4838
Solar,17,16,8/8/2025,8376
Wind,14,13,1/2/2022,12811
Wind,4,3,2/28/2023,8930
Wind,11,10,9/27/2021,8562
Wind,16,15,9/18/2023,14776
Wind,1,0,1/27/2025,18951
Wind,3,2,12/11/2021,8663
Wind,1,0,5/3/2021,781
Wind,23,22,1/15/2023,14417
Wind,8,7,7/20/2022,2309
Wind,15,14,5/1/2020,8815
Solar,14,13,9/28/2024,8736
Wind,7,6,11/9/2025,2347
Wind,21,20,1/18/2023,5086
Wind,4,3,4/16/2021,5432
Wind,6,5,7/10/2020,3206
Solar,11,10,3/7/2024,10254
Wind,20,19,12/27/2023,16623
Wind,17,16,2/28/2021,7579
Wind,14,13,3/22/2025,9746
Solar,10,9,5/26/2020,3767
Wind,8,7,6/13/2023,3243
Wind,7,6,4/7/2020,2169
Solar,13,12,9/9/2025,8511
Wind,15,14,12/1/2024,9481
Wind,17,16,11/21/2020,2632
Wind,0,23,3/9/2025,2161
Wind,13,12,2/1/2023,11188
Wind,13,12,3/16/2025,12574
Wind,0,23,8/16/2022,1489
Solar,19,18,7/24/2024,4907
Wind,2,1,10/8/2021,3528
Wind,23,22,9/1/2021,6966
Wind,20,19,4/6/2021,7552
Solar,10,9,6/24/2021,3148
Wind,19,18,9/3/2020,3529
Wind,19,18,6/4/2023,7588
Wind,15,14,2/6/2025,13367
Wind,15,14,4/2/2023,12201
Wind,15,14,1/3/2022,11791
Wind,19,18,9/20/2023,10294
Wind,8,7,7/30/2025,1698
Wind,1,0,11/3/2025,7546
Wind,22,21,4/6/2024,9351
Wind,3,2,7/10/2021,345
Wind,1,0,7/1/2023,7413
Wind,13,12,8/27/2023,8873
Wind,8,7,7/18/2022,3978
Solar,12,11,6/7/2021,4355
Wind,21,20,3/11/2020,10029
Solar,17,16,5/12/2024,3703
Wind,10,9,1/10/2020,6776
Solar,12,11,12/21/2021,3572
Wind,6,5,4/23/2022,6090
Wind,8,7,10/3/2020,3331
Wind,5,4,2/2/2020,7968
Wind,19,18,4/13/2020,11443
Wind,3,2,2/18/2022,8034
Wind,1,0,7/23/2021,4087
Wind,21,20,11/26/2021,10635
Wind,22,21,10/23/2023,4301
Wind,3,2,8/9/2023,3277
Wind,0,23,2/15/2024,10820
Wind,8,7,6/7/2025,7646
Wind,16,15,3/4/2024,7130
Solar,12,11,5/15/2025,6848
Wind,21,20,2/13/2022,15083
Solar,12,11,6/21/2025,9347
Wind,10,9,3/9/2022,6074
Wind,13,12,12/13/2023,7647
Wind,9,8,9/12/2021,1451
Wind,9,8,8/15/2022,3458
Wind,4,3,11/29/2025,6318
Wind,11,10,6/24/2022,5472
Wind,0,23,1/10/2020,1537
Wind,4,3,11/23/2021,8484
Wind,13,12,4/5/2020,8392
Wind,19,18,2/3/2021,10639
Wind,8,7,10/29/2020,7293
Wind,20,19,11/11/2020,5774
Wind,7,6,2/13/2022,9347
Wind,19,18,11/15/2023,4867
Wind,13,12,1/14/2021,10297
Solar,19,18,7/20/2021,4128
Wind,9,8,5/22/2021,11778
Solar,19,18,9/9/2023,2748
Wind,18,17,11/19/2023,12597
Wind,23,22,8/19/2024,2712
Wind,19,18,4/1/2025,19436
Wind,0,23,3/2/2025,4887
Wind,8,7,1/17/2022,1452
Wind,10,9,10/18/2021,3701
Solar,14,13,8/12/2021,4221
Wind,0,23,3/27/2022,2329
Wind,8,7,11/17/2025,8218
Wind,12,11,10/31/2025,13615
Wind,19,18,8/4/2021,2904
Wind,22,21,10/30/2022,2253
Solar,9,8,7/30/2024,2686
Wind,6,5,11/26/2023,2384
Wind,1,0,10/17/2023,8478
Wind,5,4,9/15/2025,9643
Wind,18,17,8/18/2024,8367
Wind,2,1,8/23/2025,2481
Wind,18,17,9/5/2020,4696
Wind,4,3,4/17/2023,3385
Wind,4,3,11/5/2022,2791
Wind,21,20,5/29/2022,4128
Wind,13,12,1/12/2021,12490
Wind,9,8,2/13/2021,7990
Wind,1,0,6/25/2024,5463
Solar,14,13,9/11/2021,5588
Wind,20,19,8/15/2022,3225
Wind,9,8,2/10/2023,1541
Wind,4,3,3/8/2020,8612
Wind,0,23,5/10/2025,8375
Wind,5,4,5/16/2022,4773
Wind,2,1,10/29/2020,10215
Wind,2,1,11/12/2022,4317
Wind,20,19,7/2/2024,5455
Wind,1,0,3/21/2022,3992
Wind,19,18,9/23/2024,6406
Wind,8,7,9/9/2021,1856
Wind,7,6,6/13/2021,2413
Wind,15,14,12/11/2020,6645
Solar,11,10,5/18/2022,4887
Wind,17,16,11/28/2021,7293
Wind,14,13,11/18/2023,15251
Solar,14,13,8/7/2022,10953
Wind,11,10,10/31/2025,13356
Wind,4,3,8/20/2022,2442
Wind,0,23,7/28/2025,2989
Wind,9,8,11/25/2020,6232
Wind,17,16,3/2/2020,9004
Solar,18,17,6/19/2025,9997
Solar,11,10,6/16/2020,2847
Wind,19,18,5/5/2022,4773
Wind,6,5,1/24/2022,3152
Wind,5,4,4/10/2022,1159
Solar,10,9,6/25/2022,3517
Wind,4,3,1/4/2024,14378
Wind,19,18,11/4/2022,6204
Solar,10,9,9/11/2022,3065
Solar,16,15,2/3/2025,5030
Wind,5,4,12/23/2020,6510
Wind,10,9,11/16/2025,3904
Wind,8,7,1/27/2024,3182
Wind,21,20,7/25/2022,8397
Wind,0,23,6/20/2020,1426
Solar,15,14,1/16/2024,2836
Wind,6,5,3/18/2020,912
Wind,7,6,3/10/2020,11868
Wind,4,3,6/10/2020,1641
Wind,23,22,2/2/2020,7810
Wind,21,20,12/16/2022,3067
Wind,3,2,4/29/2024,1955
Wind,4,3,3/31/2020,6413
Wind,6,5,2/14/2024,8443
Wind,14,13,5/30/2024,11121
Wind,3,2,10/29/2022,4725
Wind,9,8,10/1/2025,2697
Wind,23,22,9/17/2022,3752
Wind,20,19,6/20/2022,5153
Wind,1,0,10/17/2020,1180
Wind,8,7,1/23/2025,5575
Wind,23,22,5/26/2022,4395
Wind,8,7,6/7/2020,1900
Wind,21,20,3/16/2025,5953
Wind,15,14,9/28/2020,6422
Solar,15,14,5/13/2025,3975
Wind,16,15,10/6/2024,10529
Wind,17,16,5/26/2021,9676
Wind,21,20,5/6/2023,1401
Wind,19,18,10/10/2020,4564
Solar,13,12,6/18/2022,7191
Wind,1,0,7/18/2023,1191
Wind,22,21,3/15/2021,5328
Wind,19,18,11/15/2024,1582
Wind,7,6,2/23/2020,10947
Wind,22,21,10/14/2024,731
Solar,15,14,1/19/2024,4288
Wind,2,1,12/3/2021,2552
Wind,7,6,2/20/2020,6755
Wind,13,12,9/24/2020,9152
Wind,17,16,1/8/2022,15253
Wind,6,5,7/19/2021,4541
Solar,16,15,6/1/2021,6304
Wind,6,5,4/10/2021,3562
Wind,10,9,1/12/2021,13078
Wind,5,4,6/17/2023,893
Solar,13,12,3/14/2024,9953
Solar,19,18,7/30/2020,2588
Wind,20,19,12/7/2023,11616
Wind,15,14,12/5/2020,6382
Solar,13,12,6/16/2022,6807
Wind,20,19,9/6/2020,2002
Wind,2,1,1/17/2025,2337
Wind,5,4,7/27/2024,484
Wind,8,7,4/23/2025,9282
Wind,22,21,7/2/2021,761
Wind,1,0,5/30/2022,4567
Wind,11,10,9/19/2020,3546
Wind,6,5,4/12/2022,7992
Wind,19,18,3/10/2025,749
Wind,15,14,10/10/2020,7237
Wind,6,5,11/13/2024,6598
Wind,23,22,2/27/2020,6021
Wind,22,21,1/21/2025,7036
Wind,16,15,3/8/2025,14806
Wind,22,21,10/15/2023,5164
Wind,8,7,8/8/2021,4708
Solar,10,9,4/3/2020,2778
Wind,11,10,4/11/2021,7157
Wind,14,13,7/5/2020,11252
Wind,23,22,10/27/2025,8513
Wind,23,22,12/1/2023,4845
Solar,14,13,11/9/2021,4642
Wind,19,18,1/25/2020,1541
Solar,18,17,7/1/2022,5623
Wind,13,12,4/1/2023,17592
Wind,9,8,2/17/2024,2567
Wind,1,0,3/18/2021,4446
Wind,1,0,11/26/2020,3078
Wind,3,2,3/16/2025,9153
Wind,11,10,12/29/2020,4715
Wind,16,15,2/14/2022,8457
Solar,11,10,10/10/2021,3224
Wind,23,22,12/28/2022,16048
Wind,18,17,2/1/2025,2067
Wind,0,23,5/15/2024,1891
Wind,13,12,4/25/2021,10647
Solar,10,9,9/11/2021,2694
Solar,14,13,6/8/2021,4944
Solar,14,13,5/10/2024,11358
Wind,4,3,3/17/2023,6971
Wind,13,12,4/30/2020,10827
Wind,8,7,7/2/2022,1821
Solar,13,12,7/19/2022,10151
Solar,11,10,5/16/2022,7588
Wind,22,21,1/31/2023,6119
Wind,19,18,4/5/2021,9721
Solar,15,14,6/15/2021,4881
Wind,20,19,10/13/2022,3752
Wind,18,17,8/9/2024,11115
Wind,0,23,12/14/2020,6175
Wind,9,8,7/17/2020,2074
Solar,15,14,5/17/2022,7524
Wind,6,5,3/16/2024,6169
Solar,12,11,9/1/2023,10057
Wind,10,9,5/6/2021,4709
Solar,16,15,4/3/2020,4672
Wind,3,2,3/22/2025,9814
Solar,9,8,5/19/2024,2111
Wind,23,22,4/5/2024,8341
Solar,19,18,6/17/2024,4536
Wind,0,23,1/13/2020,12067
Wind,5,4,4/9/2023,3277
Solar,12,11,7/13/2025,8642
Wind,2,1,10/21/2020,8525
Wind,22,21,9/2/2021,5182
Solar,15,14,8/9/2024,7776
Wind,22,21,11/4/2023,15364
Wind,0,23,12/10/2020,7155
Wind,5,4,3/26/2021,3310
Wind,9,8,5/5/2023,3564
Wind,23,22,7/29/2022,2221
Wind,10,9,11/7/2022,13020
Wind,6,5,2/24/2024,7647
Wind,19,18,8/11/2022,5645
Wind,3,2,7/6/2023,1216
Wind,1,0,2/10/2021,8028
Wind,1,0,12/16/2023,2079
Wind,8,7,12/25/2024,1456
Wind,19,18,9/14/2024,5204
Solar,16,15,4/10/2025,7062
Wind,11,10,11/4/2021,4756
Wind,19,18,1/22/2023,3778
Wind,5,4,3/2/2025,9188
Solar,15,14,1/25/2023,2569
Wind,21,20,9/10/2020,1520
Solar,11,10,7/27/2025,6833
Wind,23,22,1/10/2025,2750
Wind,1,0,11/24/2023,8408
Wind,23,22,4/6/2020,966
Solar,10,9,7/22/2024,6427
Wind,11,10,3/12/2021,13843
Wind,12,11,10/7/2020,7758
Wind,23,22,1/6/2022,8061
Wind,22,21,10/8/2024,13480
Wind,2,1,3/21/2022,3843
Wind,21,20,11/11/2022,4636
Solar,10,9,9/6/2022,3950
Solar,18,17,8/17/2024,4697
Wind,5,4,9/18/2022,2468
Wind,0,23,11/7/2024,3132
Solar,10,9,3/18/2020,2451
Wind,18,17,3/22/2021,4096
Wind,10,9,10/11/2020,3648
Solar,9,8,7/12/2022,2983
Wind,20,19,11/20/2021,236
Wind,18,17,10/21/2024,5157
Wind,11,10,7/20/2025,8828
Wind,2,1,8/26/2021,3657
Solar,15,14,8/19/2023,8401
Wind,20,19,4/6/2020,1385
Wind,11,10,12/16/2021,4476
Wind,18,17,2/16/2023,7058
Wind,2,1,8/24/2022,761
Wind,13,12,12/24/2022,6293
Wind,4,3,11/17/2020,4521
Solar,12,11,5/7/2025,11797
Wind,6,5,5/7/2020,2084
Wind,8,7,11/14/2023,11741
Wind,15,14,11/5/2022,7136
Wind,8,7,2/22/2023,3325
Wind,9,8,7/26/2020,3846
Wind,5,4,4/1/2025,10679
Solar,13,12,9/2/2020,4398
Wind,17,16,5/6/2021,8681
Wind,15,14,12/29/2023,15215
Wind,19,18,4/15/2024,17967
Wind,21,20,2/18/2023,7421
Wind,12,11,11/13/2020,7388
Wind,21,20,1/19/2021,11476
Solar,10,9,8/11/2023,4059
Solar,17,16,9/13/2020,3213
Wind,18,17,11/27/2024,12902
Wind,14,13,10/23/2020,4235
Wind,5,4,6/15/2023,2308
Wind,22,21,8/27/2025,1556
Wind,4,3,6/24/2025,2498
Wind,0,23,12/25/2021,1551
Solar,15,14,11/30/2024,4004
Wind,19,18,2/20/2025,8106
Solar,19,18,7/18/2024,4225
Wind,7,6,8/25/2024,3859
Solar,18,17,7/9/2023,5804
Wind,1,0,1/20/2023,1856
Wind,9,8,4/21/2022,3414
Wind,3,2,7/10/2025,2497
Wind,5,4,8/1/2020,1790
Solar,17,16,7/25/2025,9149
Solar,15,14,10/15/2025,10830
Wind,17,16,1/27/2023,8128
Wind,17,16,4/6/2021,11811
Wind,20,19,12/18/2021,6176
Wind,8,7,12/30/2024,737
Wind,6,5,4/11/2025,3498
Wind,22,21,10/27/2024,354
Wind,6,5,9/7/2020,1634
Wind,10,9,3/18/2025,15078
Wind,0,23,1/30/2024,872
Wind,7,6,9/2/2025,6994
Wind,17,16,5/25/2021,14361
Solar,13,12,6/9/2021,5010
Solar,16,15,9/2/2022,4587
Wind,16,15,3/11/2022,13916
Wind,7,6,11/11/2021,959
Wind,3,2,5/19/2020,4172
Wind,4,3,8/16/2021,3477
Wind,18,17,9/5/2022,6757
Solar,15,14,6/27/2022,7149
Wind,17,16,12/27/2022,5819
Wind,8,7,9/9/2023,2366
Wind,3,2,12/9/2021,5973
Wind,8,7,6/20/2020,878
Wind,5,4,4/6/2020,7748
Wind,3,2,10/18/2024,5599
Wind,8,7,8/11/2022,4509
Wind,8,7,3/23/2025,5083
Wind,0,23,9/1/2020,2409
Wind,0,23,3/8/2023,15283
Wind,2,1,2/6/2021,2397
Wind,22,21,3/22/2021,2801
Wind,8,7,10/19/2020,2726
Solar,15,14,7/9/2020,7338
Wind,12,11,4/1/2024,13534
Wind,23,22,4/19/2024,8252
Wind,21,20,12/7/2023,11086
Solar,12,11,4/29/2025,10040
Wind,8,7,1/15/2021,6251
Wind,2,1,9/22/2025,7693
Wind,3,2,8/17/2023,2308
Wind,4,3,6/11/2025,2243
Wind,2,1,7/12/2023,3524
Wind,19,18,1/28/2025,18923
Wind,8,7,8/14/2020,2012
Wind,5,4,5/18/2025,2653
Wind,20,19,8/15/2025,5806
Solar,16,15,2/19/2025,6522
Wind,12,11,11/22/2023,7927
Wind,8,7,1/19/2025,769
Wind,11,10,12/8/2024,17862
Wind,8,7,2/7/2022,5299
Wind,21,20,3/31/2020,7584
Solar,13,12,2/20/2023,7440
Solar,13,12,5/9/2024,5656
Wind,23,22,8/22/2020,3876
Solar,10,9,4/5/2023,4064
Solar,11,10,8/14/2020,3767
Wind,20,19,8/12/2023,4643
Wind,1,0,9/20/2020,1794
Wind,20,19,12/9/2023,17844
Wind,0,23,8/7/2022,7226
Wind,18,17,10/5/2020,10309
Wind,19,18,10/18/2022,2808
Wind,13,12,6/13/2020,5469
Wind,21,20,10/3/2024,5982
Wind,17,16,6/5/2025,9695
Wind,2,1,11/16/2021,869
Wind,5,4,2/16/2025,3812
Wind,2,1,5/1/2025,6010
Wind,23,22,3/25/2025,3477
Wind,19,18,10/13/2023,14936
Wind,2,1,11/2/2024,1474
Wind,20,19,8/5/2025,8978
Wind,20,19,1/3/2025,3424
Wind,8,7,10/18/2025,5680
Wind,11,10,11/21/2025,7895
Wind,12,11,3/14/2021,13005
Wind,12,11,1/18/2021,5336
Wind,18,17,4/27/2022,8140
Wind,14,13,2/7/2020,5641
Wind,6,5,8/30/2021,2958
Wind,5,4,6/13/2023,2835
Solar,19,18,7/21/2022,3527
Wind,10,9,11/6/2025,6706
Wind,9,8,10/7/2025,2045
Wind,22,21,7/14/2023,7604
Solar,17,16,8/2/2021,5176
Wind,8,7,5/3/2022,3380
Wind,1,0,1/14/2021,8733
Wind,5,4,10/6/2025,3869
Wind,8,7,4/4/2024,15683
Wind,1,0,2/17/2022,15660
Wind,19,18,1/14/2021,10513
Wind,18,17,1/23/2024,16343
Wind,0,23,11/8/2023,13683
Wind,20,19,10/30/2025,6800
Wind,7,6,6/9/2021,828
Wind,0,23,3/2/2024,3355
Wind,8,7,10/14/2020,2812
Solar,10,9,8/22/2024,7785
Wind,18,17,11/4/2025,12970
Wind,18,17,8/28/2023,7680
Wind,23,22,2/21/2023,2757
Wind,22,21,5/4/2025,11154
Wind,19,18,9/19/2023,8549
Wind,6,5,3/14/2020,2707
Wind,6,5,1/27/2024,2417
Wind,2,1,2/19/2024,5181
Wind,20,19,1/10/2021,4067
Wind,15,14,12/14/2024,4718
Wind,11,10,1/18/2024,7575
Wind,8,7,6/16/2022,2343
Wind,23,22,1/23/2024,16853
Wind,15,14,8/6/2023,17628
Solar,18,17,3/10/2025,1879
Wind,7,6,9/1/2024,3394
Wind,0,23,2/26/2022,9911
Wind,21,20,10/28/2025,6432
Wind,5,4,7/9/2020,1360
Wind,11,10,12/24/2022,6036
Wind,18,17,1/2/2024,17429
Solar,16,15,4/16/2022,11298
Wind,5,4,2/15/2023,4483
Solar,14,13,2/17/2024,7320
Wind,4,3,2/7/2024,16373
Wind,7,6,5/10/2020,2043
Wind,0,23,2/4/2025,3060
Wind,20,19,4/18/2024,3812
Wind,15,14,6/13/2020,5712
Wind,0,23,7/15/2022,3960
Wind,18,17,2/8/2022,2555
Wind,1,0,10/28/2020,8025
Solar,13,12,7/3/2021,4146
Wind,14,13,7/15/2021,9480
Solar,10,9,6/3/2022,3007
Wind,21,20,4/19/2023,5832
Wind,15,14,4/20/2025,4724
Solar,17,16,8/13/2025,6254
Wind,9,8,11/4/2024,3123
Solar,18,17,7/27/2022,5742
Wind,2,1,6/2/2023,7448
Wind,22,21,9/24/2025,4188
Wind,6,5,4/7/2025,5623
Wind,7,6,4/30/2020,7964
Wind,18,17,2/20/2020,11692
Wind,1,0,4/13/2025,8982
Wind,9,8,3/9/2022,4907
Wind,0,23,10/16/2024,9305
Wind,0,23,2/17/2021,8384
Wind,5,4,2/12/2025,2424
Solar,15,14,6/17/2024,8345
Wind,7,6,3/16/2022,4232
Wind,6,5,9/21/2020,748
Wind,1,0,2/2/2023,7717
Wind,1,0,9/1/2021,6336
Solar,10,9,7/3/2022,4056
Wind,17,16,11/24/2024,19997
Wind,8,7,2/27/2020,10405
Wind,4,3,10/14/2023,11104
Solar,14,13,8/8/2022,10618
Solar,11,10,1/15/2025,5527
Wind,19,18,6/8/2025,9165
Wind,17,16,6/1/2021,5624
Solar,14,13,8/7/2024,8258
Wind,2,1,4/13/2020,2806
Solar,19,18,5/17/2022,4803
Solar,16,15,10/17/2025,10238
Wind,6,5,9/13/2024,5468
Solar,16,15,10/7/2022,5162
Wind,6,5,6/30/2020,3408
Wind,2,1,3/2/2021,4406
Wind,6,5,6/14/2020,3033
Wind,14,13,11/25/2022,5906
Solar,12,11,12/12/2024,5532
Solar,11,10,9/14/2020,3928
Wind,15,14,1/5/2021,2553
Wind,3,2,11/10/2022,3569
Solar,18,17,6/23/2020,5022
Wind,2,1,12/14/2021,697
Wind,2,1,3/15/2021,10033
Wind,22,21,12/23/2020,12383
Wind,0,23,7/21/2024,5492
Wind,21,20,1/3/2023,12367
Wind,18,17,2/7/2023,4857
Wind,3,2,6/2/2024,6195
Wind,7,6,2/3/2023,6280
Wind,19,18,11/22/2025,10609
Wind,10,9,2/8/2023,6001
Wind,23,22,12/28/2023,13567
Wind,0,23,8/19/2022,2636
Solar,18,17,9/2/2020,3171
Wind,10,9,8/6/2023,14227
Wind,20,19,6/9/2020,3066
Solar,11,10,8/25/2021,6184
Wind,6,5,12/5/2022,745
Wind,22,21,6/11/2024,2556
Wind,19,18,11/2/2020,7368
Wind,5,4,7/28/2025,4142
Wind,8,7,6/12/2025,7051
Solar,14,13,1/20/2024,6955
Wind,1,0,12/2/2020,6005
Wind,14,13,1/12/2023,18143
Wind,3,2,12/7/2023,3871
Wind,5,4,10/24/2020,6496
Wind,15,14,5/26/2021,10741
Wind,10,9,4/16/2020,4412
Wind,1,0,2/23/2022,4731
Wind,2,1,7/4/2021,945
Wind,23,22,7/11/2020,3841
Solar,11,10,9/6/2022,5098
Solar,10,9,4/8/2021,2512
Wind,20,19,11/7/2020,4651
Wind,0,23,9/6/2024,3317
Solar,16,15,5/9/2022,5817
Wind,22,21,10/12/2023,3414
Wind,11,10,12/21/2023,18315
Wind,12,11,4/15/2020,7334
Wind,20,19,7/3/2021,2491
Solar,9,8,5/13/2022,2490
Wind,5,4,4/13/2025,9216
Wind,8,7,7/30/2020,2458
Wind,4,3,4/3/2020,2210
Solar,13,12,12/22/2021,4599
Wind,7,6,1/4/2021,1576
Wind,20,19,11/16/2023,10803
Solar,12,11,3/14/2024,9275
Wind,1,0,3/25/2021,2018
Wind,5,4,5/25/2024,559
Wind,20,19,12/18/2023,3919
Wind,3,2,6/6/2022,2342
Wind,23,22,7/20/2024,3228
Solar,15,14,2/12/2024,4159
Solar,13,12,8/19/2023,7735
Solar,16,15,7/27/2025,11229
Wind,23,22,7/19/2021,4238
Wind,11,10,12/3/2021,10812
Solar,13,12,3/2/2021,4176
Wind,13,12,11/22/2024,16368
Wind,4,3,11/26/2025,6726
Wind,2,1,9/9/2024,9715
Wind,3,2,3/8/2020,8287
Solar,9,8,7/11/2023,3309
Wind,23,22,8/19/2022,2631
Solar,12,11,9/5/2020,4275
Solar,18,17,6/25/2025,6948
Wind,0,23,5/21/2025,5000
Solar,15,14,12/3/2024,2679
Wind,8,7,4/17/2022,5772
Wind,19,18,9/10/2020,1696
Solar,12,11,6/9/2024,3803
Solar,13,12,5/18/2024,3094
Wind,23,22,11/10/2022,4139
Wind,6,5,9/27/2022,6708
Wind,23,22,5/16/2024,847
Wind,20,19,10/13/2021,1863
Wind,17,16,10/19/2022,8533
Wind,19,18,1/15/2020,5712
Wind,14,13,3/15/2024,18195
Wind,3,2,10/6/2020,10584
Wind,21,20,7/27/2021,3440
Wind,22,21,2/19/2025,7729
Wind,15,14,10/29/2020,8306
Wind,10,9,4/13/2025,8594
Solar,16,15,1/22/2022,4368
Solar,10,9,10/3/2022,2282
Wind,4,3,10/19/2023,9890
Wind,9,8,9/2/2020,1441
Wind,19,18,2/1/2022,12318
Wind,6,5,7/26/2024,1499
Wind,22,21,2/27/2023,11222
Wind,19,18,2/9/2020,12401
Wind,6,5,7/16/2024,7839
Wind,5,4,6/6/2021,1717
Wind,0,23,5/5/2021,3697
Wind,13,12,2/17/2020,11711
Wind,4,3,6/20/2021,4138
Wind,11,10,12/20/2023,9444
Wind,21,20,8/30/2020,4156
Solar,17,16,7/26/2021,7000
Wind,17,16,9/9/2022,14314
Wind,2,1,7/28/2023,4052
Wind,15,14,11/27/2025,11395
Wind,16,15,3/10/2021,12784
Solar,16,15,8/16/2022,5725
Wind,1,0,5/25/2021,9649
Solar,10,9,2/9/2023,2688
Solar,16,15,3/19/2020,3544
Wind,4,3,10/15/2025,5298
Wind,13,12,8/25/2021,9861
Solar,12,11,11/8/2024,5752
Wind,5,4,6/3/2021,1688
Wind,11,10,2/16/2020,14158
Wind,8,7,3/29/2025,9375
Wind,15,14,11/24/2021,2394
Wind,4,3,11/2/2025,8264
Wind,6,5,10/5/2023,1071
Wind,20,19,9/9/2021,2632
Wind,11,10,12/11/2023,10839
Wind,9,8,8/19/2022,3436
Wind,5,4,8/28/2024,2065
Wind,3,2,4/27/2020,417
Wind,8,7,3/25/2022,4540
Wind,8,7,4/24/2024,4826
Solar,10,9,8/1/2021,3739
Wind,2,1,8/28/2021,4566
Wind,21,20,12/13/2024,686
Wind,20,19,12/7/2020,3185
Wind,15,14,5/26/2024,7115
Solar,12,11,6/16/2022,5985
Wind,5,4,3/17/2023,6670
Wind,19,18,3/26/2025,3645
Wind,10,9,1/17/2021,6245
Wind,1,0,3/18/2022,6619
Wind,1,0,11/22/2025,3067
Solar,20,19,8/6/2020,1132
Wind,5,4,3/10/2021,2462
Wind,3,2,11/28/2022,4487
Wind,3,2,6/23/2024,2516
Wind,13,12,3/29/2020,15545
Wind,0,23,8/5/2025,4981
Wind,14,13,12/16/2020,7740
Wind,21,20,12/31/2023,17068
Wind,4,3,8/12/2025,4431
Wind,2,1,9/13/2023,1285
Wind,5,4,2/8/2023,3397
Wind,22,21,5/23/2021,7273
Wind,22,21,7/31/2025,3693
Wind,8,7,3/19/2023,3112
Wind,9,8,2/7/2023,8064
Wind,10,9,8/8/2021,6573
Solar,19,18,9/12/2020,1746
Wind,6,5,12/17/2023,2111
Wind,14,13,5/9/2021,10937
Wind,23,22,3/24/2021,2221
Wind,20,19,5/28/2024,7603
Wind,2,1,1/6/2025,18790
Wind,5,4,11/16/2024,1285
Wind,10,9,10/21/2021,11993
Wind,23,22,5/9/2021,6320
Wind,8,7,5/8/2023,1709
Wind,14,13,5/5/2021,12083
Wind,16,15,1/12/2023,16900
Solar,16,15,8/8/2023,9831
Wind,16,15,12/9/2024,13808
Wind,4,3,4/25/2021,8232
Wind,3,2,3/29/2021,4546
Solar,15,14,2/18/2025,9825
Wind,0,23,4/15/2025,7561
Wind,19,18,3/26/2022,8372
Wind,14,13,9/10/2024,16867
Wind,3,2,1/6/2022,3292
Solar,13,12,11/5/2024,3849
Solar,11,10,4/17/2022,7118
Wind,3,2,8/16/2022,788
Wind,17,16,2/12/2021,9076
Wind,15,14,3/16/2023,12106
Wind,19,18,7/13/2021,7587
Wind,10,9,6/19/2022,8414
Wind,8,7,2/8/2022,4617
Wind,8,7,1/8/2024,12237
Wind,22,21,1/19/2023,1493
Wind,7,6,9/24/2025,6194
Solar,10,9,7/26/2023,4441
Solar,11,10,8/9/2022,7230
Wind,14,13,12/9/2023,18217
Wind,2,1,12/15/2023,2695
Solar,16,15,8/18/2025,8406
Wind,2,1,10/27/2025,17402
Wind,15,14,10/24/2020,13049
Wind,8,7,5/31/2024,6019
Wind,9,8,1/27/2023,8809
Solar,15,14,4/5/2023,8048
Wind,6,5,9/17/2022,5089
Wind,17,16,9/13/2022,5218
Wind,2,1,11/23/2022,8016
Wind,7,6,7/19/2023,3665
Wind,1,0,2/12/2020,9249
Solar,18,17,9/16/2023,4287
Wind,10,9,7/22/2025,11218
Wind,6,5,1/10/2024,2519
Wind,23,22,11/30/2021,12595
Solar,15,14,4/1/2021,6136
Wind,21,20,11/14/2023,14411
Solar,11,10,5/13/2024,8299
Wind,6,5,4/4/2020,1507
Wind,0,23,12/13/2023,8250
Wind,19,18,2/14/2020,3877
Wind,10,9,4/18/2023,7969
Wind,7,6,6/3/2024,2313
Wind,15,14,2/6/2021,3721
Wind,9,8,12/5/2023,11763
Wind,2,1,11/17/2021,1735
Wind,22,21,4/1/2025,16314
Wind,0,23,11/12/2020,3830
Wind,21,20,3/29/2023,10029
Wind,2,1,8/18/2025,6436
Wind,19,18,1/16/2023,10560
Solar,13,12,6/25/2023,7617
Wind,15,14,7/10/2020,6004
Solar,19,18,5/3/2020,2715
Wind,3,2,7/11/2023,1440
Wind,0,23,1/19/2025,1247
Wind,14,13,9/15/2025,11829
Wind,5,4,2/21/2020,4526
Wind,5,4,4/3/2020,2045
Wind,10,9,11/16/2020,8791
Wind,1,0,1/8/2024,11527
Wind,18,17,1/5/2023,5141
Wind,4,3,2/13/2022,7754
Wind,18,17,6/24/2022,10605
Solar,15,14,6/6/2022,8772
Wind,21,20,11/25/2025,10545
Wind,11,10,12/21/2024,11019
Solar,15,14,7/4/2025,10382
Wind,23,22,4/3/2025,6607
Wind,8,7,5/27/2020,3233
Wind,20,19,7/20/2025,9310
Wind,3,2,8/3/2025,1880
Wind,6,5,1/19/2021,10754
Wind,20,19,7/22/2021,3126
Solar,12,11,11/12/2022,5451
Wind,4,3,11/16/2023,3165
Wind,18,17,11/25/2020,2800
Wind,20,19,3/23/2020,6877
Wind,4,3,7/21/2025,9816
Wind,2,1,9/19/2025,2045
Wind,18,17,6/5/2022,8606
Wind,0,23,10/13/2024,3303
Solar,11,10,4/8/2023,6560
Wind,13,12,7/27/2020,10256
Wind,18,17,10/13/2020,4407
Wind,1,0,8/16/2021,5226
Wind,21,20,2/23/2022,2068
Wind,2,1,6/14/2020,4021
Wind,7,6,2/24/2022,5440
Wind,2,1,2/18/2022,6858
Wind,14,13,12/2/2022,3589
Wind,17,16,5/22/2020,7240
Wind,9,8,10/9/2021,2847
Wind,1,0,10/13/2021,3296
Wind,23,22,4/9/2022,1982
Wind,10,9,3/14/2020,5211
Wind,18,17,9/11/2025,14879
Wind,19,18,7/12/2020,4023
Solar,11,10,10/15/2025,6940
Wind,17,16,3/17/2025,14877
Wind,22,21,8/7/2020,1119
Wind,6,5,4/13/2020,4328
Wind,0,23,5/31/2020,6056
Wind,18,17,5/28/2023,6428
Wind,5,4,8/23/2022,1005
Solar,18,17,7/30/2020,3388
Wind,8,7,12/25/2021,1572
Wind,7,6,11/16/2024,1374
Wind,2,1,5/6/2022,3436
Wind,8,7,7/25/2023,5855
Wind,1,0,6/30/2023,2447
Wind,2,1,6/21/2020,1887
Wind,0,23,3/30/2020,7156
Wind,6,5,11/7/2022,11253
Wind,4,3,8/2/2025,3930
Wind,10,9,12/14/2020,8267
Wind,8,7,5/12/2024,4275
Wind,23,22,1/12/2020,3733
Wind,2,1,8/8/2021,7331
Wind,6,5,5/11/2022,3101
Wind,22,21,10/1/2023,2395
Solar,13,12,2/23/2022,5805
Wind,0,23,10/22/2023,3732
Wind,13,12,6/14/2024,12826
Solar,16,15,3/4/2025,6290
Solar,14,13,6/23/2024,4302
Wind,20,19,10/22/2021,2834
Wind,1,0,7/10/2024,2264
Solar,14,13,11/4/2020,4014
Wind,10,9,11/15/2022,10782
Wind,0,23,1/28/2023,2268
Wind,12,11,4/19/2024,16276
Wind,14,13,7/23/2024,14087
Wind,21,20,10/6/2023,1085
Wind,16,15,7/7/2022,10600
Wind,7,6,6/30/2024,3753
Wind,13,12,5/5/2021,11434
Solar,14,13,10/9/2022,6807
Wind,17,16,1/9/2024,4360
Wind,19,18,6/19/2023,4195
Wind,23,22,1/24/2025,11288
Wind,22,21,6/21/2022,1796
Wind,8,7,9/7/2023,2686
Solar,12,11,6/24/2023,8244
Wind,3,2,4/28/2025,3071
Wind,6,5,5/15/2021,4264
Wind,3,2,5/25/2023,6906
Solar,14,13,9/14/2020,5071
Wind,23,22,4/7/2024,5202
Wind,5,4,6/21/2022,3804
Wind,4,3,7/4/2025,5286
Wind,20,19,9/21/2021,2280
Wind,10,9,3/4/2024,6988
Wind,23,22,7/27/2021,3166
Wind,2,1,4/9/2025,5058
Wind,14,13,7/4/2021,6911
Wind,21,20,10/20/2021,13048
Wind,21,20,11/27/2022,7343
Wind,15,14,3/17/2025,15549
Wind,8,7,3/14/2024,6363
Wind,19,18,5/10/2020,4802
Wind,7,6,12/27/2020,11736
Wind,10,9,11/21/2021,1770
Wind,16,15,11/28/2025,7931
Wind,12,11,12/9/2021,7038
Wind,23,22,3/16/2024,2197
Solar,17,16,8/5/2020,4806
Wind,20,19,4/6/2025,8524
Wind,8,7,2/23/2022,888
Wind,8,7,12/22/2020,10664
Solar,9,8,6/10/2023,3002
Wind,7,6,11/13/2025,10431
Wind,3,2,3/16/2022,4258
Wind,3,2,9/16/2025,11697
Wind,0,23,11/21/2020,2372
Wind,6,5,12/12/2024,3271
Solar,11,10,6/15/2023,5298
Wind,1,0,2/24/2023,6635
Wind,14,13,4/1/2022,14543
Wind,7,6,4/20/2021,577
Wind,22,21,6/17/2024,1375
Solar,9,8,6/29/2021,2049
Wind,6,5,5/7/2023,1473
Wind,5,4,8/9/2020,1263
Wind,7,6,11/9/2024,884
Wind,16,15,7/3/2024,12305
Wind,20,19,2/26/2020,6383
Solar,11,10,7/8/2025,10854
Wind,17,16,12/27/2023,13272
Wind,23,22,2/8/2025,4543
Wind,11,10,10/25/2024,6611
Wind,8,7,12/2/2021,7999
Wind,4,3,5/10/2024,5301
Wind,11,10,1/31/2023,6313
Wind,10,9,2/28/2024,4006
Wind,18,17,10/27/2022,5638
Wind,22,21,11/9/2024,622
Wind,8,7,11/26/2020,2650
Wind,17,16,12/12/2022,3694
Wind,4,3,1/8/2022,6540
Wind,6,5,7/22/2023,1465
Wind,14,13,12/21/2020,12706
Wind,21,20,2/16/2021,9859
Wind,23,22,8/18/2020,728
Wind,17,16,2/2/2020,11800
Wind,21,20,4/22/2020,2587
Wind,8,7,6/5/2020,5969
Solar,12,11,5/23/2024,6613
Wind,2,1,3/20/2022,6580
Solar,12,11,5/19/2024,2794
Solar,18,17,9/6/2023,4611
Wind,17,16,4/22/2021,8227
Wind,20,19,7/21/2025,13652
Wind,10,9,10/26/2020,7859
Solar,16,15,9/26/2025,4353
Wind,7,6,7/28/2020,3610
Wind,5,4,1/16/2024,1715
Wind,21,20,10/26/2020,7818
Wind,1,0,3/26/2024,8416
Wind,9,8,11/28/2023,7464
Solar,15,14,11/14/2024,5909
Wind,12,11,12/17/2024,6713
Wind,12,11,3/20/2020,6937
Wind,9,8,3/28/2025,5489
Wind,2,1,1/16/2022,1349
Wind,9,8,8/17/2021,2250
Solar,13,12,10/22/2025,6865
Wind,9,8,1/25/2020,1579
Wind,1,0,2/22/2025,11725
Wind,11,10,4/10/2023,7919
Wind,15,14,10/20/2021,14657
Wind,10,9,1/30/2020,8402
Wind,14,13,9/29/2024,6168
Wind,13,12,11/15/2020,14508
Wind,4,3,6/8/2021,916
Wind,22,21,12/12/2020,5943
Wind,4,3,12/11/2020,7153
Wind,4,3,2/8/2023,3513
Wind,21,20,5/21/2020,600
Solar,15,14,7/9/2025,10461
Wind,8,7,2/10/2024,4227
Solar,17,16,7/7/2023,8765
Wind,14,13,1/3/2020,9695
Wind,23,22,12/6/2020,1374
Wind,9,8,10/6/2021,8548
Solar,17,16,6/9/2023,5753
Wind,13,12,7/4/2021,6187
Wind,6,5,2/19/2021,4799
Wind,6,5,11/24/2021,4927
Wind,5,4,12/15/2021,1396
Wind,17,16,1/25/2025,5724
Solar,16,15,7/14/2020,5718
Wind,7,6,10/18/2023,11303
Wind,19,18,6/27/2024,7928
Wind,19,18,4/24/2021,6916
Wind,22,21,10/16/2023,9973
Wind,23,22,2/18/2024,6925
Wind,9,8,5/8/2020,3039
Wind,8,7,3/12/2024,5075
Wind,21,20,3/14/2020,3300
Wind,8,7,1/17/2021,5676
Wind,14,13,1/3/2022,12240
Wind,6,5,8/7/2020,2101
Solar,12,11,9/26/2023,6439
Wind,20,19,7/28/2025,6132
Wind,0,23,7/19/2025,3954
Wind,19,18,3/20/2021,4921
Wind,6,5,8/25/2021,4981
Wind,10,9,5/16/2021,4884
Wind,7,6,11/24/2025,7424
Wind,15,14,1/6/2023,7958
Wind,10,9,8/25/2023,5505
Wind,11,10,8/21/2020,7837
Wind,16,15,12/10/2020,2800
Wind,23,22,12/24/2022,3971
Wind,9,8,2/26/2025,8242
Solar,12,11,3/1/2022,4988
Wind,22,21,9/25/2022,1684
Wind,1,0,11/26/2022,2624
Solar,10,9,3/25/2021,3091
Wind,8,7,1/18/2025,1399
Wind,8,7,10/6/2022,1712
Wind,1,0,5/20/2025,6826
Wind,17,16,10/5/2020,10905
Wind,22,21,1/31/2020,8388
Wind,16,15,1/10/2021,4559
Wind,4,3,6/14/2023,3197
Wind,16,15,3/15/2021,10846
Wind,4,3,11/29/2024,6487
Wind,5,4,12/22/2020,10281
Wind,4,3,10/5/2020,11256
Wind,6,5,4/20/2021,637
Wind,22,21,8/25/2020,9550
Wind,19,18,11/24/2023,10539
Wind,6,5,6/20/2025,5645
Solar,16,15,8/31/2024,8116
Wind,10,9,7/23/2024,9773
Solar,16,15,7/16/2025,16069
Wind,16,15,5/6/2021,8791
Wind,8,7,10/10/2020,2346
Solar,15,14,2/13/2025,4494
Wind,0,23,9/29/2025,2697
Wind,4,3,10/27/2021,2392
Wind,6,5,6/1/2022,1109
Wind,5,4,7/24/2020,1771
Wind,23,22,4/29/2020,5811
Wind,18,17,3/30/2023,15694
Wind,7,6,7/24/2023,3944
Wind,0,23,4/23/2023,9704
Wind,2,1,10/12/2022,1054
Wind,4,3,3/12/2021,10222
Wind,3,2,7/12/2022,3789
Wind,0,23,12/22/2020,7182
Wind,9,8,2/13/2024,5445
Wind,21,20,5/3/2024,2251
Solar,12,11,12/5/2022,3554
Solar,13,12,12/18/2023,5551
Wind,7,6,6/10/2021,1116
Wind,22,21,8/5/2024,751
Wind,2,1,11/24/2021,6358
Wind,5,4,8/31/2025,5964
Solar,15,14,6/24/2020,6958
Solar,18,17,8/11/2023,6263
Solar,14,13,4/21/2021,5395
Wind,3,2,2/25/2024,8187
Wind,3,2,7/22/2024,4013
Wind,10,9,8/6/2022,7062
Wind,7,6,7/7/2023,4525
Wind,4,3,3/22/2021,4256
Wind,2,1,11/19/2025,9964
Solar,11,10,7/16/2022,6731
Wind,23,22,8/3/2022,1474
Wind,19,18,5/3/2025,7626
Wind,20,19,9/29/2023,2198
Wind,20,19,1/15/2022,651
Wind,5,4,4/9/2022,4701
Wind,23,22,10/9/2022,5394
Solar,16,15,8/12/2023,9789
Wind,23,22,7/2/2025,5548
Wind,0,23,5/16/2023,7799
Wind,19,18,7/31/2020,4080
Wind,2,1,4/23/2020,2669
Wind,1,0,12/14/2021,810
Wind,13,12,3/11/2020,12163
Wind,22,21,7/26/2024,506
Solar,18,17,8/4/2021,3345
Wind,9,8,7/18/2023,3434
Wind,18,17,8/28/2020,8079
Solar,18,17,8/27/2024,6209
Wind,10,9,3/28/2021,5097
Wind,22,21,12/16/2023,2504
Solar,17,16,6/3/2021,3738
Wind,9,8,10/15/2021,1488
Wind,20,19,10/5/2024,5905
Wind,19,18,4/7/2020,2681
Wind,13,12,11/26/2021,10802
Solar,9,8,6/26/2022,1719
Solar,15,14,3/19/2020,3939
Solar,15,14,6/15/2025,4719
Wind,18,17,11/17/2022,8379
Wind,23,22,12/2/2024,7331
Wind,4,3,9/11/2024,11638
Wind,22,21,5/22/2025,4939
Wind,4,3,10/16/2024,11452
Wind,13,12,12/2/2020,2987
Wind,20,19,11/6/2025,2440
Wind,16,15,8/29/2025,15987
Wind,23,22,3/5/2024,3012
Wind,0,23,6/26/2025,3959
Wind,9,8,10/20/2023,4473
Wind,18,17,9/21/2025,4316
Solar,17,16,8/7/2020,3640
Wind,4,3,12/3/2021,3110
Solar,11,10,10/16/2021,3384
Wind,8,7,8/30/2025,4396
Wind,23,22,2/23/2025,11952
Wind,17,16,10/20/2020,9534
Wind,21,20,12/26/2024,3449
Wind,23,22,12/13/2024,785
Wind,1,0,7/16/2022,3960
Wind,4,3,10/11/2020,3670
Solar,16,15,7/26/2024,7022
Wind,7,6,9/29/2023,8290
Wind,14,13,12/20/2023,11237
Wind,20,19,7/11/2020,4072
Wind,2,1,1/31/2025,2272
Wind,9,8,3/10/2020,11993
Wind,5,4,3/3/2022,1517
Wind,18,17,3/7/2024,11067
Wind,23,22,10/19/2024,3297
Solar,14,13,5/21/2020,4337
Solar,14,13,10/11/2023,8576
Wind,1,0,7/2/2022,754
Wind,22,21,1/15/2023,14992
Wind,4,3,7/19/2022,5671
Wind,4,3,10/22/2022,6189
Wind,6,5,12/31/2023,17336
Wind,4,3,4/4/2022,2150
Wind,2,1,3/2/2022,2780
Wind,5,4,9/24/2021,475
Wind,0,23,5/23/2021,9144
Wind,6,5,9/29/2020,1805
Wind,8,7,3/9/2024,12796
Wind,11,10,4/16/2024,10158
Wind,13,12,6/11/2020,4847
Wind,1,0,2/1/2022,6934
Wind,4,3,8/30/2024,2706
Wind,4,3,6/27/2021,3872
Wind,20,19,11/17/2020,2225
Wind,2,1,7/23/2024,4890
Wind,3,2,7/16/2022,3533
Wind,21,20,7/8/2025,3770
Wind,18,17,10/19/2022,7629
Wind,21,20,6/16/2020,1666
Wind,16,15,1/10/2025,3319
Solar,12,11,9/10/2020,3052
Wind,9,8,11/13/2021,5126
Solar,14,13,4/22/2025,7792
Wind,6,5,5/15/2020,6575
Wind,16,15,3/25/2024,10580
Wind,0,23,1/26/2023,6312
Wind,6,5,7/19/2024,1335
Wind,22,21,6/30/2025,1192
Wind,1,0,2/12/2023,3402
Wind,7,6,9/27/2022,6509
Wind,16,15,7/27/2020,11749
Solar,14,13,7/10/2023,8700
Wind,3,2,1/20/2025,1542
Wind,17,16,3/28/2023,9979
Wind,9,8,10/4/2021,5584
Wind,2,1,6/9/2024,3464
Solar,13,12,8/17/2021,6878
Wind,8,7,1/27/2023,8252
Wind,15,14,8/5/2021,8681
Wind,0,23,7/21/2025,7848
Wind,18,17,5/27/2025,15563
Wind,1,0,2/22/2024,14343
Wind,1,0,12/10/2023,16050
Wind,2,1,6/18/2021,3603
Solar,11,10,4/25/2025,7896
Wind,1,0,7/5/2021,2602
Wind,0,23,7/7/2021,1703
Wind,12,11,12/12/2020,6348
Wind,17,16,11/1/2025,9647
Wind,21,20,1/22/2024,14875
Wind,17,16,8/28/2025,11353
Solar,11,10,4/29/2022,4724
Wind,19,18,1/20/2021,15051
Wind,23,22,6/19/2024,6935
Wind,17,16,4/2/2022,12110
Wind,6,5,8/8/2024,1189
Wind,19,18,11/2/2024,3994
Solar,16,15,9/6/2021,5313
Wind,20,19,3/28/2020,9382
Wind,22,21,2/14/2022,6029
Wind,18,17,10/13/2022,4003
Wind,17,16,7/15/2024,10450
Wind,1,0,4/22/2023,3755
Solar,17,16,10/26/2024,2125
Wind,12,11,1/25/2025,7875
Wind,15,14,2/6/2024,15869
Wind,19,18,11/24/2024,19758
Wind,3,2,12/4/2022,3252
Solar,15,14,2/12/2023,6688
Wind,5,4,1/31/2020,7716
Wind,11,10,11/29/2020,4788
Wind,19,18,4/29/2022,4816
Solar,17,16,8/1/2021,6683
Wind,1,0,3/15/2020,3612
Wind,22,21,7/1/2023,7075
Wind,22,21,3/2/2023,4877
Wind,8,7,8/3/2024,3218
Wind,21,20,11/19/2024,12210
Wind,7,6,1/8/2024,12121
Wind,22,21,12/21/2024,18922
Wind,18,17,10/25/2022,4158
Wind,2,1,4/15/2022,1942
Wind,7,6,12/7/2021,5150
Wind,0,23,1/17/2022,2215
Wind,10,9,2/24/2025,15311
Wind,21,20,7/14/2021,6824
Wind,5,4,1/11/2023,13408
Wind,12,11,10/15/2024,7313
Wind,21,20,9/14/2023,983
Wind,14,13,12/4/2021,14167
Wind,22,21,5/10/2021,1928
Wind,14,13,7/31/2021,6027
Wind,10,9,11/26/2025,5852
Wind,21,20,6/20/2022,4764
Solar,14,13,8/1/2020,4517
Wind,18,17,9/30/2022,8433
Wind,14,13,6/10/2024,16343
Wind,6,5,9/8/2024,5635
Solar,11,10,8/20/2021,3653
Wind,18,17,10/21/2020,11801
Wind,23,22,11/8/2023,14010
Wind,8,7,10/11/2020,3222
Solar,12,11,8/4/2023,7826
Wind,17,16,5/15/2021,11074
Wind,19,18,11/1/2021,5774
Wind,5,4,2/13/2025,1341
Wind,21,20,2/20/2022,16004
Wind,7,6,1/2/2025,7704
Wind,5,4,1/23/2023,4026
Wind,1,0,3/15/2022,5845
Wind,16,15,12/1/2022,4324
Wind,22,21,5/10/2024,5155
Solar,17,16,8/15/2025,9881
Wind,12,11,2/9/2020,15238
Wind,22,21,5/21/2024,3665
Wind,7,6,5/11/2024,4326
Wind,19,18,9/23/2020,5813
Wind,16,15,11/17/2025,10323
Wind,1,0,1/2/2021,1169
Wind,0,23,8/8/2023,2853
Wind,20,19,5/18/2023,6720
Wind,23,22,10/24/2022,7627
Wind,21,20,9/3/2022,1066
Solar,15,14,11/29/2024,7650
Solar,11,10,4/4/2020,4136
Solar,12,11,3/18/2020,3727
Wind,14,13,4/29/2020,10092
Solar,17,16,10/16/2021,3207
Wind,18,17,10/6/2021,8756
Wind,12,11,2/26/2025,13305
Solar,14,13,3/1/2021,5810
Wind,4,3,11/24/2022,11415
Wind,21,20,9/1/2025,5387
Wind,22,21,11/14/2024,3630
Wind,7,6,3/20/2021,4488
Wind,6,5,12/17/2021,6817
Wind,4,3,2/7/2025,9958
Wind,1,0,1/5/2024,12301
Wind,13,12,9/8/2024,11440
Wind,9,8,7/27/2020,3719
Wind,14,13,2/17/2023,13006
Wind,6,5,7/22/2024,3267
Solar,13,12,9/7/2024,6652
Solar,9,8,8/2/2021,1835
Wind,19,18,7/24/2021,5008
Wind,22,21,6/26/2022,1353
Wind,10,9,5/25/2021,10972
Wind,6,5,1/3/2024,16091
Wind,19,18,4/28/2024,4975
Wind,4,3,2/10/2022,4390
Wind,3,2,9/1/2023,4835
Wind,9,8,1/23/2025,6187
Solar,10,9,8/12/2022,4233
Wind,1,0,6/6/2022,3154
Wind,0,23,4/26/2021,6682
Wind,5,4,8/21/2022,492
Solar,18,17,7/29/2025,9703
Wind,2,1,1/14/2020,12193
Wind,7,6,11/23/2020,197
Wind,17,16,3/3/2020,2913
Wind,0,23,4/30/2022,4152
Wind,4,3,8/28/2025,2154
Solar,18,17,9/28/2025,3101
Solar,20,19,4/26/2020,826
Wind,8,7,4/26/2020,1234
Wind,1,0,1/13/2020,3124
Wind,9,8,7/4/2021,1516
Solar,17,16,8/20/2022,6307
Wind,22,21,10/15/2022,4985
Wind,21,20,11/4/2024,2945
Wind,2,1,5/27/2024,2781
Wind,8,7,5/3/2021,1219
Wind,22,21,6/25/2023,4990
Wind,18,17,1/24/2023,3120
Wind,9,8,2/11/2022,2704
Wind,23,22,6/17/2023,1596
Solar,11,10,9/25/2021,3100
Wind,9,8,9/9/2024,8509
Wind,0,23,4/25/2023,2732
Wind,21,20,4/17/2021,5570
Wind,0,23,8/1/2022,1415
Wind,19,18,7/14/2021,7691
Wind,11,10,10/14/2025,8624
Wind,15,14,2/21/2020,8633
Solar,12,11,10/24/2024,7285
Wind,3,2,7/17/2022,6218
Solar,13,12,8/15/2022,7754
Wind,8,7,8/23/2020,4453
Wind,7,6,8/1/2020,1772
Wind,4,3,7/3/2025,5681
Wind,1,0,5/2/2022,3281
Wind,1,0,10/11/2020,4013
Wind,11,10,5/15/2021,7542
Solar,11,10,8/19/2024,6872
Wind,6,5,10/21/2025,12221
Solar,12,11,6/25/2023,7269
Solar,18,17,9/15/2024,7756
Wind,7,6,7/19/2024,1367
Solar,12,11,6/20/2022,6635
Wind,3,2,11/24/2020,1825
Wind,5,4,3/20/2022,4944
Solar,16,15,5/26/2020,7491
Wind,21,20,9/9/2025,2139
Wind,5,4,1/23/2020,5821
Wind,5,4,7/22/2022,3155
Wind,7,6,2/22/2023,2969
Wind,19,18,5/4/2023,7974
Solar,16,15,3/29/2022,3886
Wind,14,13,1/24/2025,19431
Wind,22,21,3/17/2025,11797
Wind,5,4,11/4/2024,2853
Wind,11,10,1/11/2023,10073
Solar,16,15,6/21/2022,4791
Wind,19,18,7/2/2020,6452
Solar,15,14,5/12/2024,4059
Wind,7,6,3/11/2021,14266
Wind,14,13,9/23/2020,8641
Wind,22,21,4/30/2024,3124
Wind,23,22,9/16/2023,2367
Wind,20,19,5/4/2025,11985
Wind,19,18,4/8/2022,10607
Wind,17,16,12/23/2023,14470
Wind,23,22,8/11/2025,5924
Wind,18,17,7/16/2021,7525
Wind,8,7,2/11/2020,11753
Wind,2,1,11/9/2024,1782
Wind,19,18,9/27/2022,9228
Wind,9,8,9/1/2024,4830
Wind,8,7,11/1/2020,9246
Wind,8,7,1/9/2025,14188
Wind,2,1,12/31/2024,2303
Wind,1,0,1/6/2025,18763
Solar,15,14,1/30/2024,7283
Wind,21,20,4/18/2021,2015
Solar,16,15,4/24/2021,8651
Wind,20,19,10/27/2021,2324
Wind,1,0,7/2/2020,2474
Wind,5,4,1/7/2024,7340
Wind,15,14,1/18/2024,6969
Wind,2,1,9/9/2023,1650
Solar,11,10,3/17/2025,11786
Wind,8,7,10/20/2024,6846
Solar,17,16,9/11/2021,4615
Wind,16,15,3/12/2024,12222
Solar,17,16,8/6/2020,3605
Wind,2,1,1/15/2022,847
Solar,18,17,4/18/2022,4269
Wind,7,6,1/13/2020,2987
Solar,12,11,3/16/2021,5314
Wind,7,6,6/15/2022,2328
Solar,13,12,9/30/2023,6508
Wind,22,21,10/29/2024,685
Wind,21,20,9/4/2025,6150
Solar,16,15,8/21/2023,6576
Wind,15,14,4/19/2020,2914
Wind,10,9,7/12/2021,2663
Wind,8,7,1/3/2022,9393
Wind,7,6,11/10/2020,486
Wind,0,23,2/3/2025,1883
Wind,1,0,3/31/2025,4280
Wind,18,17,7/12/2024,8243
Wind,18,17,6/14/2024,12714
Solar,12,11,9/21/2025,3451
Wind,0,23,5/16/2021,9508
Wind,6,5,3/7/2022,6815
Solar,11,10,8/10/2022,6251
Wind,6,5,3/7/2023,5865
Wind,16,15,3/14/2025,7686
Wind,8,7,10/4/2024,4180
Wind,23,22,12/15/2022,7205
Wind,1,0,9/3/2020,931
Wind,22,21,6/17/2022,1078
Wind,19,18,12/21/2023,17520
Solar,15,14,3/2/2023,6558
Wind,21,20,8/4/2024,1620
Wind,22,21,12/29/2024,548
Wind,2,1,11/14/2024,3831
Solar,10,9,8/4/2022,3343
Wind,1,0,4/26/2022,2101
Wind,6,5,5/16/2022,5648
Wind,17,16,1/9/2020,10435
Wind,15,14,11/24/2022,9150
Wind,0,23,1/20/2024,10670
Wind,23,22,3/14/2020,3349
Wind,23,22,3/10/2020,11030
Wind,3,2,5/26/2024,4508
Wind,2,1,8/13/2023,1162
Wind,7,6,3/28/2022,1606
Solar,15,14,10/12/2020,4590
Solar,11,10,10/22/2024,3182
Solar,12,11,10/19/2020,5009
Wind,22,21,9/12/2021,1376
Wind,4,3,7/17/2024,2046
Wind,2,1,8/17/2024,1571
Solar,17,16,8/13/2023,7801
Wind,3,2,6/28/2024,3695
Wind,5,4,2/6/2022,13477
Solar,11,10,3/31/2021,4010
Wind,12,11,10/25/2023,11630
Wind,0,23,7/23/2024,2067
Wind,4,3,3/18/2023,7204
Wind,0,23,12/5/2024,18205
Wind,3,2,1/8/2024,11508
Wind,9,8,6/11/2020,2692
Wind,23,22,6/6/2025,4429
Wind,0,23,6/2/2021,2032
Wind,22,21,9/21/2020,1334
Wind,0,23,9/2/2025,11315
Wind,21,20,9/21/2025,4453
Wind,11,10,8/9/2021,6015
Wind,3,2,3/16/2021,3997
Solar,14,13,10/18/2022,5899
Wind,13,12,12/26/2021,4600
Wind,3,2,7/27/2024,455
Solar,10,9,9/11/2020,1917
Wind,20,19,9/13/2020,705
Solar,18,17,8/15/2023,4625
Wind,6,5,7/29/2021,4205
Wind,3,2,5/19/2024,552
Wind,8,7,3/30/2023,11130
Solar,17,16,7/10/2025,11067
Wind,5,4,8/9/2025,1139
Wind,19,18,11/1/2023,12788
Wind,21,20,6/12/2024,2252
Wind,6,5,9/20/2025,6560
Wind,1,0,5/1/2020,7535
Wind,12,11,1/21/2020,2976
Wind,7,6,6/29/2025,2536
Wind,7,6,10/12/2020,2120
Solar,13,12,7/25/2024,9805
Solar,14,13,6/5/2023,9739
Wind,8,7,6/9/2023,4688
Wind,22,21,9/4/2025,6077
Wind,0,23,5/11/2024,4091
Solar,11,10,3/24/2025,5051
Wind,8,7,7/26/2023,2889
Wind,21,20,8/6/2024,2592
Wind,6,5,4/22/2025,1421
Solar,12,11,8/27/2024,8753
Solar,16,15,7/11/2021,4877
Wind,8,7,11/11/2021,1001
Wind,1,0,2/25/2025,4530
Wind,12,11,4/2/2025,18987
Wind,7,6,7/22/2020,3797
Wind,17,16,2/5/2020,2504
Wind,21,20,3/30/2020,8073
Wind,5,4,5/11/2020,9699
Wind,3,2,11/5/2021,3405
Wind,4,3,8/30/2020,3012
Wind,22,21,9/8/2025,2307
Wind,9,8,3/4/2022,3630
Wind,3,2,8/6/2022,5462
Wind,20,19,12/13/2024,698
Wind,18,17,12/31/2023,17198
Wind,10,9,9/4/2025,9465
Wind,10,9,2/25/2025,8542
Wind,12,11,3/18/2022,12613
Solar,15,14,3/19/2025,12452
Wind,1,0,8/7/2022,7995
Wind,5,4,3/24/2025,747
Wind,12,11,12/22/2020,9500
Wind,23,22,5/5/2020,2517
Wind,8,7,12/14/2024,2252
Wind,22,21,2/3/2023,4534
Wind,9,8,11/12/2022,4144
Solar,12,11,7/18/2024,7522
Wind,7,6,3/9/2020,6476
Solar,13,12,6/28/2021,4142
Solar,12,11,3/24/2022,6783
Wind,9,8,1/3/2020,9177
Wind,21,20,5/2/2025,3054
Wind,11,10,11/23/2022,12239
Wind,5,4,11/3/2023,9640
Wind,0,23,4/9/2024,8241
Wind,20,19,5/16/2021,9726
Wind,6,5,2/14/2025,5166
Wind,15,14,10/23/2022,13158
Wind,18,17,12/14/2022,2357
Solar,17,16,7/31/2024,6848
Wind,1,0,1/15/2025,2675
Wind,22,21,11/21/2021,5308
Wind,6,5,11/12/2023,7747
Wind,20,19,11/10/2021,1095
Wind,16,15,10/30/2022,4128
Wind,14,13,1/12/2021,11705
Wind,6,5,11/17/2023,4471
Solar,9,8,7/3/2022,2588
Wind,18,17,3/9/2021,3112
Wind,11,10,3/17/2023,9438
Wind,6,5,4/1/2025,10726
Wind,3,2,3/28/2020,2228
Wind,5,4,1/29/2022,5616
Wind,2,1,2/11/2023,2311
Wind,23,22,5/19/2020,3873
Wind,21,20,5/8/2023,1613
Solar,10,9,4/23/2021,4703
Wind,20,19,10/13/2025,6779
Wind,13,12,1/8/2020,5049
Wind,5,4,11/13/2023,10748
Wind,6,5,6/30/2021,2072
Wind,4,3,8/28/2023,3728
Wind,17,16,9/2/2021,6041
Wind,8,7,3/31/2022,5596
Wind,15,14,1/14/2023,18425
Wind,18,17,12/10/2020,3945
Wind,9,8,1/6/2025,18841
Wind,15,14,2/5/2024,9758
Solar,15,14,11/4/2024,4760
Wind,5,4,11/10/2022,3540
Solar,10,9,7/14/2020,2423
Wind,1,0,9/17/2020,4803
Solar,16,15,7/12/2021,4724
Solar,11,10,5/22/2020,5050
Wind,15,14,1/18/2021,5818
Wind,23,22,9/22/2022,613
Wind,8,7,2/22/2021,6262
Wind,9,8,3/22/2020,8856
Wind,10,9,10/12/2020,2453
Wind,16,15,4/19/2025,4612
Wind,23,22,8/25/2025,1411
Wind,5,4,4/20/2022,4490
Wind,15,14,12/9/2020,2985
Solar,15,14,7/22/2020,4307
Wind,6,5,5/21/2023,5032
Wind,7,6,1/22/2022,2925
Wind,12,11,12/1/2021,12759
Wind,3,2,1/11/2021,1886
Wind,6,5,3/9/2020,7030
Wind,17,16,2/26/2024,13709
Wind,19,18,3/7/2022,5870
Solar,11,10,10/11/2021,4324
Wind,14,13,9/1/2025,12704
Wind,23,22,10/2/2020,3285
Wind,12,11,12/20/2024,8847
Solar,16,15,8/7/2022,10239
Wind,14,13,2/7/2024,17700
Wind,17,16,6/4/2020,6146
Wind,8,7,10/13/2021,2432
Wind,2,1,2/9/2020,8445
Wind,23,22,2/21/2022,10192
Wind,6,5,3/3/2024,3260
Wind,5,4,7/17/2025,1257
Wind,17,16,2/23/2024,12084
Wind,0,23,3/7/2025,10966
Wind,21,20,12/15/2023,1834
Wind,2,1,9/24/2025,7488
Solar,9,8,8/3/2025,4235
Wind,18,17,11/20/2025,3840
Wind,9,8,9/11/2020,1169
Wind,7,6,11/2/2025,8973
Solar,16,15,9/22/2022,5500
Wind,16,15,5/23/2020,8605
Wind,1,0,12/20/2022,13706
Wind,1,0,11/22/2024,5864
Wind,4,3,11/13/2022,2267
Solar,11,10,4/19/2021,3728
Wind,7,6,7/4/2024,7129
Wind,22,21,6/26/2023,3874
Wind,22,21,10/22/2023,2996
Solar,14,13,1/16/2022,5824
Wind,0,23,9/7/2020,1722
Wind,8,7,5/23/2022,3621
Wind,2,1,10/4/2025,16699
Wind,21,20,12/10/2020,6025
Wind,7,6,5/1/2021,1335
Wind,20,19,6/11/2021,2701
Wind,11,10,1/1/2024,12702
Wind,11,10,5/9/2023,5818
Solar,16,15,1/12/2022,3844
Wind,4,3,11/12/2023,7217
Wind,2,1,11/2/2022,10172
Solar,14,13,9/8/2020,4412
Wind,1,0,4/16/2021,6013
Wind,3,2,11/15/2022,6725
Wind,20,19,12/23/2022,13142
Solar,10,9,4/13/2022,2030
Solar,16,15,4/21/2023,7766
Wind,21,20,3/3/2025,3662
Solar,12,11,11/11/2022,6178
Wind,20,19,6/10/2023,2892
Wind,2,1,8/25/2021,6301
Wind,23,22,2/4/2022,5142
Wind,4,3,2/3/2020,8082
Solar,10,9,3/24/2021,3598
Wind,2,1,4/25/2021,8643
Wind,18,17,6/15/2024,9554
Wind,16,15,1/7/2020,4202
Wind,6,5,3/25/2021,1803
Wind,5,4,4/11/2021,4909
Wind,15,14,12/25/2022,9014
Wind,20,19,9/9/2025,2515
Wind,3,2,6/28/2020,5007
Wind,4,3,4/29/2022,3276
Wind,8,7,4/8/2023,3945
Wind,7,6,3/19/2023,2707
Wind,9,8,3/23/2020,8097
Wind,22,21,7/4/2023,7479
Wind,7,6,9/2/2021,5757
Wind,5,4,5/1/2024,1919
Solar,9,8,8/10/2024,2611
Wind,5,4,4/6/2024,13920
Wind,16,15,7/28/2020,7320
Solar,15,14,9/12/2023,4847
Wind,8,7,6/20/2022,3854
Wind,5,4,4/30/2024,3211
Wind,9,8,7/19/2021,3621
Wind,6,5,11/2/2024,2593
Wind,2,1,10/23/2023,4629
Wind,23,22,11/8/2025,2972
Wind,8,7,7/17/2022,4452
Solar,19,18,8/21/2023,2986
Wind,20,19,4/14/2022,1781
Wind,15,14,11/2/2023,16663
Wind,2,1,3/11/2024,3569
Wind,5,4,5/19/2025,5554
Wind,9,8,8/18/2023,2753
Wind,16,15,1/24/2021,9368
Wind,20,19,11/4/2025,14722
Wind,18,17,1/2/2025,2940
Wind,14,13,11/7/2022,14582
Solar,18,17,6/21/2022,4256
Wind,11,10,10/23/2025,21130
Wind,6,5,12/4/2021,8479
Wind,4,3,6/30/2025,4201
Wind,21,20,11/6/2022,11082
Wind,16,15,10/22/2021,7563
Wind,18,17,9/26/2024,18099
Wind,8,7,11/10/2025,7424
Wind,4,3,12/14/2023,7386
Wind,16,15,1/30/2025,7524
Wind,7,6,12/26/2020,2946
Wind,18,17,9/22/2025,8345
Wind,2,1,12/10/2024,10950
Wind,5,4,12/1/2020,7384
Wind,3,2,9/23/2021,1187
Solar,15,14,7/17/2022,8450
Solar,18,17,7/20/2020,4972
Wind,9,8,9/10/2023,3618
Solar,13,12,7/10/2023,8155
Wind,11,10,2/10/2021,8366
Wind,17,16,1/29/2020,5091
Wind,2,1,9/16/2025,12139
Wind,0,23,11/29/2020,1854
Solar,11,10,9/20/2022,4950
Wind,9,8,8/22/2020,5453
Wind,3,2,1/9/2022,13974
Wind,2,1,6/4/2020,2997
Wind,19,18,11/4/2021,3557
Wind,18,17,1/14/2023,15699
Wind,19,18,2/21/2021,6413
Wind,22,21,5/2/2021,919
Wind,5,4,5/30/2025,790
Wind,16,15,2/8/2024,17063
Wind,8,7,3/22/2023,10725
Wind,4,3,4/22/2023,4253
Wind,15,14,3/27/2024,15606
Wind,11,10,12/25/2020,6831
Wind,5,4,12/24/2023,10062
Solar,14,13,5/24/2024,5499
Wind,19,18,4/28/2020,7447
Wind,23,22,8/20/2025,3508
Wind,2,1,1/24/2022,3310
Wind,17,16,4/20/2023,9461
Wind,23,22,9/2/2020,1225
Wind,21,20,9/2/2023,2344
Solar,11,10,9/10/2020,2771
Solar,19,18,8/22/2025,5766
Solar,10,9,5/24/2023,6816
Wind,10,9,1/11/2025,2854
Wind,1,0,2/28/2024,4724
Wind,15,14,3/6/2020,8581
Wind,19,18,8/18/2020,3539
Wind,4,3,2/18/2022,9335
Solar,15,14,9/3/2021,3775
Wind,0,23,3/24/2020,7447
Wind,21,20,8/25/2024,2137
Wind,1,0,10/22/2021,2121
Wind,20,19,7/17/2021,5398
Wind,9,8,10/30/2022,5100
Solar,16,15,3/9/2021,5136
Wind,2,1,6/23/2020,2034
Wind,2,1,4/22/2023,4008
Solar,13,12,7/12/2024,7573
Wind,23,22,9/5/2024,700
Wind,2,1,4/16/2021,5880
Wind,3,2,5/17/2022,2321
Wind,0,23,10/1/2024,4747
Wind,9,8,9/27/2021,6867
Wind,9,8,4/3/2020,2170
Wind,0,23,1/17/2023,4827
Solar,14,13,11/7/2024,5149
Wind,2,1,3/31/2020,6769
Wind,23,22,3/28/2020,11081
Solar,13,12,9/14/2024,10121
Solar,17,16,10/18/2025,7924
Wind,18,17,10/31/2021,10469
Solar,16,15,4/28/2022,7312
Wind,20,19,1/24/2024,6892
Wind,23,22,6/24/2021,1974
Wind,17,16,12/11/2023,6768
Solar,12,11,1/27/2024,5814
Solar,15,14,8/15/2022,8036
Wind,4,3,1/29/2021,13907
Wind,2,1,9/5/2020,2121
Solar,17,16,8/12/2024,8871
Wind,14,13,1/26/2021,5482
Wind,21,20,4/11/2025,4837
Solar,12,11,7/11/2025,11758
Solar,14,13,5/16/2025,7092
Wind,17,16,10/25/2025,9821
Wind,23,22,1/31/2021,5906
Wind,14,13,5/25/2025,9581
Solar,10,9,7/5/2022,4126
Wind,10,9,11/19/2020,9061
Wind,23,22,10/18/2022,5538
Wind,4,3,1/15/2023,10240
Wind,21,20,5/2/2022,3792
Wind,4,3,10/8/2020,6421
Wind,2,1,11/24/2023,8505
Solar,11,10,5/17/2020,4507
Wind,4,3,3/18/2022,6998
Wind,23,22,10/28/2023,16635
Wind,3,2,5/19/2021,3258
Wind,21,20,7/17/2022,2312
Solar,12,11,7/22/2023,10194
Wind,14,13,11/12/2024,13235
Wind,10,9,3/27/2022,4841
Wind,18,17,4/5/2022,9675
Wind,21,20,8/29/2023,1992
Wind,23,22,6/23/2025,3779
Wind,21,20,2/9/2020,11896
Wind,7,6,1/5/2023,7965
Wind,21,20,9/15/2023,3195
Wind,0,23,9/15/2023,4953
Wind,16,15,11/14/2020,8436
Wind,18,17,2/11/2022,2107
Wind,5,4,2/20/2025,7070
Solar,9,8,6/28/2025,3941
Wind,5,4,8/6/2022,5611
Wind,0,23,5/24/2020,2435
Wind,0,23,6/13/2025,5332
Solar,17,16,5/3/2025,10481
Wind,8,7,11/22/2024,9522
Wind,10,9,8/22/2021,4991
Wind,13,12,1/10/2023,15075
Wind,5,4,6/21/2021,2933
Solar,18,17,9/20/2022,5469
Wind,18,17,1/27/2021,3743
Wind,10,9,9/23/2020,4073
Solar,19,18,4/8/2020,1595
Wind,8,7,10/9/2024,8883
Wind,1,0,5/7/2025,9348
Wind,22,21,9/14/2023,1857
Wind,6,5,2/11/2020,11769
Wind,13,12,1/17/2020,8804
Solar,15,14,3/24/2025,6048
Solar,11,10,8/7/2024,5496
Wind,2,1,5/15/2025,6358
Wind,7,6,3/22/2023,9994
Wind,17,16,11/26/2020,1476
Wind,21,20,5/13/2020,7492
Wind,2,1,3/18/2025,12131
Wind,11,10,11/6/2025,6247
Wind,4,3,8/19/2021,1695
Wind,5,4,2/23/2020,9644
Wind,4,3,4/23/2025,6268
Wind,3,2,5/10/2022,1193
Wind,21,20,12/1/2023,5060
Wind,3,2,7/21/2021,2864
Wind,6,5,9/23/2022,546
Wind,11,10,1/3/2023,6763
Wind,23,22,12/7/2024,17557
Wind,4,3,3/28/2022,1693
Wind,11,10,10/7/2020,6946
Wind,22,21,8/23/2022,736
Wind,21,20,5/27/2023,3594
Wind,21,20,10/10/2023,2170
Wind,5,4,5/17/2025,4673
Wind,22,21,5/21/2020,660
Wind,8,7,3/15/2023,2413
Wind,11,10,12/14/2024,3475
Solar,15,14,1/19/2025,3805
Wind,2,1,12/29/2021,9126
Wind,2,1,1/29/2025,17602
Wind,3,2,1/22/2024,16724
Solar,9,8,8/21/2023,2472
Wind,22,21,9/16/2022,5135
Wind,8,7,4/21/2023,3141
Wind,16,15,4/22/2023,9856
Wind,23,22,11/5/2021,2244
Wind,7,6,12/23/2024,16444
Wind,18,17,3/9/2022,5318
Wind,0,23,8/10/2025,7903
Wind,2,1,2/17/2023,7099
Wind,19,18,8/29/2020,4957
Wind,10,9,8/29/2025,13975
Wind,8,7,2/5/2021,1837
Wind,11,10,5/13/2020,5295
Wind,2,1,1/27/2024,1993
Wind,9,8,2/13/2025,1808
Wind,21,20,3/10/2022,6268
Wind,5,4,7/2/2022,780
Wind,22,21,2/11/2022,2877
Wind,17,16,12/18/2022,9972
Solar,15,14,4/7/2023,8432
Wind,13,12,1/9/2025,13546
Wind,0,23,12/19/2020,5475
Wind,13,12,2/18/2022,18336
Wind,8,7,10/16/2025,5067
Wind,0,23,9/29/2020,648
Wind,4,3,8/17/2025,5689
Solar,11,10,9/29/2022,3096
Wind,23,22,4/22/2024,4627
Wind,0,23,7/3/2025,6293
Wind,11,10,10/1/2020,6509
Wind,3,2,2/24/2024,7042
Wind,0,23,6/26/2024,1220
Wind,12,11,11/17/2022,15564
Wind,2,1,8/23/2022,1180
Wind,13,12,3/8/2025,14394
Wind,7,6,4/25/2020,1918
Wind,14,13,3/29/2025,14163
Wind,2,1,3/20/2021,6045
Wind,15,14,3/26/2021,11408
Wind,1,0,4/25/2023,2929
Wind,8,7,10/16/2020,2998
Solar,16,15,7/15/2022,7499
Wind,5,4,8/28/2023,3258
Wind,1,0,1/9/2024,4857
Wind,16,15,11/5/2025,12356
Wind,23,22,12/14/2020,6487
Wind,0,23,7/31/2022,3161
Wind,21,20,1/14/2023,13584
Wind,17,16,4/13/2020,11122
Wind,14,13,2/26/2024,14168
Wind,7,6,9/3/2020,1674
Wind,17,16,12/21/2020,11318
Wind,1,0,4/24/2023,9557
Wind,21,20,4/30/2023,1754
Solar,11,10,8/27/2021,5627
Solar,12,11,9/16/2022,6902
Wind,2,1,11/21/2025,4563
Solar,14,13,9/22/2022,6248
Solar,19,18,6/26/2021,2918
Wind,22,21,5/24/2023,6974
Wind,20,19,7/21/2020,3934
Wind,13,12,8/8/2021,9302
Wind,13,12,3/5/2021,9127
Wind,0,23,7/28/2022,1995
Wind,2,1,8/6/2023,13743
Wind,16,15,12/2/2022,3878
Wind,18,17,10/11/2023,6965
Wind,2,1,11/20/2022,4543
Wind,11,10,7/15/2023,11920
Solar,11,10,2/9/2023,4291
Wind,15,14,3/11/2024,10464
Wind,18,17,2/28/2023,7747
Wind,1,0,7/19/2022,5843
Wind,0,23,3/24/2022,5843
Wind,3,2,7/31/2021,5229
Wind,6,5,2/1/2025,3211
Wind,11,10,8/29/2020,3727
Wind,4,3,1/21/2021,12756
Wind,4,3,7/3/2022,1428
Wind,1,0,9/14/2025,5040
Wind,9,8,12/22/2021,3172
Wind,19,18,2/6/2021,4300
Wind,17,16,3/9/2020,8263
Wind,8,7,2/5/2022,3579
Wind,21,20,10/31/2025,14868
Solar,19,18,4/7/2025,5498
Wind,3,2,8/2/2021,1200
Solar,18,17,6/11/2025,8263
Solar,14,13,10/25/2022,5679
Wind,6,5,10/21/2022,9051
Wind,14,13,10/20/2025,19753
Wind,20,19,8/14/2025,3576
Wind,9,8,1/30/2024,6919
Solar,10,9,7/6/2023,3928
Solar,15,14,6/8/2020,5620
Wind,8,7,10/7/2021,1491
Wind,5,4,4/4/2021,5664
Solar,15,14,11/26/2020,2923
Solar,11,10,12/30/2024,2306
Solar,15,14,8/30/2022,5938
Solar,11,10,7/19/2021,5500
Wind,9,8,7/24/2021,4225
Wind,6,5,2/21/2021,8883
Wind,3,2,4/27/2022,5575
Wind,13,12,1/4/2023,17318
Wind,1,0,7/11/2021,1348
Wind,21,20,11/4/2025,14429
Wind,9,8,9/12/2022,3604
Wind,7,6,9/2/2022,1890
Wind,10,9,5/5/2021,9071
Wind,20,19,1/29/2021,11119
Wind,23,22,11/26/2023,5154
Wind,21,20,11/7/2024,3375
Wind,20,19,8/3/2021,1828
Wind,9,8,4/19/2022,2444
Wind,15,14,8/8/2021,9714
Wind,7,6,1/2/2022,8787
Wind,22,21,2/5/2024,8276
Wind,3,2,7/11/2021,1192
Wind,22,21,9/20/2020,2433
Wind,12,11,11/11/2024,6891
Wind,5,4,7/31/2024,2129
Wind,1,0,3/21/2020,7735
Solar,15,14,10/14/2021,5650
Wind,23,22,1/19/2025,1188
Wind,14,13,10/7/2024,6044
Wind,3,2,2/13/2025,1090
Solar,9,8,6/11/2022,2423
Wind,10,9,10/25/2023,10380
Solar,11,10,3/18/2024,5581
Wind,5,4,9/21/2020,817
Wind,8,7,11/28/2025,7806
Wind,5,4,4/7/2020,1718
Wind,11,10,3/2/2020,5353
Solar,11,10,7/23/2020,2720
Wind,0,23,3/22/2022,4199
Wind,23,22,2/22/2023,1437
Wind,1,0,10/4/2023,3511
Wind,18,17,10/26/2023,4734
Wind,20,19,2/25/2023,8542
Wind,22,21,8/28/2024,2163
Wind,16,15,11/13/2020,4593
Solar,17,16,4/29/2021,3421
Wind,22,21,4/15/2024,14523
Wind,10,9,2/17/2024,4037
Wind,23,22,10/18/2020,912
Solar,11,10,10/7/2023,6141
Wind,0,23,7/17/2021,5090
Wind,21,20,10/30/2022,2069
Wind,11,10,2/2/2021,11997
Wind,6,5,6/25/2020,3558
Solar,18,17,5/3/2025,9346
Wind,1,0,11/12/2021,934
Solar,12,11,8/2/2024,6672
Wind,21,20,9/26/2020,8134
Wind,4,3,9/21/2023,9550
Wind,10,9,4/23/2022,6361
Wind,19,18,1/2/2021,1837
Wind,19,18,12/17/2021,8144
Wind,13,12,11/23/2021,9900
Wind,2,1,12/13/2023,9953
Solar,10,9,10/27/2024,3309
Wind,2,1,9/7/2025,6555
Wind,3,2,8/22/2020,5104
Wind,22,21,7/30/2022,1951
Wind,9,8,8/26/2025,5983
Wind,12,11,11/1/2020,13574
Solar,11,10,6/20/2025,8561
Wind,13,12,9/22/2023,11770
Wind,6,5,1/20/2025,1668
Wind,6,5,10/20/2021,10713
Wind,16,15,12/20/2020,4461
Wind,20,19,8/9/2025,5496
Wind,4,3,11/20/2024,8076
Wind,18,17,7/2/2025,11247
Wind,22,21,1/23/2020,2993
Wind,4,3,8/11/2021,704
Solar,17,16,6/10/2020,3105
Wind,7,6,8/9/2021,2967
Wind,21,20,11/5/2020,8082
Wind,2,1,4/23/2024,4273
Wind,0,23,7/30/2024,2765
Solar,16,15,7/23/2022,6571
Wind,2,1,12/25/2020,6863
Wind,2,1,8/8/2024,1289
Wind,18,17,12/30/2022,15843
Wind,11,10,2/25/2022,7997
Wind,13,12,10/21/2023,20931
Wind,6,5,7/21/2021,1927
Wind,11,10,11/15/2023,10577
Wind,18,17,1/9/2023,13412
Wind,8,7,11/8/2021,1922
Wind,23,22,4/14/2021,5346
Wind,21,20,6/27/2021,1366
Wind,18,17,2/5/2020,1746
Wind,3,2,9/17/2021,711
Wind,7,6,12/29/2023,12493
Wind,2,1,12/2/2022,2232
Solar,14,13,7/23/2021,7412
Wind,5,4,1/26/2025,10046
Wind,22,21,6/3/2022,2859
Wind,1,0,6/23/2022,1625
Wind,18,17,4/23/2021,7944
Solar,17,16,3/23/2022,5220
Wind,2,1,4/3/2023,5706
Solar,9,8,6/16/2023,2630
Wind,20,19,11/16/2024,2040
Solar,14,13,6/22/2025,5526
Wind,12,11,2/24/2023,6498
Solar,18,17,10/17/2020,1367
Solar,11,10,5/11/2022,7976
Wind,20,19,6/20/2023,3357
Wind,0,23,5/22/2022,3313
Wind,7,6,10/30/2024,1827
Wind,20,19,2/20/2020,10617
Solar,10,9,6/22/2022,3779
Wind,20,19,3/31/2021,1121
Wind,1,0,12/30/2024,709
Wind,11,10,3/20/2020,6229
Wind,7,6,12/25/2021,1843
Wind,2,1,3/28/2023,2283
Solar,16,15,6/30/2022,5921
Wind,0,23,7/24/2025,2166
Wind,21,20,2/27/2022,6011
Wind,18,17,3/16/2025,7970
Wind,12,11,6/15/2024,10538
Wind,20,19,1/13/2023,10798
Wind,17,16,2/10/2020,13770
Wind,18,17,11/8/2021,1805
Wind,17,16,1/10/2025,2433
Wind,0,23,6/2/2020,1765
Wind,5,4,12/18/2022,5927
Wind,12,11,11/19/2023,16559
Wind,5,4,4/14/2020,7144
Solar,11,10,6/21/2024,5580
Wind,7,6,5/21/2021,8861
Wind,2,1,6/25/2021,2038
Solar,12,11,10/9/2023,5494
Wind,6,5,4/11/2024,3540
Wind,7,6,1/12/2025,3081
Wind,18,17,12/28/2024,354
Wind,5,4,7/20/2020,2939
Wind,6,5,5/18/2020,1868
Wind,20,19,2/6/2022,16044
Wind,6,5,4/30/2023,3818
Wind,14,13,2/29/2024,12775
Wind,21,20,8/17/2022,1406
Wind,3,2,3/12/2022,9389
Wind,16,15,3/21/2020,11152
Wind,10,9,2/2/2025,3472
Wind,6,5,2/14/2022,11744
Wind,21,20,8/9/2023,1211
Wind,9,8,2/23/2024,14058
Wind,1,0,6/30/2020,3738
Solar,18,17,8/14/2023,7241
Solar,16,15,4/10/2022,7678
Solar,11,10,6/9/2025,3733
Solar,13,12,5/7/2024,7214
Solar,11,10,5/31/2022,4174
Wind,1,0,7/24/2025,2396
Wind,17,16,3/14/2024,9218
Solar,18,17,5/30/2025,6501
Wind,23,22,9/27/2020,5190
Wind,15,14,9/27/2022,13231
Wind,3,2,1/27/2020,8486
Solar,18,17,6/28/2021,3945
Wind,1,0,10/3/2020,3195
Solar,12,11,6/12/2025,5733
Wind,18,17,9/2/2025,15009
Wind,18,17,6/4/2023,7894
Wind,9,8,12/2/2024,8193
Wind,21,20,6/4/2023,5847
Wind,6,5,3/25/2023,14863
Wind,13,12,5/2/2024,12077
Wind,22,21,9/18/2024,8671
Wind,9,8,10/9/2025,2496
Wind,3,2,9/11/2022,664
Wind,16,15,1/29/2025,12248
Wind,10,9,3/29/2021,4622
Wind,23,22,5/31/2023,8211
Wind,0,23,8/31/2024,5370
Wind,2,1,11/6/2023,12102
Wind,9,8,3/25/2021,2635
Solar,9,8,8/5/2024,2548
Wind,6,5,7/2/2021,405
Wind,5,4,1/27/2025,18396
Wind,19,18,5/15/2020,4342
Wind,5,4,9/6/2021,1107
Wind,21,20,10/24/2021,3398
Wind,8,7,12/6/2024,14357
Wind,23,22,8/26/2023,1513
Solar,17,16,5/4/2020,5092
Wind,8,7,10/17/2022,7554
Solar,11,10,8/2/2022,5062
Wind,16,15,4/13/2025,4463
Wind,8,7,4/25/2022,3208
Wind,14,13,10/26/2022,8890
Wind,5,4,12/7/2022,2473
Wind,20,19,10/24/2025,12506
Wind,10,9,8/31/2020,3237
Wind,18,17,6/30/2022,5168
Wind,16,15,11/4/2025,12341
Wind,22,21,8/17/2022,1307
Wind,12,11,12/8/2020,2686
Wind,2,1,3/24/2020,6628
Solar,15,14,7/21/2023,8927
Wind,1,0,6/28/2023,2630
Solar,13,12,9/14/2022,5716
Wind,16,15,5/29/2020,7953
Wind,18,17,8/19/2022,7064
Wind,5,4,8/17/2025,6032
Wind,18,17,4/1/2025,13004
Wind,10,9,10/13/2024,2980
Wind,13,12,4/5/2022,9346
Solar,15,14,4/29/2021,4221
Wind,15,14,2/25/2023,9931
Wind,18,17,7/19/2023,11158
Wind,2,1,10/10/2022,4732
Wind,1,0,4/17/2021,4306
Wind,21,20,12/21/2021,3015
Wind,22,21,4/22/2021,6303
Wind,18,17,11/23/2025,10653
Wind,6,5,6/11/2024,1874
Wind,21,20,5/27/2024,3315
Wind,20,19,9/28/2020,4208
Wind,4,3,8/7/2023,3593
Wind,23,22,3/29/2021,2491
Wind,22,21,5/22/2021,5778
Solar,15,14,11/19/2021,3318
Wind,6,5,1/27/2025,18096
Solar,10,9,8/13/2025,4027
Wind,18,17,9/14/2021,3219
Wind,3,2,5/8/2022,4076
Wind,3,2,7/3/2022,1530
Wind,1,0,7/24/2021,5890
Wind,1,0,11/21/2022,7993
Solar,11,10,4/5/2023,5948
Solar,15,14,8/11/2025,11543
Wind,12,11,7/13/2021,5885
Wind,7,6,9/19/2022,2502
Wind,18,17,12/5/2024,15699
Wind,10,9,11/1/2025,14047
Wind,4,3,11/17/2025,5317
Wind,21,20,8/16/2020,1759
Wind,13,12,1/22/2023,7106
Wind,18,17,5/24/2025,13001
Wind,13,12,1/21/2021,12248
Solar,12,11,7/17/2023,7791
Wind,11,10,10/28/2022,8983
Wind,1,0,7/8/2021,1738
Wind,20,19,6/6/2021,2910
Wind,3,2,9/12/2025,10052
Solar,16,15,10/13/2024,5251
Wind,6,5,2/13/2023,3438
Solar,17,16,4/21/2023,7315
Wind,5,4,12/22/2024,18507
Wind,20,19,6/11/2020,3890
Wind,5,4,10/17/2021,1793
Wind,10,9,4/7/2022,16777
Wind,20,19,11/25/2024,6360
Wind,15,14,5/30/2024,11924
Wind,15,14,11/19/2023,17043
Wind,21,20,2/4/2024,8328
Wind,5,4,9/23/2022,505
Wind,16,15,5/17/2023,13945
Wind,0,23,5/2/2024,9680
Solar,13,12,9/21/2025,4035
Wind,14,13,8/28/2025,12192
Wind,19,18,1/15/2023,14920
Wind,1,0,3/30/2024,4270
Wind,2,1,11/27/2024,8974
Wind,9,8,3/11/2022,12227
Wind,0,23,8/27/2022,4610
Wind,17,16,11/9/2025,4511
Wind,3,2,4/3/2021,9279
Solar,13,12,7/5/2022,7173
Wind,17,16,10/2/2020,4517
Wind,20,19,3/3/2024,4860
Wind,23,22,10/30/2020,2173
Wind,14,13,1/29/2025,14188
Wind,3,2,6/7/2025,5372
Wind,5,4,7/17/2022,5437
Wind,3,2,9/21/2021,3038
Solar,16,15,8/21/2022,5244
Wind,2,1,10/28/2022,7785
Wind,2,1,3/14/2025,2246
Wind,0,23,4/22/2024,4362
Solar,15,14,8/15/2021,6192
Wind,9,8,11/1/2023,12856
Wind,6,5,12/19/2024,17699
Solar,15,14,9/15/2024,6259
Solar,15,14,7/1/2022,7548
Wind,5,4,1/11/2020,2401
Solar,15,14,9/7/2021,7947
Wind,0,23,12/4/2022,708
Solar,12,11,7/27/2025,8163
Wind,4,3,3/19/2022,11419
Solar,13,12,6/13/2023,7666
Wind,16,15,10/31/2020,9419
Wind,7,6,6/19/2023,1407
Wind,0,23,5/15/2023,7719
Wind,20,19,3/16/2021,6005
Solar,18,17,6/12/2023,4747
Wind,22,21,7/3/2020,2958
Wind,21,20,6/19/2025,5164
Wind,8,7,2/12/2020,8307
Wind,20,19,9/7/2024,4461
Wind,18,17,12/17/2020,2892
Wind,23,22,10/4/2021,6535
Wind,7,6,2/27/2021,5900
Wind,3,2,12/14/2022,1972
Wind,2,1,1/1/2024,15228
Wind,23,22,7/25/2023,2896
Wind,9,8,7/18/2022,4324
Wind,11,10,5/10/2021,9543
Solar,13,12,11/8/2021,4759
Wind,6,5,12/10/2022,1514
Solar,18,17,6/25/2020,3179
Wind,3,2,11/29/2020,4361
Wind,5,4,8/5/2023,2376
Wind,3,2,10/12/2020,3229
Wind,18,17,1/13/2021,9862
Wind,23,22,4/20/2022,4403
Wind,8,7,3/6/2020,7635
Wind,1,0,1/15/2021,8913
Wind,1,0,2/16/2022,13892
Wind,19,18,4/2/2021,12278
Wind,21,20,11/24/2021,2080
Solar,14,13,9/18/2022,11642
Wind,19,18,8/5/2025,11488
Solar,12,11,4/16/2022,9283
Wind,21,20,5/2/2024,11202
Wind,9,8,12/1/2022,4364
Solar,13,12,9/17/2023,7328
Solar,14,13,6/21/2025,10245
Wind,6,5,5/27/2020,3501
Wind,17,16,2/27/2021,10738
Wind,22,21,3/26/2024,8154
Solar,17,16,8/26/2022,6095
Wind,22,21,7/13/2022,1816
Wind,7,6,1/23/2020,5026
Wind,8,7,8/17/2020,1942
Wind,10,9,3/26/2020,7178
Wind,22,21,3/6/2024,1843
Wind,0,23,4/30/2025,5987
Wind,8,7,2/14/2020,3792
Wind,19,18,8/26/2022,4553
Wind,7,6,4/22/2025,1187
Wind,18,17,12/1/2022,3675
Solar,14,13,2/5/2025,6610
Wind,18,17,1/30/2022,1434
Wind,22,21,9/29/2021,3641
Wind,7,6,5/13/2024,1884
Wind,22,21,8/30/2020,3777
Solar,17,16,7/11/2020,5785
Solar,13,12,9/29/2025,8857
Solar,9,8,6/28/2024,3771
Solar,12,11,5/9/2020,3231
Wind,20,19,5/22/2024,4870
Wind,9,8,7/3/2020,2944
Solar,16,15,11/23/2020,1643
Wind,2,1,2/24/2022,3851
Wind,8,7,3/7/2025,9990
Wind,7,6,5/26/2020,3338
Wind,10,9,1/12/2023,16699
Wind,11,10,11/30/2021,13024
Wind,4,3,6/19/2022,10066
Wind,8,7,12/7/2022,2196
Wind,0,23,7/21/2022,2858
Wind,23,22,5/17/2025,3077
Wind,22,21,12/15/2024,9775
Wind,23,22,9/28/2020,4092
Solar,12,11,3/5/2022,5186
Solar,13,12,7/4/2025,10562
Wind,6,5,6/20/2024,4917
Wind,20,19,2/4/2022,6944
Wind,11,10,1/18/2020,2843
Wind,22,21,5/26/2021,2353
Wind,8,7,10/30/2024,2071
Wind,3,2,8/18/2020,1283
Wind,14,13,5/23/2022,9217
Wind,4,3,4/28/2025,3069
Wind,5,4,7/9/2024,5209
Wind,18,17,10/20/2025,17333
Wind,13,12,3/9/2020,9648
Wind,3,2,3/14/2025,2194
Wind,7,6,9/16/2020,526
Solar,15,14,6/26/2023,10618
Wind,15,14,5/6/2025,8761
Wind,4,3,10/27/2024,1944
Wind,5,4,9/6/2024,1511
Wind,4,3,10/18/2020,583
Solar,15,14,8/12/2020,4536
Wind,0,23,7/14/2021,7745
Wind,11,10,1/21/2024,14443
Wind,3,2,6/19/2024,3425
Wind,23,22,9/22/2024,3299
Wind,22,21,1/6/2022,7422
Wind,11,10,1/3/2020,9189
Wind,4,3,1/21/2023,6960
Solar,17,16,9/4/2021,3636
Solar,15,14,6/19/2021,4390
Wind,1,0,4/11/2021,4255
Wind,14,13,3/13/2021,17323
Wind,12,11,9/15/2025,11011
Wind,2,1,5/9/2024,4350
Solar,15,14,8/31/2024,8366
Wind,19,18,5/22/2025,9293
Solar,16,15,3/30/2021,5587
Wind,22,21,4/29/2022,4703
Solar,16,15,6/24/2025,5446
Wind,3,2,6/19/2022,10201
Wind,18,17,4/1/2020,3836
Wind,5,4,6/8/2020,1414
Wind,20,19,11/13/2025,11859
Wind,20,19,10/3/2023,4989
Wind,22,21,1/11/2023,15556
Wind,2,1,8/20/2024,3390
Wind,15,14,3/1/2020,8968
Wind,22,21,8/14/2021,916
Wind,3,2,12/14/2021,587
Wind,2,1,10/27/2024,1635
Wind,2,1,7/30/2021,1469
Wind,7,6,4/16/2025,3691
Wind,1,0,10/4/2020,7366
Wind,7,6,12/18/2022,6077
Wind,22,21,7/9/2021,370
Wind,18,17,1/17/2022,1397
Wind,2,1,2/10/2025,3221
Wind,16,15,7/23/2023,9714
Wind,6,5,5/1/2020,6913
Wind,19,18,5/12/2023,5556
Wind,20,19,12/21/2022,11825
Wind,11,10,1/4/2020,4479
Wind,18,17,7/14/2021,8231
Wind,22,21,7/8/2025,2398
Wind,2,1,5/31/2025,837
Wind,9,8,9/17/2025,4458
Wind,22,21,5/10/2022,2140
Wind,19,18,3/31/2023,19093
Wind,0,23,10/4/2024,2882
Wind,3,2,2/4/2021,4372
Wind,12,11,1/3/2020,9534
Wind,0,23,8/31/2020,1614
Solar,10,9,9/8/2025,3178
Wind,19,18,11/11/2022,3699
Solar,16,15,10/21/2024,8393
Solar,16,15,7/4/2022,6170
Wind,3,2,2/1/2025,3863
Wind,13,12,5/23/2022,8430
Solar,9,8,6/20/2025,5469
Solar,14,13,5/22/2020,6982
Wind,0,23,1/1/2022,5385
Wind,9,8,10/29/2022,7385
Wind,23,22,1/3/2025,3446
Wind,5,4,3/29/2021,3859
Wind,14,13,1/24/2021,9132
Wind,7,6,10/6/2021,8232
Wind,16,15,11/26/2023,3911
Solar,10,9,5/28/2022,5809
Wind,5,4,2/5/2024,7263
Wind,8,7,1/28/2025,18356
Wind,18,17,2/22/2023,2037
Wind,2,1,2/17/2024,3267
Wind,23,22,10/3/2022,1692
Wind,18,17,11/25/2021,2854
Wind,11,10,2/24/2025,15434
Wind,9,8,11/20/2021,1106
Wind,3,2,8/20/2025,2739
Wind,19,18,11/14/2020,10406
Solar,17,16,7/23/2025,6403
Wind,21,20,9/29/2021,3738
Wind,21,20,1/23/2024,17177
Solar,12,11,4/10/2025,11510
Wind,1,0,12/24/2024,4716
Solar,16,15,8/15/2025,10700
Solar,9,8,6/3/2024,3377
Wind,1,0,1/10/2025,4208
Wind,8,7,5/28/2020,3834
Wind,7,6,2/2/2024,5384
Wind,2,1,4/15/2021,5298
Wind,2,1,7/16/2023,10971
Wind,1,0,7/4/2022,3402
Wind,19,18,12/15/2022,8325
Wind,14,13,5/31/2020,8072
Wind,10,9,11/8/2020,3896
Wind,11,10,7/25/2021,5701
Wind,18,17,2/15/2020,10164
Wind,21,20,5/22/2023,4807
Wind,22,21,6/20/2024,2123
Wind,8,7,1/24/2022,3018
Wind,0,23,8/30/2021,4985
Solar,15,14,10/7/2021,5955
Solar,15,14,6/18/2020,5121
Wind,6,5,2/17/2020,6130
Wind,2,1,3/30/2020,11994
Wind,9,8,7/3/2025,5437
Wind,17,16,12/10/2021,13856
Wind,12,11,3/8/2023,15972
Wind,20,19,7/31/2025,6732
Wind,1,0,5/27/2023,8791
Wind,6,5,10/29/2023,14125
Wind,9,8,4/21/2024,7076
Wind,9,8,11/30/2025,4801
Wind,20,19,1/23/2022,4009
Wind,4,3,12/10/2024,9960
Solar,14,13,7/16/2022,8810
Wind,16,15,8/23/2020,8621
Wind,11,10,10/20/2021,13349
Solar,13,12,5/5/2023,8234
Solar,14,13,5/28/2020,7312
Wind,9,8,12/23/2022,9829
Wind,17,16,9/10/2025,6743
Wind,23,22,1/1/2023,12955
Wind,0,23,5/30/2024,5756
Wind,18,17,11/7/2024,2897
Wind,20,19,6/30/2024,4150
Wind,3,2,7/26/2020,4286
Wind,3,2,11/1/2024,695
Wind,4,3,4/5/2024,8961
Wind,19,18,11/16/2020,4496
Wind,14,13,12/15/2022,6526
Solar,12,11,10/12/2021,5020
Wind,5,4,6/25/2020,3496
Solar,19,18,6/21/2023,2516
Solar,17,16,4/17/2025,7819
Wind,23,22,3/7/2024,12265
Wind,22,21,8/1/2025,4475
Wind,13,12,9/13/2025,13818
Wind,8,7,7/8/2025,6101
Wind,8,7,3/14/2023,16522
Wind,1,0,7/17/2023,3144
Wind,22,21,7/24/2023,3610
Solar,16,15,5/1/2022,6259
Wind,2,1,10/16/2021,1687
Wind,2,1,7/19/2020,1362
Wind,9,8,9/22/2024,3775
Wind,7,6,7/27/2021,1578
Wind,3,2,1/23/2020,6707
Solar,12,11,7/7/2023,8342
Wind,10,9,1/23/2022,3207
Wind,10,9,5/2/2020,4667
Wind,3,2,6/22/2022,3806
Wind,2,1,8/15/2024,1851
Wind,18,17,10/4/2021,6267
Wind,15,14,1/21/2023,10389
Wind,17,16,10/5/2021,12707
Wind,23,22,4/8/2025,5079
Wind,7,6,8/16/2021,4749
Wind,6,5,1/18/2020,4645
Wind,8,7,8/16/2021,5046
Wind,19,18,1/5/2025,18488
Wind,6,5,10/25/2020,7800
Solar,12,11,6/11/2022,5797
Wind,7,6,5/9/2024,3436
Wind,21,20,7/7/2024,3000
Solar,15,14,7/11/2023,9794
Wind,22,21,6/16/2020,1450
Solar,13,12,10/22/2022,6219
Solar,14,13,6/22/2022,5622
Wind,19,18,6/12/2020,4969
Wind,12,11,3/29/2024,13290
Wind,13,12,12/27/2020,13159
Solar,15,14,7/1/2021,5041
Wind,4,3,8/4/2025,3303
Wind,20,19,12/2/2021,4964
Wind,15,14,4/24/2023,10534
Wind,0,23,9/15/2022,2156
Wind,7,6,12/12/2022,1038
Wind,7,6,12/11/2022,2415
Wind,0,23,5/30/2021,5191
Wind,21,20,6/7/2022,3487
Wind,0,23,12/20/2021,3377
Wind,2,1,10/26/2025,10453
Wind,9,8,4/2/2023,10121
Wind,21,20,4/26/2020,466
Solar,10,9,4/19/2021,2735
Wind,9,8,3/1/2021,5349
Wind,18,17,8/26/2023,5041
Wind,9,8,9/23/2024,4634
Wind,17,16,3/21/2023,8241
Solar,12,11,7/29/2020,3483
Wind,1,0,11/14/2024,4003
Wind,3,2,8/5/2020,1003
Wind,9,8,7/15/2020,1905
Wind,6,5,4/24/2023,8273
Wind,9,8,6/13/2020,2926
Wind,19,18,1/4/2020,2983
Wind,7,6,6/25/2024,3497
Solar,15,14,1/12/2022,4731
Wind,22,21,8/19/2025,3579
Wind,1,0,6/28/2020,4765
Wind,7,6,3/8/2025,10878
Wind,7,6,9/6/2024,2426
Wind,13,12,5/31/2024,11737
Wind,18,17,6/1/2020,4261
Wind,13,12,11/2/2020,13394
Wind,13,12,4/11/2023,9998
Wind,2,1,3/1/2021,5776
Wind,19,18,2/24/2020,10814
Wind,3,2,9/15/2025,9831
Wind,19,18,5/23/2023,10411
Wind,22,21,3/4/2021,3114
Wind,7,6,3/20/2022,4720
Solar,15,14,6/21/2025,9972
Wind,5,4,8/12/2023,1660
Wind,15,14,2/11/2021,8606
Wind,9,8,12/16/2020,6819
Wind,11,10,1/23/2022,4428
Wind,0,23,8/22/2021,2991
Solar,15,14,10/27/2024,3213
Solar,13,12,9/8/2025,6498
Wind,2,1,2/27/2024,13652
Wind,20,19,2/2/2025,1296
Wind,9,8,11/19/2022,2689
Wind,20,19,1/10/2023,14924
Wind,11,10,12/26/2021,4021
Wind,18,17,7/26/2021,6326
Solar,9,8,7/10/2023,2252
Wind,2,1,3/18/2022,6520
Wind,7,6,3/26/2024,4088
Wind,11,10,12/25/2021,1761
Wind,5,4,3/9/2025,9371
Wind,23,22,11/21/2025,3561
Solar,12,11,8/28/2024,8271
Wind,8,7,4/9/2022,3140
Wind,14,13,8/27/2025,9935
Solar,15,14,7/24/2024,8396
Wind,4,3,12/1/2021,13696
Wind,15,14,10/2/2022,11081
Wind,19,18,6/2/2021,5123
Wind,1,0,8/25/2025,4994
Solar,11,10,6/21/2025,7971
Wind,0,23,6/20/2023,1043
Solar,12,11,8/9/2022,9212
Wind,1,0,5/7/2024,2917
Wind,1,0,2/20/2023,3125
Wind,8,7,10/17/2023,7154
Wind,5,4,12/18/2020,5875
Wind,17,16,5/29/2020,7583
Solar,15,14,8/14/2023,9682
Wind,16,15,5/4/2021,14449
Wind,10,9,3/1/2021,5489
Wind,18,17,2/4/2025,4150
Wind,17,16,5/20/2023,9396
Wind,7,6,2/20/2021,11021
Wind,0,23,6/8/2023,4890
Solar,9,8,8/11/2021,1398
Wind,2,1,4/16/2022,5425
Wind,16,15,2/22/2020,11215
Wind,6,5,9/20/2020,1430
Solar,17,16,7/26/2025,12297
Solar,17,16,7/7/2020,4966
Wind,8,7,10/14/2024,4181
Wind,13,12,1/10/2021,4787
Solar,14,13,5/26/2020,7674
Solar,11,10,6/11/2022,4978
Wind,4,3,11/15/2021,3192
Wind,3,2,2/17/2024,2933
Wind,21,20,8/4/2021,1904
Wind,5,4,2/24/2022,4560
Wind,17,16,4/25/2021,10672
Solar,16,15,10/10/2022,4814
Solar,14,13,6/7/2020,4010
Wind,22,21,3/20/2023,1961
Wind,20,19,4/16/2022,6468
Wind,20,19,2/21/2023,1282
Wind,11,10,9/16/2025,13417
Solar,12,11,10/15/2025,8271
Wind,3,2,4/30/2022,4404
Wind,14,13,3/16/2023,12494
Solar,14,13,6/18/2020,4693
Solar,12,11,5/13/2022,5938
Wind,12,11,11/5/2020,6089
Solar,16,15,4/29/2025,6311
Wind,0,23,5/4/2023,3643
Wind,1,0,11/17/2025,5025
Wind,6,5,7/1/2021,651
Solar,12,11,3/15/2023,6484
Solar,11,10,9/15/2023,5974
Wind,0,23,12/22/2023,13587
Wind,5,4,3/22/2021,4054
Wind,23,22,12/12/2022,6733
Solar,12,11,9/3/2023,7094
Wind,1,0,11/9/2021,1819
Wind,13,12,1/17/2021,7552
Wind,8,7,6/21/2023,1637
Wind,19,18,5/20/2021,9869
Wind,8,7,4/16/2021,4456
Wind,10,9,12/17/2022,3658
Wind,7,6,5/8/2022,3605
Wind,13,12,12/22/2022,14188
Solar,20,19,7/11/2021,1524
Wind,0,23,1/27/2020,11841
Solar,15,14,6/15/2020,5662
Wind,20,19,1/17/2020,7060
Wind,22,21,8/8/2025,1377
Wind,4,3,12/22/2023,16098
Solar,15,14,10/22/2025,7599
Wind,12,11,5/21/2023,5316
Wind,0,23,6/14/2025,2727
Wind,9,8,7/7/2025,7413
Wind,14,13,1/9/2024,7152
Wind,6,5,1/21/2021,11117
Wind,1,0,3/28/2024,14268
Wind,10,9,3/24/2024,14489
Wind,8,7,5/11/2022,3997
Wind,20,19,6/20/2021,3126
Wind,14,13,12/23/2020,11166
Solar,12,11,4/14/2024,3777
Wind,2,1,10/17/2025,5705
Wind,6,5,8/24/2023,3806
Wind,23,22,10/5/2022,6523
Wind,23,22,3/4/2025,2922
Wind,2,1,6/15/2021,2375
Wind,15,14,6/27/2020,11830
Wind,0,23,1/22/2020,6702
Wind,1,0,9/1/2023,4962
Wind,8,7,7/27/2024,942
Solar,14,13,9/12/2024,11222
Wind,23,22,9/5/2022,5367
Wind,20,19,6/22/2022,2962
Wind,8,7,9/6/2023,2356
Wind,0,23,8/26/2020,1950
Wind,7,6,2/19/2021,4981
Solar,15,14,6/14/2022,6715
Wind,14,13,2/22/2020,12629
Solar,12,11,9/14/2022,5082
Wind,14,13,6/15/2024,11056
Wind,8,7,1/1/2023,9266
Solar,18,17,9/5/2021,2963
Wind,0,23,11/24/2023,9503
Wind,1,0,5/26/2024,3450
Wind,5,4,9/23/2025,4925
Wind,6,5,8/28/2022,3796
Wind,5,4,11/17/2023,4902
Wind,13,12,12/15/2024,9874
Wind,18,17,8/22/2020,10771
Wind,3,2,10/3/2020,2954
Wind,23,22,6/4/2024,4507
Solar,16,15,5/3/2024,10504
Solar,12,11,2/6/2020,4762
Wind,4,3,1/19/2025,931
Wind,16,15,7/6/2021,11191
Solar,12,11,8/12/2020,3755
Wind,13,12,2/3/2024,7803
Solar,10,9,10/7/2025,3821
Wind,14,13,10/19/2024,10146
Wind,4,3,10/28/2025,11254
Wind,22,21,8/11/2021,438
Wind,23,22,2/5/2024,8550
Wind,0,23,9/28/2022,2524
Wind,9,8,12/18/2024,15129
Wind,3,2,2/6/2022,13175
Wind,9,8,10/12/2022,584
Wind,22,21,7/26/2022,2482
Solar,15,14,5/28/2021,5503
Wind,20,19,9/13/2023,1538
Wind,12,11,10/29/2025,7794
Solar,14,13,7/2/2024,8030
Wind,0,23,12/4/2024,6973
Wind,2,1,4/14/2021,4020
Solar,11,10,2/4/2023,4372
Wind,4,3,9/17/2023,2904
Wind,5,4,4/19/2023,7469
Wind,4,3,5/29/2021,2960
Wind,10,9,5/5/2025,12112
Wind,1,0,6/22/2024,4950
Wind,19,18,5/9/2020,2119
Wind,19,18,3/27/2025,3241
Wind,8,7,3/5/2022,2368
Wind,3,2,5/15/2020,7692
Wind,10,9,10/15/2022,11169
Wind,6,5,7/5/2023,9980
Wind,10,9,3/18/2022,9550
Solar,12,11,1/15/2022,3590
Wind,13,12,10/21/2022,8623
Wind,19,18,10/1/2021,5384
Solar,17,16,9/15/2023,6137
Wind,7,6,5/18/2022,1431
Wind,8,7,1/26/2025,10617
Wind,5,4,4/6/2021,4973
Solar,16,15,6/5/2024,8338
Solar,17,16,5/27/2023,7001
Solar,15,14,10/7/2023,8412
Wind,0,23,6/19/2025,6656
Solar,17,16,7/14/2020,5502
Wind,10,9,1/30/2025,6843
Solar,11,10,4/18/2020,2403
Wind,21,20,5/1/2020,7607
Wind,8,7,12/17/2024,2584
Wind,3,2,10/20/2021,11312
Solar,14,13,1/19/2025,4287
Wind,13,12,1/19/2020,7168
Wind,13,12,4/3/2022,8072
Wind,17,16,11/26/2022,4098
Wind,12,11,4/6/2024,11113
Wind,10,9,6/29/2024,4606
Solar,14,13,6/21/2022,4725
Wind,8,7,5/24/2021,7606
Wind,23,22,7/19/2025,3591
Wind,7,6,1/24/2023,7138
Wind,6,5,1/5/2023,8718
Wind,16,15,3/31/2024,12871
Wind,5,4,10/20/2021,10723
Wind,17,16,10/8/2020,10734
Wind,5,4,11/22/2025,4238
Wind,8,7,2/9/2021,1690
Wind,5,4,12/11/2022,2435
Wind,11,10,10/2/2022,8595
Wind,22,21,12/11/2021,4734
Wind,20,19,1/29/2025,7676
Wind,17,16,10/17/2024,3148
Wind,11,10,2/15/2020,9345
Wind,18,17,8/30/2021,7498
Wind,3,2,12/1/2022,3707
Wind,0,23,9/24/2023,6907
Wind,6,5,1/29/2020,8170
Wind,1,0,6/27/2025,3718
Wind,21,20,3/23/2020,7815
Solar,12,11,6/3/2024,6838
Wind,22,21,6/3/2020,4054
Wind,23,22,3/15/2024,11551
Wind,2,1,5/6/2020,2902
Wind,9,8,6/20/2022,4120
Wind,9,8,8/4/2022,2352
Wind,3,2,6/5/2025,3520
Wind,22,21,5/22/2024,3246
Solar,13,12,5/31/2021,8251
Solar,17,16,5/17/2025,5091
Wind,4,3,6/8/2023,4963
Solar,14,13,6/10/2020,3476
Wind,8,7,4/6/2021,4483
Wind,14,13,5/12/2020,5427
Wind,14,13,10/22/2021,7756
Wind,21,20,10/25/2020,5286
Solar,10,9,11/10/2024,2337
Wind,4,3,8/27/2020,746
Wind,14,13,12/8/2020,2927
Wind,20,19,2/25/2020,11340
Wind,23,22,5/25/2025,7827
Wind,9,8,10/29/2024,2469
Wind,3,2,6/12/2023,1550
Solar,19,18,6/11/2022,3464
Wind,10,9,10/14/2024,4669
Wind,8,7,11/29/2023,3138
Wind,20,19,5/11/2023,3543
Wind,6,5,5/30/2022,3358
Wind,2,1,4/20/2023,9578
Wind,16,15,10/26/2025,14457
Solar,13,12,6/3/2021,4373
Solar,20,19,5/9/2022,1377
Wind,4,3,12/20/2021,3033
Wind,7,6,10/9/2023,1355
Wind,1,0,9/15/2023,3113
Wind,6,5,9/8/2023,1193
Wind,4,3,6/24/2020,4927
Wind,3,2,11/30/2024,4784
Wind,5,4,4/14/2025,625
Wind,2,1,8/13/2021,1385
Wind,21,20,7/6/2021,3252
Wind,7,6,5/2/2020,4527
Wind,8,7,9/25/2021,1626
Wind,0,23,9/13/2025,5473
Wind,21,20,5/3/2022,3913
Wind,7,6,5/31/2022,629
Wind,21,20,4/4/2021,1822
Solar,15,14,5/2/2022,6399
Wind,7,6,4/22/2022,4924
Wind,14,13,12/6/2021,6810
Wind,5,4,12/11/2021,7205
Wind,3,2,2/28/2025,4602
Wind,1,0,2/9/2023,2302
Wind,13,12,10/16/2020,4771
Wind,20,19,10/17/2023,9601
Wind,1,0,10/21/2025,16078
Wind,16,15,11/7/2023,10062
Wind,21,20,10/30/2025,7973
Wind,2,1,10/19/2020,1282
Wind,1,0,9/8/2023,1364
Wind,19,18,10/19/2025,12954
Solar,16,15,11/13/2022,2623
Wind,0,23,2/24/2021,6614
Solar,15,14,4/16/2023,10098
Wind,22,21,8/19/2024,2334
Wind,21,20,3/1/2024,13391
Wind,0,23,4/25/2025,5109
Wind,1,0,6/5/2025,2919
Wind,21,20,5/4/2024,3018
Solar,18,17,8/19/2023,5543
Solar,10,9,3/21/2024,3781
Wind,2,1,4/5/2021,3111
Wind,23,22,5/19/2021,3897
Wind,4,3,12/21/2023,14043
Wind,5,4,2/22/2025,10381
Wind,0,23,2/7/2021,1739
Wind,7,6,5/10/2025,7169
Wind,15,14,2/25/2025,13221
Wind,3,2,7/2/2024,2993
Wind,7,6,5/25/2023,7649
Solar,17,16,4/13/2022,3243
Wind,19,18,2/15/2025,3681
Wind,6,5,4/19/2022,2287
Wind,0,23,2/14/2021,10047
Wind,3,2,1/13/2024,2005
Wind,22,21,6/23/2024,1679
Wind,23,22,6/23/2023,2045
Wind,17,16,12/13/2022,2696
Wind,21,20,10/3/2023,4434
Solar,16,15,7/13/2023,9653
Wind,18,17,4/19/2020,4146
Wind,20,19,12/1/2022,3999
Wind,20,19,6/23/2025,9992
Wind,2,1,9/8/2020,1554
Wind,19,18,7/3/2024,9354
Wind,4,3,7/25/2025,2035
Solar,11,10,6/20/2021,3778
Wind,9,8,5/31/2023,7123
Solar,12,11,5/1/2021,3323
Wind,13,12,4/2/2023,12812
Wind,11,10,1/8/2022,10733
Wind,14,13,2/23/2024,16191
Wind,18,17,1/22/2021,3817
Wind,5,4,7/5/2025,2489
Solar,13,12,4/18/2024,8623
Wind,1,0,10/24/2024,6796
Wind,23,22,8/8/2023,2582
Wind,18,17,1/13/2020,9926
Solar,14,13,6/27/2025,11541
Wind,6,5,7/1/2024,1695
Wind,22,21,5/11/2024,3472
Wind,15,14,9/7/2025,7231
Wind,14,13,11/19/2023,17786
Wind,19,18,12/11/2020,6188
Wind,6,5,8/28/2020,4524
Solar,14,13,2/4/2025,8211
Wind,6,5,2/9/2020,11052
Wind,6,5,4/13/2022,1227
Wind,23,22,10/24/2021,3438
Wind,6,5,10/24/2024,6302
Wind,7,6,2/16/2023,4250
Wind,5,4,6/11/2024,1800
Wind,0,23,10/16/2020,1207
Wind,4,3,6/28/2020,4867
Wind,12,11,3/23/2024,12855
Wind,4,3,8/13/2025,1056
Wind,2,1,7/4/2022,3580
Solar,16,15,4/18/2022,5600
Solar,17,16,8/18/2025,7367
Wind,19,18,11/17/2024,4964
Wind,0,23,4/30/2023,1696
Wind,3,2,3/20/2020,3316
Solar,13,12,12/15/2023,4274
Wind,14,13,11/28/2021,10375
Wind,22,21,10/31/2025,15246
Wind,13,12,10/5/2022,14483
Wind,11,10,6/23/2025,11567
Wind,19,18,3/1/2023,7450
Wind,11,10,12/12/2022,3288
Wind,16,15,11/12/2021,3879
Wind,13,12,12/21/2023,19358
Wind,3,2,10/25/2024,6941
Wind,19,18,2/24/2023,3224
Solar,12,11,7/8/2022,7531
Wind,2,1,11/8/2020,4275
Wind,1,0,11/1/2021,9125
Wind,1,0,11/23/2024,8044
Wind,6,5,12/23/2024,17108
Wind,22,21,11/15/2023,4402
Solar,14,13,7/29/2020,4027
Wind,17,16,3/1/2020,8574
Wind,11,10,12/16/2020,8045
Wind,5,4,11/2/2021,4888
Wind,10,9,11/9/2020,3308
Wind,5,4,10/4/2023,2628
Wind,23,22,2/16/2024,4567
Wind,12,11,3/21/2020,10973
Wind,6,5,8/8/2021,5042
Wind,6,5,5/29/2021,2581
Solar,15,14,9/8/2023,7239
Wind,3,2,1/16/2024,1868
Wind,22,21,6/26/2025,4580
Wind,6,5,9/28/2021,1599
Wind,3,2,3/6/2020,10808
Wind,6,5,10/10/2021,1374
Wind,19,18,6/7/2025,13408
Solar,12,11,12/2/2023,4402
Wind,21,20,6/9/2020,2462
Wind,20,19,7/14/2025,8818
Wind,22,21,2/5/2021,2566
Wind,22,21,2/2/2023,7011
Solar,17,16,5/26/2023,11645
Solar,15,14,8/3/2024,10343
Wind,1,0,10/14/2022,3451
Solar,13,12,8/12/2025,10561
Wind,8,7,3/28/2022,1693
Wind,5,4,5/2/2025,3410
Wind,18,17,4/13/2025,5953
Wind,22,21,10/9/2020,3453
Wind,3,2,8/6/2025,3916
Wind,22,21,6/11/2021,2176
Solar,10,9,6/19/2020,3181
Wind,8,7,1/24/2023,7104
Wind,22,21,9/15/2020,833
Wind,8,7,7/24/2023,4430
Wind,17,16,7/6/2025,14176
Wind,13,12,4/15/2021,9189
Wind,0,23,3/22/2025,4464
Wind,12,11,1/4/2024,11461
Wind,8,7,2/17/2023,8100
Wind,5,4,5/20/2024,1616
Wind,11,10,1/27/2024,5738
Wind,16,15,8/31/2023,10018
Wind,4,3,2/19/2021,4793
Solar,15,14,7/8/2021,5195
Wind,2,1,5/19/2023,6367
Wind,17,16,1/29/2021,14125
Wind,21,20,6/1/2022,2172
Wind,17,16,4/30/2020,14234
Wind,22,21,9/22/2021,2338
Wind,5,4,2/2/2024,4279
Solar,16,15,7/24/2022,7307
Wind,14,13,5/25/2021,14393
Wind,8,7,7/17/2023,2338
Solar,10,9,6/8/2024,4101
Wind,9,8,7/19/2022,5523
Wind,11,10,11/16/2020,9212
Wind,0,23,2/2/2024,6383
Wind,21,20,6/25/2020,1654
Wind,23,22,7/10/2025,3466
Wind,6,5,6/3/2022,2794
Wind,3,2,6/18/2020,1786
Wind,5,4,3/21/2024,2332
Wind,2,1,4/25/2023,2739
Wind,10,9,1/7/2022,9573
Wind,13,12,4/18/2023,12157
Wind,9,8,3/26/2023,14251
Wind,10,9,12/19/2023,9075
Wind,1,0,10/26/2022,6850
Wind,9,8,6/3/2025,5477
Wind,4,3,6/17/2020,1304
Wind,4,3,8/29/2025,8790
Wind,16,15,2/16/2020,13620
Wind,5,4,9/15/2020,3135
Solar,15,14,2/7/2022,6367
Wind,22,21,9/18/2021,2374
Wind,5,4,5/9/2023,2754
Solar,10,9,3/18/2024,3934
Wind,13,12,1/10/2024,2707
Wind,3,2,12/24/2020,10311
Wind,9,8,6/10/2024,7335
Wind,2,1,11/9/2022,9198
Wind,2,1,11/11/2024,2550
Wind,20,19,12/5/2022,1646
Wind,23,22,1/6/2020,6114
Wind,22,21,8/21/2023,1791
Wind,18,17,1/12/2020,4993
Wind,19,18,10/12/2024,6137
Solar,14,13,11/9/2020,2889
Wind,1,0,9/13/2022,2581
Wind,17,16,3/29/2020,13630
Wind,23,22,2/15/2025,5661
Wind,1,0,8/27/2025,2252
Wind,23,22,7/12/2023,3539
Wind,8,7,1/2/2025,6369
Wind,10,9,2/19/2021,6811
Wind,3,2,9/23/2025,7896
Wind,9,8,7/10/2022,4514
Wind,6,5,3/26/2021,3646
Wind,7,6,10/15/2021,1575
Wind,16,15,2/7/2025,10457
Wind,19,18,10/10/2025,3559
Wind,16,15,6/22/2023,9514
Wind,23,22,2/24/2022,7938
Wind,17,16,1/15/2025,3431
Wind,5,4,7/28/2021,3354
Wind,16,15,5/5/2025,15064
Wind,22,21,2/12/2023,4192
Wind,9,8,10/5/2021,10165
Wind,20,19,7/16/2022,4533
Solar,17,16,5/2/2023,8967
Wind,10,9,5/22/2021,12712
Wind,7,6,4/14/2025,479
Solar,12,11,8/19/2022,6190
Wind,9,8,11/12/2020,5261
Wind,3,2,6/5/2020,3265
Wind,6,5,8/10/2021,1248
Wind,1,0,2/15/2023,4757
Solar,12,11,7/26/2021,5093
Wind,11,10,2/6/2022,17304
Wind,20,19,12/20/2020,5429
Wind,14,13,5/29/2024,11498
Wind,20,19,3/14/2023,6322
Wind,19,18,3/17/2023,6610
Wind,6,5,8/8/2020,1149
Wind,3,2,5/2/2021,2502
Wind,17,16,1/21/2021,11579
Wind,3,2,7/4/2020,3974
Solar,15,14,8/7/2020,4514
Wind,22,21,4/1/2020,3851
Wind,7,6,9/15/2022,1567
Wind,11,10,2/16/2023,7146
Wind,1,0,5/18/2024,677
Wind,7,6,12/30/2020,2807
Wind,13,12,4/28/2024,8476
Solar,16,15,3/23/2021,3997
Wind,2,1,11/26/2023,2638
Wind,22,21,4/25/2023,2248
Wind,12,11,8/24/2021,9610
Wind,22,21,1/27/2025,17504
Wind,16,15,1/3/2025,4264
Wind,0,23,7/3/2022,3250
Wind,19,18,4/27/2022,7424
Wind,21,20,10/17/2022,1731
Wind,21,20,12/24/2024,2733
Wind,8,7,7/5/2025,3504
Wind,13,12,3/24/2024,17542
Wind,10,9,3/5/2021,5969
Wind,1,0,4/18/2023,7377
Wind,15,14,2/20/2020,13570
Wind,22,21,4/22/2023,4685
Wind,23,22,6/30/2021,1138
Wind,6,5,9/15/2023,2859
Wind,20,19,6/27/2021,1928
Wind,7,6,12/18/2023,1983
Wind,5,4,1/3/2025,2458
Wind,3,2,10/11/2025,3113
Wind,17,16,9/17/2022,10338
Wind,15,14,10/19/2020,7098
Wind,8,7,10/10/2024,7668
Wind,6,5,4/26/2022,2225
Solar,15,14,5/8/2023,6648
Wind,18,17,11/11/2021,380
Wind,21,20,11/23/2023,8437
Solar,18,17,4/27/2025,5174
Wind,22,21,9/27/2025,2138
Wind,19,18,10/4/2023,2050
Wind,7,6,4/3/2022,4104
Wind,2,1,8/25/2020,723
Wind,0,23,7/17/2022,4351
Wind,14,13,10/3/2025,11301
Wind,12,11,8/6/2021,11666
Wind,11,10,5/14/2021,6084
Wind,16,15,4/22/2024,11441
Wind,4,3,9/12/2021,833
Solar,13,12,5/21/2025,9175
Solar,16,15,9/21/2020,2049
Wind,21,20,2/7/2021,3072
Solar,19,18,8/27/2022,4302
Wind,9,8,11/4/2022,6595
Wind,22,21,9/18/2022,4391
Solar,11,10,6/18/2022,5292
Wind,4,3,10/22/2021,2015
Wind,13,12,4/29/2020,9416
Wind,4,3,2/13/2023,3717
Wind,19,18,5/7/2022,5564
Wind,7,6,7/4/2021,932
Wind,5,4,1/15/2023,11169
Wind,19,18,2/16/2023,6891
Wind,7,6,8/5/2024,776
Wind,2,1,5/16/2021,5170
Wind,11,10,3/8/2023,15041
Wind,14,13,10/30/2020,7334
Wind,11,10,4/26/2021,7918
Wind,7,6,7/7/2025,5004
Wind,10,9,8/24/2021,6030
Wind,1,0,4/1/2022,10193
Wind,0,23,8/21/2024,1351
Wind,23,22,1/19/2024,3386
Wind,13,12,5/24/2021,12352
Wind,2,1,5/18/2021,5826
Wind,15,14,11/4/2023,17543
Solar,10,9,7/14/2024,2112
Wind,10,9,3/10/2022,5077
Wind,2,1,3/10/2024,3791
Wind,0,23,2/28/2021,6317
Wind,1,0,4/23/2025,4602
Solar,9,8,6/16/2025,4345
Wind,8,7,3/26/2021,4671
Wind,8,7,8/3/2022,1048
Wind,8,7,11/1/2023,12440
Wind,13,12,11/21/2022,10615
Wind,22,21,9/23/2020,7077
Solar,10,9,7/21/2021,2455
Wind,0,23,5/25/2025,7409
Wind,19,18,1/20/2020,5481
Wind,0,23,7/16/2020,1793
Wind,4,3,4/11/2025,4126
Wind,3,2,7/30/2023,5343
Wind,0,23,12/19/2022,13567
Wind,3,2,12/4/2024,1630
Solar,12,11,6/10/2022,7582
Wind,10,9,11/17/2021,2394
Wind,4,3,4/24/2022,2963
Wind,1,0,5/28/2023,5726
Wind,11,10,1/24/2025,19742
Solar,12,11,6/8/2023,8461
Wind,8,7,11/19/2024,18100
Wind,6,5,7/10/2022,4280
Wind,8,7,5/15/2022,4614
Wind,10,9,9/28/2022,4568
Wind,13,12,2/17/2021,11639
Wind,13,12,10/9/2024,12368
Solar,15,14,6/4/2025,8787
Solar,12,11,11/4/2020,3051
Wind,9,8,2/26/2022,5296
Solar,13,12,3/17/2024,8354
Solar,15,14,2/15/2023,5873
Wind,9,8,7/31/2020,3969
Solar,10,9,4/15/2022,3210
Wind,6,5,12/12/2020,4914
Wind,9,8,9/2/2022,2497
Wind,8,7,3/16/2020,3407
Wind,16,15,11/21/2024,9569
Wind,4,3,8/7/2021,3328
Solar,13,12,2/28/2025,10622
Wind,4,3,4/23/2022,5891
Wind,5,4,1/7/2025,14713
Wind,0,23,10/25/2021,3138
Wind,2,1,11/7/2021,6691
Wind,20,19,2/4/2021,3434
Wind,5,4,2/22/2020,8062
Wind,0,23,10/23/2024,6864
Wind,1,0,8/17/2023,2496
Solar,14,13,3/2/2025,12215
Wind,1,0,2/5/2023,3594
Wind,8,7,2/7/2024,17057
Solar,14,13,6/20/2023,7992
Wind,5,4,1/13/2020,2614
Wind,3,2,9/22/2024,4342
Wind,0,23,8/27/2025,2306
Wind,23,22,11/9/2024,654
Wind,6,5,1/28/2021,10801
Wind,5,4,11/8/2024,2745
Solar,10,9,6/27/2024,4237
Solar,16,15,2/5/2025,5425
Wind,21,20,2/24/2025,6233
Solar,15,14,8/9/2022,10463
Wind,1,0,8/6/2020,1316
Wind,17,16,12/20/2022,8489
Solar,14,13,5/6/2022,6950
Wind,3,2,5/23/2025,3630
Wind,20,19,1/29/2022,9050
Wind,5,4,1/8/2023,11271
Wind,8,7,12/7/2024,18470
Wind,8,7,1/16/2020,5457
Wind,18,17,6/8/2022,10342
Wind,15,14,5/20/2021,11590
Wind,9,8,7/25/2021,3518
Solar,16,15,5/7/2020,4042
Wind,19,18,3/26/2021,8689
Wind,2,1,6/27/2023,3541
Wind,2,1,10/24/2024,6617
Solar,16,15,8/24/2020,6376
Wind,2,1,10/23/2021,1627
Wind,0,23,4/4/2020,6994
Wind,23,22,2/2/2023,6620
Wind,5,4,11/16/2022,8639
Wind,7,6,9/10/2020,1588
Wind,20,19,3/9/2022,5409
Wind,5,4,7/23/2025,981
Wind,16,15,3/10/2022,6480
Wind,22,21,12/4/2021,11148
Wind,5,4,9/2/2024,1417
Wind,8,7,8/5/2025,4930
Wind,5,4,2/19/2024,3561
Wind,21,20,9/23/2025,7015
Wind,6,5,3/17/2025,5480
Wind,1,0,12/12/2020,6148
Solar,12,11,6/2/2022,6196
Wind,21,20,8/11/2024,4609
Wind,18,17,7/27/2021,6091
Wind,19,18,10/1/2022,9643
Wind,21,20,12/12/2023,12126
Wind,7,6,3/17/2020,985
Wind,22,21,6/5/2024,2061
Wind,6,5,6/20/2021,3261
Wind,4,3,10/31/2025,9983
Wind,23,22,1/3/2024,16866
Wind,3,2,4/25/2021,8382
Wind,11,10,1/23/2024,10479
Wind,6,5,6/12/2023,1553
Wind,2,1,2/19/2022,11830
Wind,8,7,1/29/2020,7825
Wind,19,18,12/20/2020,5033
Solar,16,15,6/2/2020,3567
Wind,9,8,5/28/2024,6596
Wind,10,9,1/30/2023,7712
Wind,19,18,5/4/2020,4761
Wind,13,12,11/1/2021,12570
Wind,18,17,3/26/2020,6738
Solar,12,11,3/20/2022,5199
Wind,19,18,11/9/2021,1386
Wind,7,6,6/2/2020,1579
Wind,7,6,3/14/2021,10061
Wind,18,17,4/2/2024,14399
Solar,11,10,4/4/2025,8357
Wind,8,7,1/17/2023,2989
Wind,9,8,1/12/2023,16345
Wind,5,4,9/22/2022,2032
Wind,8,7,5/2/2020,4238
Wind,3,2,9/26/2024,12285
Solar,17,16,8/15/2024,9170
Wind,0,23,12/19/2024,10852
Wind,22,21,8/4/2025,4350
Wind,21,20,8/27/2023,4122
Wind,11,10,5/25/2023,12510
Wind,3,2,12/12/2020,5549
Wind,8,7,9/11/2023,1487
Wind,16,15,2/29/2024,11785
Wind,18,17,2/18/2025,7911
Wind,7,6,8/11/2020,789
Wind,22,21,7/12/2021,3009
Wind,10,9,12/10/2022,2001
Wind,2,1,9/8/2022,3781
Wind,2,1,4/13/2024,2145
Wind,12,11,5/19/2022,8552
Wind,2,1,5/15/2024,3240
Wind,1,0,1/4/2024,15949
Wind,5,4,3/16/2024,7152
Wind,3,2,4/17/2024,5485
Wind,0,23,10/10/2023,2350
Solar,18,17,7/20/2021,5061
Solar,20,19,6/28/2024,2931
Wind,5,4,10/17/2022,8371
Wind,17,16,5/4/2024,7097
Wind,17,16,11/23/2022,11998
Solar,15,14,7/25/2024,10189
Wind,1,0,11/22/2023,7046
Wind,14,13,5/23/2023,11450
Wind,15,14,10/17/2024,3422
Solar,16,15,6/18/2020,5327
Wind,20,19,9/16/2020,4286
Solar,11,10,9/1/2024,5454
Wind,2,1,11/29/2022,2348
Wind,1,0,7/31/2022,2172
Wind,23,22,11/11/2022,4710
Solar,14,13,10/24/2024,8418
Wind,2,1,9/9/2025,2328
Solar,11,10,6/3/2022,3195
Solar,13,12,4/11/2020,4030
Wind,7,6,3/28/2025,2900
Wind,2,1,9/24/2024,5173
Wind,9,8,5/29/2021,2818
Wind,18,17,12/13/2020,8724
Wind,16,15,12/21/2024,16264
Wind,10,9,1/30/2021,7466
Wind,20,19,4/28/2023,4416
Wind,9,8,2/22/2023,3681
Wind,3,2,7/4/2024,4917
Wind,23,22,8/17/2023,3285
Wind,7,6,3/1/2025,6964
Wind,18,17,4/5/2021,11176
Wind,4,3,4/24/2025,2874
Wind,12,11,1/1/2023,11352
Wind,19,18,9/21/2024,3706
Wind,9,8,2/6/2022,15231
Wind,13,12,6/22/2023,8029
Wind,0,23,6/19/2022,6609
Wind,8,7,12/29/2022,14628
Wind,17,16,10/8/2021,7401
Solar,16,15,3/3/2021,2297
Solar,10,9,8/25/2022,4102
Wind,13,12,11/2/2023,15749
Wind,16,15,4/28/2023,11332
Solar,9,8,3/19/2024,2995
Wind,3,2,10/18/2025,5298
Wind,19,18,9/9/2025,3952
Wind,7,6,2/26/2020,10052
Wind,4,3,8/2/2023,11426
Wind,5,4,1/27/2024,2168
Wind,10,9,12/29/2022,14107
Wind,6,5,8/31/2024,4126
Wind,5,4,1/12/2025,2882
Solar,13,12,10/10/2021,5083
Solar,13,12,3/6/2025,15080
Wind,21,20,9/27/2023,6093
Wind,7,6,3/21/2022,4047
Wind,15,14,7/25/2022,13252
Wind,21,20,1/7/2020,5559
Solar,13,12,6/19/2025,5699
Wind,23,22,10/2/2023,9165
Wind,7,6,10/22/2025,4199
Wind,2,1,8/20/2020,4652
Wind,9,8,1/5/2023,6315
Wind,9,8,4/15/2021,4765
Wind,7,6,4/3/2023,5730
Solar,17,16,7/28/2022,4699
Wind,23,22,3/16/2022,4803
Wind,0,23,2/11/2024,5948
Solar,11,10,4/18/2022,4102
Wind,1,0,8/20/2020,4778
Wind,19,18,5/30/2021,5283
Wind,1,0,2/3/2024,5398
Wind,13,12,2/2/2022,7343
Solar,17,16,8/11/2022,7985
Wind,1,0,3/2/2020,8237
Solar,13,12,7/20/2020,6001
Wind,7,6,2/25/2025,5499
Solar,10,9,9/27/2023,4720
Wind,8,7,1/28/2021,13384
Wind,10,9,4/11/2021,6470
Wind,14,13,1/4/2023,17387
Wind,8,7,5/22/2023,2460
Wind,0,23,6/1/2020,2810
Wind,8,7,1/12/2025,3280
Wind,15,14,12/28/2020,9585
Wind,12,11,3/26/2024,5113
Wind,4,3,5/5/2021,6830
Wind,9,8,2/3/2022,3193
Wind,0,23,11/15/2022,8025
Wind,18,17,1/13/2025,3745
Wind,12,11,10/29/2021,12826
Wind,22,21,2/20/2020,9235
Wind,21,20,9/11/2020,978
Wind,14,13,4/20/2022,6149
Wind,10,9,2/26/2021,3431
Wind,3,2,3/21/2023,3815
Wind,7,6,8/24/2022,918
Wind,4,3,3/4/2023,4696
Wind,7,6,7/12/2025,3675
Wind,9,8,8/8/2021,5143
Wind,12,11,3/26/2020,9436
Wind,19,18,4/14/2023,9132
Wind,3,2,2/24/2022,4044
Wind,22,21,1/19/2020,7199
Wind,19,18,9/28/2025,1930
Wind,21,20,7/25/2025,3699
Solar,16,15,9/21/2022,7231
Wind,22,21,3/27/2023,2171
Wind,18,17,1/10/2022,1854
Solar,12,11,6/15/2025,3323
Wind,20,19,9/27/2025,988
Solar,17,16,6/5/2024,5467
Wind,13,12,1/31/2022,16588
Solar,16,15,5/10/2025,6026
Solar,13,12,11/9/2020,3129
Wind,10,9,12/8/2024,17595
Solar,11,10,3/4/2021,2510
Wind,7,6,7/10/2020,2854
Solar,16,15,3/12/2025,3819
Solar,19,18,9/1/2023,3528
Wind,8,7,1/12/2024,6614
Solar,11,10,7/14/2023,9021
Wind,15,14,11/29/2020,3884
Wind,21,20,11/3/2023,11587
Wind,3,2,7/15/2024,806
Wind,22,21,1/13/2021,10124
Wind,20,19,5/5/2021,7103
Wind,22,21,3/21/2023,6853
Wind,17,16,7/3/2024,12507
Wind,3,2,7/11/2025,4561
Wind,11,10,7/30/2021,7443
Wind,9,8,4/6/2022,5703
Solar,11,10,11/9/2025,6137
Wind,10,9,2/8/2024,14578
Wind,0,23,5/6/2021,2774
Wind,10,9,10/23/2021,2533
Wind,0,23,10/7/2022,2893
Wind,21,20,2/2/2024,7591
Wind,19,18,12/13/2022,3271
Wind,0,23,5/28/2022,6736
Solar,16,15,4/8/2023,8121
Wind,4,3,6/5/2024,2600
Wind,9,8,3/26/2025,4117
Wind,8,7,8/27/2024,4362
Wind,6,5,3/22/2020,8012
Wind,23,22,4/26/2022,5243
Wind,16,15,5/19/2023,10001
Wind,4,3,1/24/2022,2969
Wind,9,8,2/1/2022,7682
Wind,5,4,12/16/2024,7471
Solar,12,11,12/16/2023,5289
Wind,18,17,10/29/2023,13201
Wind,21,20,1/6/2022,6842
Wind,16,15,4/6/2022,13079
Wind,23,22,6/16/2023,1185
Wind,2,1,10/26/2021,3058
Solar,14,13,11/26/2025,6697
Wind,13,12,12/8/2022,2588
Wind,8,7,1/25/2021,5382
Wind,19,18,3/30/2020,11078
Wind,13,12,12/8/2023,5928
Wind,8,7,9/3/2022,1564
Wind,3,2,5/13/2024,2486
Wind,7,6,7/17/2024,1311
Solar,15,14,8/1/2021,6936
Wind,8,7,7/25/2024,1757
Solar,17,16,4/30/2021,2380
Solar,18,17,8/23/2025,7139
Wind,22,21,10/12/2021,3745
Wind,3,2,12/29/2020,6417
Wind,2,1,1/6/2023,7136
Solar,15,14,4/18/2025,7510
Solar,16,15,10/27/2021,5169
Wind,1,0,12/9/2023,8230
Wind,1,0,12/21/2024,11974
Wind,9,8,1/5/2025,17589
Wind,23,22,10/6/2021,2961
Solar,14,13,1/16/2024,3645
Wind,1,0,9/21/2022,2874
Wind,6,5,11/8/2024,2488
Wind,10,9,1/29/2021,14288
Wind,2,1,8/7/2021,2984
Wind,21,20,7/23/2024,4481
Wind,7,6,6/27/2025,2148
Wind,7,6,10/9/2020,2199
Solar,14,13,8/15/2020,3858
Wind,20,19,10/13/2024,846
Wind,1,0,11/18/2021,1595
Wind,8,7,4/29/2021,2584
Wind,20,19,9/24/2024,4603
Wind,16,15,10/13/2020,6503
Wind,3,2,9/7/2025,6502
Wind,2,1,3/28/2024,14376
Wind,21,20,7/7/2020,2114
Wind,18,17,5/22/2020,6372
Wind,11,10,1/26/2023,5197
Solar,14,13,4/25/2020,4085
Solar,11,10,7/14/2024,2634
Wind,15,14,12/11/2024,6865
Wind,19,18,10/20/2023,7162
Wind,8,7,7/31/2022,1873
Wind,23,22,11/19/2020,4071
Wind,14,13,5/13/2023,9897
Wind,18,17,1/29/2024,5859
Wind,15,14,4/19/2024,18551
Wind,17,16,6/9/2020,5018
Wind,22,21,3/30/2025,6026
Wind,1,0,7/4/2020,2880
Solar,13,12,4/21/2023,7908
Wind,10,9,3/11/2025,5850
Wind,22,21,9/1/2021,7034
Wind,6,5,8/18/2025,5172
Wind,12,11,1/16/2022,5504
Wind,23,22,4/8/2020,690
Wind,9,8,3/20/2024,4474
Wind,9,8,9/2/2021,6040
Wind,6,5,6/6/2025,8130
Solar,16,15,4/5/2025,6317
Wind,6,5,7/18/2021,4909
Wind,9,8,5/30/2020,3028
Wind,3,2,1/15/2023,9467
Wind,23,22,9/8/2022,5397
Wind,21,20,10/22/2025,10734
Wind,15,14,12/28/2021,15685
Wind,23,22,9/29/2024,10984
Solar,14,13,6/14/2020,5704
Wind,11,10,12/23/2021,9426
Wind,0,23,3/18/2024,933
Wind,16,15,8/24/2023,13574
Wind,10,9,10/29/2021,12500
Solar,18,17,6/16/2025,8507
Wind,15,14,10/7/2024,6327
Wind,3,2,8/25/2021,6018
Wind,7,6,3/3/2023,4375
Wind,23,22,7/22/2024,3692
Wind,20,19,8/12/2025,3451
Wind,2,1,4/18/2023,7360
Wind,5,4,3/25/2024,1955
Solar,15,14,1/17/2022,3473
Wind,1,0,5/5/2024,3218
Wind,22,21,4/8/2023,3198
Solar,17,16,8/1/2022,6020
Wind,11,10,3/5/2024,9324
Wind,8,7,6/2/2025,2418
Wind,8,7,11/4/2024,2712
Wind,5,4,8/11/2025,5798
Wind,19,18,12/25/2023,12549
Wind,0,23,4/13/2022,1056
Solar,13,12,10/13/2024,5958
Wind,20,19,7/30/2023,8854
Wind,6,5,9/14/2020,2506
Wind,0,23,11/14/2023,12183
Wind,1,0,8/25/2024,8078
Wind,8,7,9/29/2025,1685
Wind,23,22,4/23/2024,4207
Wind,7,6,11/14/2022,3756
Wind,6,5,6/21/2025,3209
Wind,23,22,1/2/2024,17304
Wind,15,14,4/29/2020,11037
Wind,2,1,1/4/2021,1985
Wind,23,22,10/26/2025,14963
Solar,9,8,6/23/2024,3443
Wind,4,3,12/4/2022,3339
Wind,6,5,1/20/2022,3390
Wind,23,22,6/21/2020,3262
Wind,4,3,4/7/2024,9110
Wind,7,6,5/21/2024,1742
Wind,23,22,3/8/2023,14517
Solar,16,15,8/26/2021,8587
Wind,2,1,10/16/2025,4833
Wind,16,15,11/6/2020,5205
Wind,19,18,10/20/2022,5532
Wind,17,16,2/22/2025,8303
Wind,20,19,11/8/2021,1830
Wind,16,15,4/16/2024,10661
Wind,21,20,4/7/2022,13977
Wind,19,18,11/7/2023,8342
Wind,0,23,5/16/2020,4229
Wind,18,17,12/8/2021,4609
Wind,9,8,4/27/2022,5412
Wind,0,23,1/31/2025,3781
Wind,16,15,12/26/2022,8297
Wind,21,20,5/15/2023,8937
Wind,15,14,2/22/2022,14800
Wind,9,8,6/3/2023,4876
Wind,20,19,3/3/2021,854
Wind,22,21,6/18/2020,1799
Solar,17,16,9/28/2024,7308
Wind,14,13,6/13/2020,5636
Wind,8,7,12/26/2024,2631
Wind,0,23,7/28/2020,2945
Wind,21,20,9/12/2020,1281
Wind,5,4,12/1/2023,1917
Wind,6,5,2/5/2021,1882
Wind,22,21,5/25/2024,1504
Wind,1,0,2/8/2023,4023
